listing_id,title,make,model,model_year,price_usd,condition,registration,location,province,body_type,fuel_type,observed_at,source_url,cylinders,displacement_l,fuel_economy,seats,spec_confidence,spec_note,spec_source_name,spec_source_url,transmission,image_url
13333736,2016 C-COUPÉ AMG PACKAGE FULL OPTION,Mercedes-Benz,C-Class Coupe,2016,35500,Used,Tax Paper,"Tuol Kouk, Phnom Penh",Phnom Penh,Coupe,Gasoline,2026-07-26,https://www.khmer24.com/km/2016-c-coup-amg-package-full-option-adid-13333736,4 or 6 or 8,2 L or 3 L or 4 L,20–30 mpg combined (EPA),4,Exact year/make/model EPA range,"EPA values cover matching U.S.-market configurations. The imported Cambodian trim may use a different engine, transmission, battery, or test cycle.",U.S. DOE/EPA FuelEconomy.gov,https://www.fueleconomy.gov/feg/Find.do?action=sbs&id=36659&id=36737&id=36738,Automatic 7-spd,https://images.khmer24.co/26-03-25/2016-c-coup-amg-package-full-option-1135023177441669977353776-b.jpg
13795748,Range Rover Evoque 2016,Land Rover,Range Rover Evoque,2016,18000,Used,Plate Number,"Takhmao, Kandal",Kandal,SUV,Not reported,2026-07-26,https://www.khmer24.com/km/range-rover-evoque-2016-adid-13795748,4,2.0 L,24 mpg combined,5,Exact model-year reference,Reference is a U.S.-market configuration; verify the imported vehicle.,U.S. DOE/EPA FuelEconomy.gov,https://www.fueleconomy.gov/feg/Find.do?action=sbs&id=36512,9-speed automatic,https://images.khmer24.co/26-07-21/range-rover-evoque-2016-159617178463601574768023-b.jpg
13715137,2026 GN6.PRO company car with 8000 km,GAC,GN6 Pro,2026,25000,Used,Plate Number,"Sen Sok, Phnom Penh",Phnom Penh,MPV,Not reported,2026-07-26,https://www.khmer24.com/km/2026-gn6pro-8000km-adid-13715137,4,1.5 L turbo,7.5 L/100 km,7,Model-family reference,GN6/M6 specification; the listing does not identify the exact trim.,GAC M6 model-family specification,https://www.gacgroup.com/en/mpv/gac-m6,7-speed dual-clutch,https://images.khmer24.co/26-07-01/gn6-pro-8000km--91565178287214431135919-b.jpg
13796045,Prius 2012 Option 2 negotiable,Toyota,Prius,2012,17100,Used,Tax Paper,"Sen Sok, Phnom Penh",Phnom Penh,Hatchback,Hybrid,2026-07-26,https://www.khmer24.com/km/prius-012-option-2-adid-13796045,4,1.8 L,48 mpg combined,5,Exact model-year reference,Reference is a U.S.-market Prius configuration.,U.S. DOE/EPA FuelEconomy.gov,https://www.fueleconomy.gov/feg/Find.do?action=sbs&id=31767,e-CVT,https://images.khmer24.co/26-07-21/prius-012-option-2-661642178464444287174091-b.jpg
13589502,Scion 2004 negotiable,Scion,xB,2004,5400,Used,Plate Number,"Ponhea Kraek, Tboung Khmum",Tboung Khmum,Hatchback,Gasoline,2026-07-26,https://www.khmer24.com/km/scion04-5400-adid-13589502,4,1.5 L,28–29 mpg combined,5,Model-year range,The listing does not identify which transmission is installed.,U.S. DOE/EPA FuelEconomy.gov,https://www.fueleconomy.gov/feg/Find.do?action=sbs&id=19901&id=19902,4-speed automatic or 5-speed manual,https://images.khmer24.co/26-05-31/scion04-5400--643870178020890733445138-b.jpg
13763152,Avatr 12 Royal Edition 2026,Avatr,12 Royal Edition,2026,69500,New,Tax Paper,"Tuol Kouk, Phnom Penh",Phnom Penh,Sedan,Electricity,2026-07-26,https://www.khmer24.com/km/avatr-12-royal-edition-2026-adid-13763152,N/A (electric),N/A (electric),670 km CLTC range; energy use not reported,4,Exact Royal Edition reference,EV range is shown instead of gasoline fuel economy and may vary in real use.,AVATR official configuration,https://www.avatr.com/en/configuration?car=12,Single-speed electric drive,https://images.khmer24.co/26-07-13/avatr-12-royal-edition-2026-98066178391554476895791-b.jpg
13803753,Kia Morning 2008 full option,Kia,Morning,2008,5350,Used,Plate Number,"Por Sen Chey, Phnom Penh",Phnom Penh,Hatchback,Gasoline,2026-07-26,https://www.khmer24.com/km/morning08full-adid-13803753,4,1.0 L,52.3–64.2 UK mpg combined (official Picanto family configurations),5,Official manufacturer model-family range,Kia Morning is sold as Picanto in other markets. Figures are a model-family range; confirm the Cambodian import's engine.,Kia Picanto official specification,https://www.kia.com/content/dam/kwcms/kme/uk/en/assets/vehicles/All-New%20Picanto/Specifications/all-new-picanto-specification.PDF,4-speed automatic or 5-speed manual,https://images.khmer24.co/26-07-23/morning08full--1270072178481852512041947-b.jpg
13567301,Toyota Prius Plug-in 2012,Toyota,Prius Plug-in,2012,14700,Used,Tax Paper,"Mean Chey, Phnom Penh",Phnom Penh,Hatchback,Plug-in Hybrid,2026-07-26,https://www.khmer24.com/km/08082026plgin-012-adid-13567301,4,1.8 L,95 MPGe combined; 50 mpg in hybrid mode,5,Exact model-year reference,Plug-in efficiency depends on charging and driving mode.,Toyota and U.S. DOE/EPA reference,https://www.fueleconomy.gov/feg/Find.do?action=sbs&id=32484,e-CVT,https://images.khmer24.co/26-07-24/-plgin-advance-014--49835178483092797475900-b.jpg
13290207,Lexus LS460L 2007,Lexus,LS 460L,2007,19999,Used,Plate Number,"Mean Chey, Phnom Penh",Phnom Penh,Sedan,Gasoline,2026-07-26,https://www.khmer24.com/km/ls460l-2007-adid-13290207,8,4.6 L,19 mpg combined,5,Exact model-year reference,Reference is a U.S.-market LS 460 L configuration.,U.S. DOE/EPA FuelEconomy.gov,https://www.fueleconomy.gov/feg/Find.do?action=sbs&id=23584,8-speed automatic,https://images.khmer24.co/26-03-14/lexus-ls460l-2007--131729177350232816844129-b.jpg
13803862,Toyota Tacoma 2001 V6,Toyota,Tacoma,2001,9500,Used,Plate Number,"Russey Keo, Phnom Penh",Phnom Penh,Pickup,Gasoline,2026-07-26,https://www.khmer24.com/km/tacoma-01-v6-2-adid-13803862,6,3.4 L,16–18 mpg combined,2–5 depending on cab,Model-year range,"The title identifies a V6 but not drive system, cab, or transmission.",U.S. DOE/EPA FuelEconomy.gov,https://www.fueleconomy.gov/feg/Find.do?action=sbs&id=16992&id=17042,4-speed automatic or 5-speed manual,https://images.khmer24.co/26-07-23/tacoma-01-v6-2--199223178482289835068188-b.jpg
13697560,Toyota Alphard Executive Lounge 2018,Toyota,Alphard,2018,54000,Used,Plate Number,"Tuol Kouk, Phnom Penh",Phnom Penh,MPV,Gasoline,2026-07-26,https://www.khmer24.com/km/alphard-executives-lounge-2018-adid-13697560,6,3.5 L,9.5–19.4 km/L (official Japanese test cycles; powertrain dependent),7,Official manufacturer model-family range,Official Alphard family figures span gasoline and hybrid grades. Confirm the imported vehicle's grade and test cycle.,Toyota Global Newsroom,https://global.toyota/en/newsroom/toyota/23310520.html,8-speed automatic,https://images.khmer24.co/26-06-26/alphard-executives-lounge-2018-98066178245703229471885-b.jpg
13807663,Lexus RX300 2001,Lexus,RX 300,2001,11500,Used,Plate Number,"Por Sen Chey, Phnom Penh",Phnom Penh,SUV,Gasoline,2026-07-26,https://www.khmer24.com/km/lexus-rx300-2001-adid-13807663,6,3.0 L,18 mpg combined,5,Exact model-year range,Fuel economy varies slightly between front-wheel and all-wheel drive.,U.S. DOE/EPA FuelEconomy.gov,https://www.fueleconomy.gov/feg/Find.do?action=sbs&id=16904&id=16905,4-speed automatic,https://images.khmer24.co/26-07-24/-lexus-rx300-2001-2-11500-0966074444-416714178490603422578999-b.jpg
13790669,MG RX5 2020,MG,RX5,2020,19000,Used,Plate Number,"Tuol Kouk, Phnom Penh",Phnom Penh,SUV,Gasoline,2026-07-26,https://www.khmer24.com/km/mg-rx5-2020-adid-13790669,4,1.5 L turbo,Official figure unavailable: seller did not identify the exact engine/trim,5,Model-family reference,Current Cambodia brochure; verify that the 2020 vehicle uses the same powertrain.,MG Cambodia RX5 brochure,https://mgmotor.com.kh/wp-content/uploads/2024/07/RX5-Brochure-compressed.pdf,7-speed dual-clutch,https://images.khmer24.co/26-07-20/-mg-rx5-2020-195974178453544461841047-b.jpg
13799118,2018 Lexus NX300 F Sport,Lexus,NX 300 F Sport,2018,45000,Used,Plate Number,"Sen Sok, Phnom Penh",Phnom Penh,SUV,Gasoline,2026-07-26,https://www.khmer24.com/km/2018-lexus-nx300-f-sport-full-option-adid-13799118,4,2.0 L turbo,24 mpg combined,5,Exact model-year reference,Reference is the U.S.-market NX 300 AWD F Sport.,U.S. DOE/EPA FuelEconomy.gov,https://www.fueleconomy.gov/feg/Find.do?action=sbs&id=39588,6-speed automatic,https://images.khmer24.co/26-07-22/2018-lexus-nx300-f-sport-full-option-245403178470992151704445-b.jpg
13759750,Toyota Camry 1997 with gas system,Toyota,Camry,1997,5400,Used,Plate Number,"Mongkol Borei, Banteay Meanchey",Banteay Meanchey,Sedan,LPG or Gasoline,2026-07-26,https://www.khmer24.com/km/camry-1997-adid-13759750,4 or 6,2.2 L or 3.0 L,19–23 mpg combined on gasoline,5,Model-year range,The listing does not identify engine or transmission; LPG use changes consumption.,U.S. DOE/EPA FuelEconomy.gov,https://www.fueleconomy.gov/feg/Find.do?action=sbs&id=13605&id=13607,4-speed automatic or 5-speed manual,https://images.khmer24.co/26-07-12/-camry-1997--663166178382927458883622-b.jpg
13747561,Toyota Land Cruiser GR Sport V6 2022,Toyota,Land Cruiser GR Sport,2022,118000,Used,Plate Number,"Angk Snuol, Kandal",Kandal,SUV,Gasoline,2026-07-26,https://www.khmer24.com/km/land-gr-s-v6-2022-adid-13747561,6,3.5 L twin-turbo,Official figure unavailable: seller did not identify the exact engine/trim,7,Model-family reference,The title identifies a gasoline V6 GR Sport; verify the import-market configuration.,Toyota Land Cruiser 300 reference,https://global.toyota/en/newsroom/toyota/35584064.html,10-speed automatic,https://images.khmer24.co/26-07-09/land-gr-s-v6-2022--1271085178356890336095249-e.jpg
13690563,Lexus LX 2000,Lexus,LX,2000,8700,Used,Plate Number,"Mean Chey, Phnom Penh",Phnom Penh,SUV,Gasoline,2026-07-26,https://www.khmer24.com/km/lexus-lx-2000-adid-13690563,8,4.7 L,13 mpg combined,8,Exact model-year reference,The listing says Lexus LX; specification assumes the 2000 LX 470.,U.S. DOE/EPA and Lexus LX 470 reference,https://www.fueleconomy.gov/feg/Find.do?action=sbs&id=16366,4-speed automatic,https://images.khmer24.co/26-06-24/--702969178230356080256226-c.jpg
13628960,Jetour X95 2022,Jetour,X95,2022,28500,Used,Plate Number,"Chbar Ampov, Phnom Penh",Phnom Penh,SUV,Gasoline,2026-07-26,https://www.khmer24.com/km/jetour-x95-2022-adid-13628960,4,1.6 L turbo,8.1 L/100 km,7,Model-year reference,The listing does not identify trim; published X95 engines vary by market.,Jetour X95 technical reference,https://www.auto-data.net/en/jetour-x95-generation-10542,7-speed dual-clutch,https://images.khmer24.co/26-06-10/--499186178105354959773576-b.jpg
13352941,Ford Ranger Wildtrak 2022,Ford,Ranger Wildtrak,2022,42300,Used,Plate Number,"Chroy Changvar, Phnom Penh",Phnom Penh,Pickup,Diesel,2026-07-26,https://www.khmer24.com/km/ford-ranger-wildtrak-2022-42300-adid-13352941,4,2.0 L bi-turbo diesel,8.9–10.7 km/L in official regional diesel tests,5,Official manufacturer model-family range,"Ranger specifications vary by cab, engine, and market. Confirm that the listing is the double-cab version.",Ford Ranger official specifications,https://media.ford.com/content/dam/fordmedia/img/MiddleEast/2023/15May/Next%20Generation%20Ranger%20Spec%20Sheet%20x%20English%20%281%29.pdf,10-speed automatic,https://images.khmer24.co/26-03-30/ford-ranger-wildtrak-2022-42-300-545385177485971673178715-b.jpg
13218946,Ford F-150 Raptor 2021,Ford,F-150 Raptor,2021,99000,Used,Plate Number,"Tuol Kouk, Phnom Penh",Phnom Penh,Pickup,Gasoline,2026-07-26,https://www.khmer24.com/km/ford-f-150-raptor-2021-full-opinion-adid-13218946,6,3.5 L twin-turbo,15–16 mpg combined,5,Exact model-year range,Fuel economy varies with wheel and tire package.,U.S. DOE/EPA FuelEconomy.gov,https://www.fueleconomy.gov/feg/Find.do?action=sbs&id=44367&id=44368,10-speed automatic,https://images.khmer24.co/26-05-23/ford-f-150-raptor-2021-full-opinion--38770177952159121842353-b.jpg
13809070,Lexus UX 300e 2020 fully electric,Lexus,UX 300e,2020,28800,Used,Tax Paper,"Tuol Kouk, Phnom Penh",Phnom Penh,SUV,Electricity,2026-07-26,https://www.khmer24.com/km/lexus-ux-300e-2020-fully-electric-adid-13809070,N/A (electric),N/A (electric),16.8 kWh/100 km WLTP,5,Model-year reference,"Energy use and range depend on test cycle, battery condition, and driving.",Lexus UX 300e official reference,https://newsroom.lexus.eu/new-lexus-ux-300e/,Single-speed electric drive,https://images.khmer24.co/26-07-25/--1313686178495394862585516-b.jpg
13799606,Toyota Tacoma 2006 full option,Toyota,Tacoma,2006,13500,Used,Plate Number,"Russey Keo, Phnom Penh",Phnom Penh,Pickup,Gasoline,2026-07-26,https://www.khmer24.com/km/tacoma-06-2-full-option-adid-13799606,4 or 6,2.7 L or 4.0 L,16–21 mpg combined,2–5 depending on cab,Model-year range,"The listing does not identify engine, cab, drive system, or transmission.",U.S. DOE/EPA FuelEconomy.gov,https://www.fueleconomy.gov/feg/Find.do?action=sbs&id=22232&id=22234,4/5-speed automatic or 5/6-speed manual,https://images.khmer24.co/26-07-25/tacoma-06-2--199223178497066920680779-b.jpg
13793654,Toyota Prius 2012 Option 3,Toyota,Prius,2012,15600,Used,Plate Number,"Tuol Kouk, Phnom Penh",Phnom Penh,Hatchback,Hybrid,2026-07-26,https://www.khmer24.com/km/prius-2012-option-3-15600-adid-13793654,4,1.8 L,48 mpg combined,5,Exact model-year reference,Reference is a U.S.-market Prius configuration.,U.S. DOE/EPA FuelEconomy.gov,https://www.fueleconomy.gov/feg/Find.do?action=sbs&id=31767,e-CVT,https://images.khmer24.co/26-07-21/prius-012-option-3-15600--634049178460618617195656-b.jpg
13792349,Toyota Land Cruiser 2014 V6,Toyota,Land Cruiser,2014,38000,Used,Plate Number,"Boeung Keng Kang, Phnom Penh",Phnom Penh,SUV,Gasoline,2026-07-26,https://www.khmer24.com/km/toyota-land-cruiser-2014-v6-arab-adid-13792349,8,5.7 L,15 mpg combined (EPA),7–8,Exact year/make/model EPA range,"EPA values cover matching U.S.-market configurations. The imported Cambodian trim may use a different engine, transmission, battery, or test cycle.",U.S. DOE/EPA FuelEconomy.gov,https://www.fueleconomy.gov/feg/Find.do?action=sbs&id=34327,Automatic (S6),https://images.khmer24.co/26-07-21/toyota-land-cruiser-2014-v6-arab-777161178459551579048355-b.jpg
13787190,Ford Ranger Wildtrak 2022,Ford,Ranger Wildtrak,2022,33500,Used,Plate Number,"Mean Chey, Phnom Penh",Phnom Penh,Pickup,Diesel,2026-07-26,https://www.khmer24.com/km/ford-wiltrak-2022-adid-13787190,4,2.0 L bi-turbo diesel,8.9–10.7 km/L in official regional diesel tests,5,Official manufacturer model-family range,"Ranger specifications vary by cab, engine, and market. Confirm that the listing is the double-cab version.",Ford Ranger official specifications,https://media.ford.com/content/dam/fordmedia/img/MiddleEast/2023/15May/Next%20Generation%20Ranger%20Spec%20Sheet%20x%20English%20%281%29.pdf,10-speed automatic,https://www.khmer24.com/icon/share-default-image.jpg
13764966,Toyota Prius 2013 Option 3,Toyota,Prius,2013,17500,Used,Tax Paper,"Por Sen Chey, Phnom Penh",Phnom Penh,Hatchback,Hybrid,2026-07-26,https://www.khmer24.com/km/toyota-prius-2013-op3-adid-13764966,4,1.8 L,48 mpg combined,5,Exact model-year reference,Reference is a U.S.-market Prius configuration.,U.S. DOE/EPA FuelEconomy.gov,https://www.fueleconomy.gov/feg/Find.do?action=sbs&id=33324,e-CVT,https://images.khmer24.co/26-07-04/toyota-prius-2013-op3--122141178316239375961692-e.jpg
13763369,Range Rover Sport HSE 2011,Land Rover,Range Rover Sport HSE,2011,12000,Used,Plate Number,"Sen Sok, Phnom Penh",Phnom Penh,SUV,Gasoline,2026-07-26,https://www.khmer24.com/km/rr-sport-2011-hse-adid-13763369,8,5.0 L,14–15 mpg combined,5,Exact model-year range,Fuel economy depends on the naturally aspirated or supercharged HSE configuration.,U.S. DOE/EPA FuelEconomy.gov,https://www.fueleconomy.gov/feg/Find.do?action=sbs&id=30789&id=30790,6-speed automatic,https://images.khmer24.co/26-07-13/rr-sport-2011-hse-324113178391844486726671-c.jpg
13759399,Toyota Land Cruiser 2009,Toyota,Land Cruiser,2009,34500,Used,Plate Number,"Russey Keo, Phnom Penh",Phnom Penh,SUV,Gasoline,2026-07-26,https://www.khmer24.com/km/land-cruiser-2009-adid-13759399,8,5.7 L,15 mpg combined,8,Exact model-year reference,Reference is a U.S.-market Land Cruiser Wagon 4WD.,U.S. DOE/EPA FuelEconomy.gov,https://www.fueleconomy.gov/feg/Find.do?action=sbs&id=26212,6-speed automatic,https://images.khmer24.co/26-07-12/--122365178382454179226487-b.jpg
13269350,Range Rover Sport V6 2018,Land Rover,Range Rover Sport,2018,49800,Used,Plate Number,"Chbar Ampov, Phnom Penh",Phnom Penh,SUV,Gasoline,2026-07-26,https://www.khmer24.com/km/2018-range-rover-sport-v6-full-option-adid-13269350,6,3.0 L supercharged,19 mpg combined,5,Exact model-year reference,The listing identifies a gasoline V6; reference is the U.S.-market configuration.,U.S. DOE/EPA FuelEconomy.gov,https://www.fueleconomy.gov/feg/Find.do?action=sbs&id=39808,8-speed automatic,https://images.khmer24.co/26-03-09/2018-range-rover-sport-v6-full-option-409218177306325525603150-b.jpg
13811777,Jeep Wrangler Rubicon 2020,Jeep,Wrangler Rubicon,2020,51500,Used,Tax Paper,"Mean Chey, Phnom Penh",Phnom Penh,SUV,Gasoline,2026-07-26,https://www.khmer24.com/km/jeep-wrangler-rubicon-2020-50000km-adid-13811777,4 or 6,2.0 L turbo or 3.6 L,19–23 mpg combined,4–5,Model-year range,"Rubicon body, engine, and transmission are not identified by the listing.",U.S. DOE/EPA FuelEconomy.gov,https://www.fueleconomy.gov/feg/Find.do?action=sbs&id=41677&id=41763,6-speed manual or 8-speed automatic,https://images.khmer24.co/26-07-26/jeep-wrangler-rubicon-2020-50-000km-131729178503383183703086-b.jpg
13273721,Kia Morning 2006 full option,Kia,Morning,2006,5400,Used,Plate Number,"Russey Keo, Phnom Penh",Phnom Penh,Hatchback,Gasoline,2026-07-26,https://www.khmer24.com/km/kiamoning-06-full-option-adid-13273721,4,1.0 L or 1.1 L,52.3–64.2 UK mpg combined (official Picanto family configurations),5,Official manufacturer model-family range,Kia Morning is sold as Picanto in other markets. Figures are a model-family range; confirm the Cambodian import's engine.,Kia Picanto official specification,https://www.kia.com/content/dam/kwcms/kme/uk/en/assets/vehicles/All-New%20Picanto/Specifications/all-new-picanto-specification.PDF,4-speed automatic or 5-speed manual,https://images.khmer24.co/26-03-10/kiamoning-06-full-option-615675177315323437934248-b.jpg
13747303,Toyota Highlander 2002 V6,Toyota,Highlander,2002,14800,Used,Plate Number,"Tuol Kouk, Phnom Penh",Phnom Penh,SUV,Gasoline,2026-07-26,https://www.khmer24.com/km/highlander-02-p-1-v-6-adid-13747303,6,3.0 L,18 mpg combined,7,Exact model-year range,The title identifies a V6; drive system is not reported.,U.S. DOE/EPA FuelEconomy.gov,https://www.fueleconomy.gov/feg/Find.do?action=sbs&id=18133&id=18247,4-speed automatic,https://images.khmer24.co/26-07-09/02-p-1-v-6-346856178356580820872713-b.jpg
13773197,Toyota Land Cruiser 2013 V6,Toyota,Land Cruiser,2013,42000,Used,Plate Number,"Russey Keo, Phnom Penh",Phnom Penh,SUV,Gasoline,2026-07-26,https://www.khmer24.com/km/landcruiser-2013-v6-adid-13773197,8,5.7 L,15 mpg combined (EPA),7–8,Exact year/make/model EPA range,"EPA values cover matching U.S.-market configurations. The imported Cambodian trim may use a different engine, transmission, battery, or test cycle.",U.S. DOE/EPA FuelEconomy.gov,https://www.fueleconomy.gov/feg/Find.do?action=sbs&id=32227,Automatic (S6),https://images.khmer24.co/26-07-15/landcruiser-2013-v6--797639178411051315457883-b.jpg
13509854,Ford Ranger Wildtrak 2023,Ford,Ranger Wildtrak,2023,45000,Used,Plate Number,"Tuol Kouk, Phnom Penh",Phnom Penh,Pickup,Diesel,2026-07-26,https://www.khmer24.com/km/ford-wildtrak-023-adid-13509854,4,2.0 L bi-turbo diesel,8.9–10.7 km/L in official regional diesel tests,5,Official manufacturer model-family range,"Ranger specifications vary by cab, engine, and market. Confirm that the listing is the double-cab version.",Ford Ranger official specifications,https://media.ford.com/content/dam/fordmedia/img/MiddleEast/2023/15May/Next%20Generation%20Ranger%20Spec%20Sheet%20x%20English%20%281%29.pdf,10-speed automatic,https://images.khmer24.co/26-05-12/ford-wildtrak-023--175953177859295415571568-c.jpg
13497409,Toyota Alphard Executive Lounge 2018,Toyota,Alphard,2018,53900,Used,Plate Number,"Chamkar Mon, Phnom Penh",Phnom Penh,MPV,Gasoline,2026-07-26,https://www.khmer24.com/km/alphard-018-v6-executive-lounge-adid-13497409,6,3.5 L,9.5–19.4 km/L (official Japanese test cycles; powertrain dependent),7,Official manufacturer model-family range,Official Alphard family figures span gasoline and hybrid grades. Confirm the imported vehicle's grade and test cycle.,Toyota Global Newsroom,https://global.toyota/en/newsroom/toyota/23310520.html,8-speed automatic,https://images.khmer24.co/26-07-20/alphard-018-v6-executive-lounge--35156178454517225140412-b.jpg
13346191,Toyota Prado Diesel VXL,Toyota,Land Cruiser Prado,,29300,Used,Plate Number,"Mean Chey, Phnom Penh",Phnom Penh,SUV,Diesel,2026-07-26,https://www.khmer24.com/km/toyota-prado-diesel-vxl-for-sale-adid-13346191,4,2.8 L turbo diesel,Official figure unavailable: seller did not identify the exact engine/trim,7,Model-family reference,The listing does not report a model year; specifications are a modern VXL reference only.,Toyota Land Cruiser Prado model-family reference,https://global.toyota/en/newsroom/toyota/39526684.html,6-speed automatic,https://images.khmer24.co/26-03-28/toyota-prado-diesel-vxl-for-sale-104065177468446285711799-b.jpg
13723926,Toyota Camry LE 2002,Toyota,Camry LE,2002,5350,Used,Plate Number,"Sen Sok, Phnom Penh",Phnom Penh,Sedan,Gasoline,2026-07-26,https://www.khmer24.com/km/toyota-camry-le-2002-adid-13723926,4 or 6,2.4 L or 3.0 L,21–24 mpg combined,5,Model-year range,Camry LE was available with multiple engines; the listing does not identify one.,U.S. DOE/EPA FuelEconomy.gov,https://www.fueleconomy.gov/feg/Find.do?action=sbs&id=17759&id=17761,4-speed automatic,https://images.khmer24.co/26-07-03/camery-le-2002-1302890178305110924792741-b.jpg
13769348,Kia Ray 2015,Kia,Ray,2015,8850,Used,Tax Paper,"Sen Sok, Phnom Penh",Phnom Penh,Hatchback,Gasoline,2026-07-26,https://www.khmer24.com/km/kia-ray-2015-adid-13769348,3,1.0 L,13.5 km/L combined,5,Model-family reference,Korean-market trim and test-cycle values may differ from the imported vehicle.,Kia Ray model-family reference,https://www.kia.com/kr/vehicles/ray/features,4-speed automatic,https://images.khmer24.co/26-07-14/kia-ray-2015--1291319178402350745146366-b.jpg
13534823,Deepal S05,Deepal,S05,,26500,Used,Plate Number,"Dangkor, Phnom Penh",Phnom Penh,SUV,Electricity,2026-07-28,https://www.khmer24.com/km/deepal-s05-adid-13534823,N/A (electric),N/A (electric),Range unavailable: seller did not identify the exact battery/model version,5,Model-family reference,The listing does not identify the battery or exact S05 powertrain; verify the imported trim and driving range.,Khmer24 listing and model-family EV reference,https://www.khmer24.com/km/deepal-s05-adid-13534823,Single-speed electric drive,https://images.khmer24.co/26-05-18/deepal-s05-566269177909451570218033-b.jpg
13753452,MG Marvel R,MG,Marvel R,,23000,Used,Plate Number,"Battambang, Battambang",Battambang,SUV,Electricity,2026-07-28,https://www.khmer24.com/km/mg-marvel-r-adid-13753452,N/A (electric),N/A (electric),Range unavailable: seller did not identify the exact battery/model version,5,Model-family reference,The listing does not identify the model year or battery configuration; verify the exact imported trim.,Khmer24 listing and model-family EV reference,https://www.khmer24.com/km/mg-marvel-r-adid-13753452,Single-speed electric drive,https://images.khmer24.co/26-07-10/mg-marvel-r-1040445178367425027250103-b.jpg
13772425,Deepal S05 Ultra 2026,Deepal,S05 Ultra,2026,25800,New,Tax Paper,"Sen Sok, Phnom Penh",Phnom Penh,SUV,Electricity,2026-07-28,https://www.khmer24.com/km/deepal-so5-2026-full-option-ultra-adid-13772425,N/A (electric),N/A (electric),Range unavailable: seller did not identify the exact battery/model version,5,Model-family reference,The seller identifies an S05 Ultra but does not state its battery or certified range.,Khmer24 listing and model-family EV reference,https://www.khmer24.com/km/deepal-so5-2026-full-option-ultra-adid-13772425,Single-speed electric drive,https://images.khmer24.co/26-07-15/-ud83d-udc49deepal-so5-2026-full-option-ultra-1228123178410099098427017-b.jpg
13661008,Toyota bZ3X 2025 520 km,Toyota,bZ3X,2025,32600,New,Tax Paper,"Chroy Changvar, Phnom Penh",Phnom Penh,SUV,Electricity,2026-07-28,https://www.khmer24.com/km/toyota-bz3x-025-520km-adid-13661008,N/A (electric),N/A (electric),Seller advertises 520 km range,5,Seller-advertised range,Range is a seller claim and its test cycle is not identified; verify the exact battery and trim.,Khmer24 listing,https://www.khmer24.com/km/toyota-bz3x-025-520km-adid-13661008,Single-speed electric drive,https://images.khmer24.co/26-06-30/toyota-bz3x-025-520km-1249350178278832936505533-b.jpg
13812115,Toyota bZ3X 2026 520 km,Toyota,bZ3X,2026,32800,New,Tax Paper,"Sen Sok, Phnom Penh",Phnom Penh,SUV,Electricity,2026-07-28,https://www.khmer24.com/km/toyota-bz3x-026-full-option-range-520km-adid-13812115,N/A (electric),N/A (electric),Seller advertises 520 km range,5,Seller-advertised range,Range is a seller claim and its test cycle is not identified; verify the exact battery and trim.,Khmer24 listing,https://www.khmer24.com/km/toyota-bz3x-026-full-option-range-520km-adid-13812115,Single-speed electric drive,https://images.khmer24.co/26-07-26/-ud83d-udda4toyota-bz3x-026-full-option-range-520km--1228123178503875171159764-b.jpg
13768999,Honda e:NP2 Advance 2025,Honda,e:NP2 Advance,2025,20900,New,Plate Number,"Dangkor, Phnom Penh",Phnom Penh,SUV,Electricity,2026-07-28,https://www.khmer24.com/km/4-2025-honda-enp2-advance-adid-13768999,N/A (electric),N/A (electric),Range unavailable: seller did not identify the exact battery/model version,5,Model-family reference,The seller reports about 4000 km of use but does not identify the battery or certified driving range.,Khmer24 listing and model-family EV reference,https://www.khmer24.com/km/4-2025-honda-enp2-advance-adid-13768999,Single-speed electric drive,https://images.khmer24.co/26-07-14/-4-2025-honda-enp2-advance-advance-1280029178401838667371900-b.jpg
13795381,GAC Aion i60 650 Advanced Edition,GAC,Aion i60 650,,25000,New,Tax Paper,"Sen Sok, Phnom Penh",Phnom Penh,SUV,Electricity,2026-07-28,https://www.khmer24.com/km/gac-aion-i60650-advanced-edition-adid-13795381,N/A (electric),N/A (electric),Seller advertises 650 km range,5,Seller-advertised range,Range is a seller claim and its test cycle is not identified; verify the exact Aion trim.,Khmer24 listing,https://www.khmer24.com/km/gac-aion-i60650-advanced-edition-adid-13795381,Single-speed electric drive,https://images.khmer24.co/26-07-21/gac-aion-i60-650-advanced-edition-1122826178462703785572765-b.jpg
13788156,Tesla Model 3 Dual Motor Performance,Tesla,Model 3 Performance,,21900,Used,Plate Number,"Dangkor, Phnom Penh",Phnom Penh,Sedan,Electricity,2026-07-28,https://www.khmer24.com/km/tesla-model-3-dual-motor-performance-2-awd-adid-13788156,N/A (electric),N/A (electric),Range unavailable: seller did not identify the exact battery/model version,5,Model-family reference,The listing does not identify a model year; battery capacity and certified range vary by year and market.,Tesla Model 3 model-family reference,https://www.tesla.com/model3,Single-speed electric drive,https://images.khmer24.co/26-05-29/tesla-model-3-dual-motor-performance-2-awd-1092710178003264583752826-b.jpg
13669621,MINI Cooper JCW Electric 2025,MINI,Cooper JCW Electric,2025,37500,Used,Plate Number,"Chroy Changvar, Phnom Penh",Phnom Penh,Hatchback,Electricity,2026-07-28,https://www.khmer24.com/km/mini-cooper-john-works-electric-2025-new-98-adid-13669621,N/A (electric),N/A (electric),Range unavailable: seller did not identify the exact battery/model version,4,Model-family reference,Verify the exact battery and market-specific driving range of the imported vehicle.,MINI JCW Electric model-family reference,https://www.mini.com/en_MS/home/range/mini-cooper/john-cooper-works.html,Single-speed electric drive,https://images.khmer24.co/26-06-19/mini-cooper-john-works-electric-2025-new-98--371744178187956224757119-b.jpg
13682685,BYD Seagull electric,BYD,Seagull,,12200,New,Tax Paper,"Sen Sok, Phnom Penh",Phnom Penh,Hatchback,Electricity,2026-07-28,https://www.khmer24.com/km/byd-seagull-12200-adid-13682685,N/A (electric),N/A (electric),300–380 km NEDC range (sold globally as DOLPHIN MINI),5,Official manufacturer model-family range,BYD Seagull is marketed as DOLPHIN MINI in several export markets.,BYD DOLPHIN MINI official specification,https://www.byd.com/content/dam/byd-site/america-public/flyer/BYD-DOLPHIN-MINI-flyer-ES-20231116.pdf,Single-speed electric drive,https://images.khmer24.co/26-06-23/-ud83d-udc49byd-seagull-14300--1228123178218447324076981-b.jpg
13791061,Honda e:NS2,Honda,e:NS2,,20000,Used,Plate Number,"Daun Penh, Phnom Penh",Phnom Penh,SUV,Electricity,2026-07-28,https://www.khmer24.com/km/honda-ens2-adid-13791061,N/A (electric),N/A (electric),Range unavailable: seller did not identify the exact battery/model version,5,Model-family reference,The listing does not identify the battery or trim; verify the imported e:NS2 configuration.,Khmer24 listing and model-family EV reference,https://www.khmer24.com/km/honda-ens2-adid-13791061,Single-speed electric drive,https://images.khmer24.co/26-07-20/ens2-1264791178454064976204804-b.jpg
13523769,Qiyuan A06 630 km Ultra,Qiyuan,A06 Ultra,,25900,New,Tax Paper,"Sen Sok, Phnom Penh",Phnom Penh,Sedan,Electricity,2026-07-28,https://www.khmer24.com/km/qiyuan-a06-630km-ultra-adid-13523769,N/A (electric),N/A (electric),Seller advertises 630 km range,5,Seller-advertised range,Range is a seller claim and its test cycle is not identified; verify battery and exact trim.,Khmer24 listing,https://www.khmer24.com/km/qiyuan-a06-630km-ultra-adid-13523769,Single-speed electric drive,https://images.khmer24.co/26-05-16/qiyuan-a06-630km-ultra-1157157177890000546176426-b.jpg
13744819,Dongfeng L7 EV 518 km,Dongfeng,L7 EV,,18900,New,Tax Paper,"Chroy Changvar, Phnom Penh",Phnom Penh,Sedan,Electricity,2026-07-28,https://www.khmer24.com/km/18900-l7-518dongfeng-l7-ev-518km-adid-13744819,N/A (electric),N/A (electric),Seller advertises 518 km range,5,Seller-advertised range,Range is a seller claim and its test cycle is not identified; verify battery and exact trim.,Khmer24 listing,https://www.khmer24.com/km/18900-l7-518dongfeng-l7-ev-518km-adid-13744819,Single-speed electric drive,https://images.khmer24.co/26-07-08/-18-900-ud83e-udd70-l7-518-dongfeng-l7-ev-518km-1308481178350021774767482-b.jpg
13564754,Avatr 11 Special Edition,Avatr,11 Special Edition,,47000,New,Tax Paper,"Russey Keo, Phnom Penh",Phnom Penh,SUV,Electricity,2026-07-28,https://www.khmer24.com/km/avatr-11-special-edition-adid-13564754,N/A (electric),N/A (electric),Range unavailable: seller did not identify the exact battery/model version,5,Model-family reference,The listing does not identify the battery or exact drivetrain; verify the imported Special Edition configuration.,Khmer24 listing and Avatr 11 model-family reference,https://www.khmer24.com/km/avatr-11-special-edition-adid-13564754,Single-speed electric drive,https://images.khmer24.co/26-05-25/avatr-11-special-edition-15488177969638988352674-b.jpg
13780979,Lexus NX200t F sport ប៉ុង2,Lexus,NX,2016,38000,Used,Not reported,"Saensokh, Phnom Penh",Phnom Penh,SUV,Gasoline,2026-07-28,https://www.khmer24.com/en/post-adid-13780979,4,2 L or 2.5 L,24–32 mpg combined (EPA),Usually 5–8; exact model/trim not identified,Exact year/make/model EPA range,"EPA values cover matching U.S.-market configurations. The imported Cambodian trim may use a different engine, transmission, battery, or test cycle.",U.S. DOE/EPA FuelEconomy.gov,https://www.fueleconomy.gov/feg/Find.do?action=sbs&id=37057&id=37058&id=37061,Automatic (AV-S6) or Automatic (S6),https://images.khmer24.co/26-07-17/lexus-nx200t-f-sport-2-1119984178428875155253830-b.jpg
13791703,ឡានលក់ Macerdes Benz C300 couper ឆ្នាំផលិត 2017 ម្ចាស់ដើមផ្ទាល់ Telegram 077 666140,Mercedes-Benz,C-Class,2017,29000,Used,Not reported,"Chrouy Changva, Phnom Penh",Phnom Penh,Coupe,Gasoline,2026-07-28,https://www.khmer24.com/en/post-adid-13791703,4 or 6 or 8,2 L or 3 L or 4 L,19–30 mpg combined (EPA),Usually 2–5; exact model/trim not identified,Exact year/make/model EPA range,"EPA values cover matching U.S.-market configurations. The imported Cambodian trim may use a different engine, transmission, battery, or test cycle.",U.S. DOE/EPA FuelEconomy.gov,https://www.fueleconomy.gov/feg/Find.do?action=sbs&id=37428&id=37461&id=37913,Automatic 7-spd or Automatic 9-spd,https://images.khmer24.co/26-07-20/-macerdes-benz-c300-couper-2017-telegram-077-666140-1311690178455553186501458-b.jpg
13466891,BMW 4 series Convertible 2015,BMW,4 Series,2015,22900,Used,Not reported,"Boeng Keng Kang, Phnom Penh",Phnom Penh,Convertible,Gasoline,2026-07-28,https://www.khmer24.com/en/post-adid-13466891,4 or 6,2 L or 3 L,23–27 mpg combined (EPA),Usually 2–4; exact model/trim not identified,Exact year/make/model EPA range,"EPA values cover matching U.S.-market configurations. The imported Cambodian trim may use a different engine, transmission, battery, or test cycle.",U.S. DOE/EPA FuelEconomy.gov,https://www.fueleconomy.gov/feg/Find.do?action=sbs&id=34851&id=34872&id=34893,Automatic (S8) or Manual 6-spd,https://images.khmer24.co/26-01-27/bmw-435i-convertible-2015-up-to-m4--521599176952062482326575-b.jpg
13495739,Porsche Cayenne S hybrid 2011,Porsche,Cayenne,2011,13500,Used,Not reported,"Kamboul, Phnom Penh",Phnom Penh,SUV,Hybrid,2026-07-28,https://www.khmer24.com/en/post-adid-13495739,6,3 L,21 mpg combined (EPA),Usually 5–8; exact model/trim not identified,Exact year/make/model EPA range,"EPA values cover matching U.S.-market configurations. The imported Cambodian trim may use a different engine, transmission, battery, or test cycle.",U.S. DOE/EPA FuelEconomy.gov,https://www.fueleconomy.gov/feg/Find.do?action=sbs&id=30964,Automatic 8-spd,https://images.khmer24.co/26-05-09/porsche-cayenne-s-hybrid-2011-1290739177829968956917829-b.jpg
13802569,BMW iX3 2023 Facelift Pioneer Edition,BMW,iX3,2023,47800,Used,Not reported,"Saensokh, Phnom Penh",Phnom Penh,Sedan,Electricity,2026-07-28,https://www.khmer24.com/en/post-adid-13802569,N/A (electric),N/A (electric),Range unavailable: seller did not identify the exact battery/model version,Usually 4–5; exact model/trim not identified,Seller did not identify exact configuration,"The marketplace listing lacks enough model, engine, battery, or trim detail for a responsible numeric claim. The card states the limitation instead of inventing data.",Khmer24 listing,https://www.khmer24.com/en/post-adid-13802569,Single-speed electric drive,https://images.khmer24.co/26-07-23/bmw-ix3-2023-facelift-pioneer-edition-1122826178479270048332302-b.jpg
13688622,Mercedes AMG GTS 2016,Mercedes-Benz,Mercedes AMG GTS,2016,119000,Used,Not reported,"Saensokh, Phnom Penh",Phnom Penh,Sports,Gasoline,2026-07-28,https://www.khmer24.com/en/post-adid-13688622,8,4 L,18 mpg combined (EPA),Usually 2–4; exact model/trim not identified,Exact year/make/model EPA range,"EPA values cover matching U.S.-market configurations. The imported Cambodian trim may use a different engine, transmission, battery, or test cycle.",U.S. DOE/EPA FuelEconomy.gov,https://www.fueleconomy.gov/feg/Find.do?action=sbs&id=36193,Automatic (AM7),https://images.khmer24.co/26-02-21/mercedes-amg-gts-2016-1231247177164346451563397-b.jpg
13756522,Toyota_Prius2007 ក្រហម នឹង ប្រផេះលក់,Toyota,Prius,2007,12825,Used,Not reported,"Mean Chey, Phnom Penh",Phnom Penh,Hatchback,Hybrid,2026-07-28,https://www.khmer24.com/en/post-adid-13756522,4,1.5 L,46 mpg combined (EPA),Usually 4–5; exact model/trim not identified,Exact year/make/model EPA range,"EPA values cover matching U.S.-market configurations. The imported Cambodian trim may use a different engine, transmission, battery, or test cycle.",U.S. DOE/EPA FuelEconomy.gov,https://www.fueleconomy.gov/feg/Find.do?action=sbs&id=23599,Automatic (variable gear ratios),https://images.khmer24.co/26-07-11/toyota-prius2007--1144778178374675084508100-b.jpg
13733961,LEXUS RX300ឆ្នាំ02លក់ធូរៗ,Lexus,RX,2002,9850,Used,Not reported,"Por Senchey, Phnom Penh",Phnom Penh,SUV,Gasoline,2026-07-28,https://www.khmer24.com/en/post-adid-13733961,6,3 L,18 mpg combined (EPA),Usually 5–8; exact model/trim not identified,Exact year/make/model EPA range,"EPA values cover matching U.S.-market configurations. The imported Cambodian trim may use a different engine, transmission, battery, or test cycle.",U.S. DOE/EPA FuelEconomy.gov,https://www.fueleconomy.gov/feg/Find.do?action=sbs&id=17842&id=17843,Automatic 4-spd,https://images.khmer24.co/26-07-06/lexus-rx300-02--801133178330333072783586-b.jpg
13701199,Honda H-Starex White 2023 ម្ចាស់ដើម,Honda,Starex,2023,38000,Used,Not reported,"Chbar Ampov, Phnom Penh",Phnom Penh,Sedan,Gasoline,2026-07-28,https://www.khmer24.com/en/post-adid-13701199,Varies by engine; exact trim not identified,Varies by engine; exact trim not identified,Official figure unavailable: seller did not identify the exact engine/trim,Usually 4–5; exact model/trim not identified,Seller did not identify exact configuration,"The marketplace listing lacks enough model, engine, battery, or trim detail for a responsible numeric claim. The card states the limitation instead of inventing data.",Khmer24 listing,https://www.khmer24.com/en/post-adid-13701199,Varies by trim; exact gearbox not identified,https://images.khmer24.co/26-06-27/honda-h-starex-white-2024--551019178253559731931817-b.jpg
13583824,"Ford Ranger Sport 3.0L​ 48,900$ ម៉ាស៊ីន6 មានស្តុកភ្លា​ម",Ford,Ranger,2026,48900,New,Not reported,"Chamkar Mon, Phnom Penh",Phnom Penh,Pickup,Gasoline,2026-07-28,https://www.khmer24.com/en/post-adid-13583824,4 or 6,2.3 L or 2.7 L or 3 L,17–23 mpg combined (EPA),5 for double-cab passenger configuration,Exact year/make/model EPA range,"EPA values cover matching U.S.-market configurations. The imported Cambodian trim may use a different engine, transmission, battery, or test cycle.",U.S. DOE/EPA FuelEconomy.gov,https://www.fueleconomy.gov/feg/Find.do?action=sbs&id=50095&id=50105&id=50106,Automatic (S10),https://images.khmer24.co/26-05-29/ford-ranger-sport-3-0l-48-900-6--295167178006638412605334-b.jpg
13573543,Kia Ray 2016 FullOption គីឡូហ្សុីន,Kia,Ray,2016,10500,Used,Not reported,"Mean Chey, Phnom Penh",Phnom Penh,Hatchback,Gasoline,2026-07-28,https://www.khmer24.com/en/post-adid-13573543,Varies by engine; exact trim not identified,Varies by engine; exact trim not identified,Official figure unavailable: seller did not identify the exact engine/trim,Usually 4–5; exact model/trim not identified,Seller did not identify exact configuration,"The marketplace listing lacks enough model, engine, battery, or trim detail for a responsible numeric claim. The card states the limitation instead of inventing data.",Khmer24 listing,https://www.khmer24.com/en/post-adid-13573543,Varies by trim; exact gearbox not identified,https://images.khmer24.co/26-05-27/kia-ray-2016-fulloption--1293104177986779566726760-b.jpg
13680054,Mazda eplipse 2018 full BT-50,Mazda,BT-50,2018,27999,Used,Not reported,"Tuol Kouk, Phnom Penh",Phnom Penh,Sedan,Gasoline,2026-07-28,https://www.khmer24.com/en/post-adid-13680054,4 or 5,"1.9 L, 2.2 L, 3.0 L, or 3.2 L diesel",6.3–9.2 L/100 km across official generation/powertrain references,2–5 depending on cab configuration,Official manufacturer model-family range,BT-50 figures span several generations and cab configurations. Confirm the listing's engine and cab before purchase.,Mazda BT-50 official specifications,https://www.mazda.com.au/mazda-news/mazda-bt-50-20-year-history/,6-speed manual/automatic or current 8-speed automatic,https://images.khmer24.co/26-06-22/mazda-eplipse-2018-full-bt-50-93058178211844488827807-b.jpg
13605676,Hyundai STARIA Lounge,Hyundai,Staria,2025,56400,New,Not reported,"Krong Siem Reab, Siem Reap",Siem Reap,MPV,Gasoline,2026-07-28,https://www.khmer24.com/en/post-adid-13605676,4 or 6,2.2 L diesel or 3.5 L gasoline,Official consumption varies by 2.2 diesel or 3.5 gasoline market trim,"3, 7, 10, or 11 depending on configuration",Official manufacturer model-family range,The seller must confirm whether the listing is a passenger or cargo version and identify its market specification.,Hyundai STARIA official brochure,https://www.hyundai.com/content/dam/hyundai/ph/en/data/marketing/brochure/product/staria-2021/staria-0702622.pdf,6-speed manual or 8-speed automatic,https://images.khmer24.co/26-06-04/hyundai-staria-lounge-1278569178054689755564095-b.jpg
13446995,"Nissan ZNA Z9 ឡានខ្លាញ់គោល 37,900$ចរចា😍💥",Nissan,Z9,2026,37800,New,Not reported,"Chrouy Changva, Phnom Penh",Phnom Penh,Sedan,Gasoline,2026-07-28,https://www.khmer24.com/en/post-adid-13446995,Varies by engine; exact trim not identified,Varies by engine; exact trim not identified,Official figure unavailable: seller did not identify the exact engine/trim,Usually 4–5; exact model/trim not identified,Seller did not identify exact configuration,"The marketplace listing lacks enough model, engine, battery, or trim detail for a responsible numeric claim. The card states the limitation instead of inventing data.",Khmer24 listing,https://www.khmer24.com/en/post-adid-13446995,Varies by trim; exact gearbox not identified,https://images.khmer24.co/26-04-27/nissan-zna-z9-37-900-ud83d-ude0d-ud83d-udca5-1115140177725566257462858-b.jpg
13615616,Selling my own SUV that I'm not using,Not identified,Selling my own SUV,2006,23000,Used,Not reported,"Saensokh, Phnom Penh",Phnom Penh,SUV,Gasoline,2026-07-28,https://www.khmer24.com/en/post-adid-13615616,Varies by engine; exact trim not identified,Varies by engine; exact trim not identified,Official figure unavailable: seller did not identify the exact engine/trim,Usually 5–8; exact model/trim not identified,Seller did not identify exact configuration,"The marketplace listing lacks enough model, engine, battery, or trim detail for a responsible numeric claim. The card states the limitation instead of inventing data.",Khmer24 listing,https://www.khmer24.com/en/post-adid-13615616,Varies by trim; exact gearbox not identified,https://images.khmer24.co/26-06-06/selling-my-own-suv-that-i-039-m-not-using-1028724178073978168051149-b.jpg
13639541,Chery-皮卡车Pickup truck,Not identified,Chery- Pickup truck,2026,36800,New,Not reported,"Chrouy Changva, Phnom Penh",Phnom Penh,Pickup,Gasoline,2026-07-28,https://www.khmer24.com/en/post-adid-13639541,Varies by engine; exact trim not identified,Varies by engine; exact trim not identified,Official figure unavailable: seller did not identify the exact engine/trim,Usually 2–5; exact cab configuration not identified,Seller did not identify exact configuration,"The marketplace listing lacks enough model, engine, battery, or trim detail for a responsible numeric claim. The card states the limitation instead of inventing data.",Khmer24 listing,https://www.khmer24.com/en/post-adid-13639541,Varies by trim; exact gearbox not identified,https://images.khmer24.co/26-02-11/chery-pickup-truck-1266745177079020417520632-b.jpg
13756222,Highlander04 ប៉ុង1 ម៉ាសុីនកៅអី3ជួរ,Not identified,Highlander,2004,16000,Used,Not reported,"Krong Siem Reab, Siem Reap",Siem Reap,SUV,Gasoline,2026-07-28,https://www.khmer24.com/en/post-adid-13756222,Varies by engine; exact trim not identified,Varies by engine; exact trim not identified,Official figure unavailable: seller did not identify the exact engine/trim,Usually 5–8; exact model/trim not identified,Seller did not identify exact configuration,"The marketplace listing lacks enough model, engine, battery, or trim detail for a responsible numeric claim. The card states the limitation instead of inventing data.",Khmer24 listing,https://www.khmer24.com/en/post-adid-13756222,Varies by trim; exact gearbox not identified,https://images.khmer24.co/26-07-11/highlander04-1-3--1277757178374481170819151-b.jpg
13207042,2013 Hybrid តំលៃធូ ផែនឡានGrade A ធានាឡានស្អាត,Not identified,Hybrid Grade,2013,25200,Used,Not reported,"Ruessei Kaev, Phnom Penh",Phnom Penh,Sedan,Hybrid,2026-07-28,https://www.khmer24.com/en/post-adid-13207042,Varies by engine; exact trim not identified,Varies by engine; exact trim not identified,Official figure unavailable: seller did not identify the exact engine/trim,Usually 4–5; exact model/trim not identified,Seller did not identify exact configuration,"The marketplace listing lacks enough model, engine, battery, or trim detail for a responsible numeric claim. The card states the limitation instead of inventing data.",Khmer24 listing,https://www.khmer24.com/en/post-adid-13207042,Varies by trim; exact gearbox not identified,https://images.khmer24.co/26-02-21/2013-hybrid-grade-a--504031177167887481496836-b.jpg
13678683,BYD E3 2022 401km Leading Edition | EV Sedan | Good Condition🚗⚡,BYD,e3,2022,12800,Used,Not reported,"Saensokh, Phnom Penh",Phnom Penh,Sedan,Electricity,2026-07-28,https://www.khmer24.com/en/post-adid-13678683,N/A (electric),N/A (electric),Seller advertises 401 km range,Usually 4–5; exact model/trim not identified,Seller did not identify exact configuration,"The marketplace listing lacks enough model, engine, battery, or trim detail for a responsible numeric claim. The card states the limitation instead of inventing data.",Khmer24 listing,https://www.khmer24.com/en/post-adid-13678683,Single-speed electric drive,https://images.khmer24.co/26-06-22/byd-e3-2022-401km-leading-edition-ev-sedan-good-condition-ud83d-ude97-u26a1-1288633178210288825154677-b.jpg
13729051,Mazda 2 Hatchback 2020ធានាម៉ាសុីនរអប់លេខរយះពេល1ខែប្ទឹកថ្នាំសុីនម៉ាជុំឯកសារម្ចាស់ដើម,Mazda,Mazda2,2020,17900,Used,Not reported,"Saensokh, Phnom Penh",Phnom Penh,Hatchback,Gasoline,2026-07-28,https://www.khmer24.com/en/post-adid-13729051,Varies by engine; exact trim not identified,Varies by engine; exact trim not identified,Official figure unavailable: seller did not identify the exact engine/trim,Usually 4–5; exact model/trim not identified,Seller did not identify exact configuration,"The marketplace listing lacks enough model, engine, battery, or trim detail for a responsible numeric claim. The card states the limitation instead of inventing data.",Khmer24 listing,https://www.khmer24.com/en/post-adid-13729051,Varies by trim; exact gearbox not identified,https://images.khmer24.co/26-07-04/mazda-2-hatchback-2020-1--403955178315429664330746-b.jpg
13587325,Model: Toyota Alphard MPV Minivan,Toyota,Alphard,2015,39999,Used,Not reported,"Tuol Kouk, Phnom Penh",Phnom Penh,MPV,Gasoline,2026-07-28,https://www.khmer24.com/en/post-adid-13587325,4 or 6,"2.4 L, 2.5 L, or 3.5 L",9.5–19.4 km/L (official Japanese test cycles; powertrain dependent),6–8 depending on grade,Official manufacturer model-family range,Official Alphard family figures span gasoline and hybrid grades. Confirm the imported vehicle's grade and test cycle.,Toyota Global Newsroom,https://global.toyota/en/newsroom/toyota/23310520.html,"Super CVT-i, e-CVT, or 6-speed automatic",https://images.khmer24.co/26-05-30/model-toyota-alphard-mpv-minivan-192176178014244926844890-b.jpg
13777483,BYD YUAN PLUS option Max,BYD,Atto 3,2024,18800,Used,Not reported,"Chrouy Changva, Phnom Penh",Phnom Penh,Sedan,Electricity,2026-07-28,https://www.khmer24.com/en/post-adid-13777483,N/A (electric),N/A (electric),345–420 km WLTP range,5,Official manufacturer model-family range,Range depends on battery version; verify the Cambodian vehicle's battery capacity.,BYD ATTO 3 official brochure,https://www.byd.com/content/dam/byd-site/au/product/atto3/new-added%282024%29/24_atto3/20240603_2024%20ATTO%203%20brochure.pdf,Single-speed electric drive,https://images.khmer24.co/26-07-16/byd-yuan-plus-option-max-1185858178421013781861802-b.jpg
13809866,Lexus Nx200t F-Sports 2017 5ប៊ូតុង​ គុជ​3 ប៉ុង2 ក្នុង​ឈឺរី🍒,Lexus,NX,2017,42900,Used,Not reported,"Prampir Meakkakra, Phnom Penh",Phnom Penh,SUV,Gasoline,2026-07-28,https://www.khmer24.com/en/post-adid-13809866,4,2 L or 2.5 L,24–31 mpg combined (EPA),Usually 5–8; exact model/trim not identified,Exact year/make/model EPA range,"EPA values cover matching U.S.-market configurations. The imported Cambodian trim may use a different engine, transmission, battery, or test cycle.",U.S. DOE/EPA FuelEconomy.gov,https://www.fueleconomy.gov/feg/Find.do?action=sbs&id=38280&id=38285&id=38286,Automatic (AV-S6) or Automatic (S6),https://images.khmer24.co/26-07-25/lexus-nx200t-f-sports-2017-5-3-2-ud83c-udf52-419007178496428228790288-b.jpg
13683098,BMW G87 Coupe 2024,BMW,Model not identified,2024,129500,Used,Not reported,"Por Senchey, Phnom Penh",Phnom Penh,Coupe,Gasoline,2026-07-28,https://www.khmer24.com/en/post-adid-13683098,Varies by engine; exact trim not identified,Varies by engine; exact trim not identified,Official figure unavailable: seller did not identify the exact engine/trim,Usually 2–5; exact model/trim not identified,Seller did not identify exact configuration,"The marketplace listing lacks enough model, engine, battery, or trim detail for a responsible numeric claim. The card states the limitation instead of inventing data.",Khmer24 listing,https://www.khmer24.com/en/post-adid-13683098,Varies by trim; exact gearbox not identified,https://images.khmer24.co/26-06-23/bmw-g87-coupe-2024-1193843178218785316275362-b.jpg
13770985,ឡានស្អាត មិនចង់ទុកចោល លក់ធូរហើយ convertible sport car BMW Z4 for,BMW,Z4,2014,26900,Used,Not reported,"Chamkar Mon, Phnom Penh",Phnom Penh,Convertible,Gasoline,2026-07-28,https://www.khmer24.com/en/post-adid-13770985,4 or 6,2 L or 3 L,19–26 mpg combined (EPA),Usually 2–4; exact model/trim not identified,Exact year/make/model EPA range,"EPA values cover matching U.S.-market configurations. The imported Cambodian trim may use a different engine, transmission, battery, or test cycle.",U.S. DOE/EPA FuelEconomy.gov,https://www.fueleconomy.gov/feg/Find.do?action=sbs&id=33479&id=33480&id=33481,Multiple EPA-listed transmissions,https://images.khmer24.co/26-07-15/-convertible-sport-car-bmw-z4-for-445315178408362233543166-b.jpg
13724770,Porsche Panamera 2.9 AWD 2023,Porsche,Panamera,2023,163000,Used,Not reported,"Por Senchey, Phnom Penh",Phnom Penh,Sedan,Gasoline,2026-07-28,https://www.khmer24.com/en/post-adid-13724770,6 or 8,2.9 L or 4 L,17–22 mpg combined (EPA),Usually 4–5; exact model/trim not identified,Exact year/make/model EPA range,"EPA values cover matching U.S.-market configurations. The imported Cambodian trim may use a different engine, transmission, battery, or test cycle.",U.S. DOE/EPA FuelEconomy.gov,https://www.fueleconomy.gov/feg/Find.do?action=sbs&id=45728&id=45729&id=45730,Automatic (AM-S8),https://images.khmer24.co/26-07-03/porsche-panamera-2-9-awd-2023-1041951178306078769653270-b.jpg
13692243,BMW X4 2015 ឡានម្ចាស់ផ្ទាល់ទិញពីក្រុមហ៊ុន,BMW,X4,2015,20500,Used,Not reported,"Chbar Ampov, Phnom Penh",Phnom Penh,Sedan,Gasoline,2026-07-28,https://www.khmer24.com/en/post-adid-13692243,4 or 6,2 L or 3 L,21–23 mpg combined (EPA),Usually 4–5; exact model/trim not identified,Exact year/make/model EPA range,"EPA values cover matching U.S.-market configurations. The imported Cambodian trim may use a different engine, transmission, battery, or test cycle.",U.S. DOE/EPA FuelEconomy.gov,https://www.fueleconomy.gov/feg/Find.do?action=sbs&id=35240&id=35241,Automatic (S8),https://images.khmer24.co/26-06-25/bmw-x4-2015--498313178235754629562336-b.jpg
13479322,Mercedes AMG GTS  Full Carbon 2016,Mercedes-Benz,Mercedes AMG GTS Carbon,2016,108000,Used,Not reported,"Tuol Kouk, Phnom Penh",Phnom Penh,Sports,Gasoline,2026-07-28,https://www.khmer24.com/en/post-adid-13479322,8,4 L,18 mpg combined (EPA),Usually 2–4; exact model/trim not identified,Exact year/make/model EPA range,"EPA values cover matching U.S.-market configurations. The imported Cambodian trim may use a different engine, transmission, battery, or test cycle.",U.S. DOE/EPA FuelEconomy.gov,https://www.fueleconomy.gov/feg/Find.do?action=sbs&id=36193,Automatic (AM7),https://images.khmer24.co/26-05-05/mercedes-amg-gts-full-carbon-2016-1282785177796204649201104-b.jpg
13497382,Toyota,Toyota,Model not identified,2007,13500,Used,Not reported,"Chamkar Mon, Phnom Penh",Phnom Penh,Sedan,Gasoline,2026-07-28,https://www.khmer24.com/en/post-adid-13497382,Varies by engine; exact trim not identified,Varies by engine; exact trim not identified,Official figure unavailable: seller did not identify the exact engine/trim,Usually 4–5; exact model/trim not identified,Seller did not identify exact configuration,"The marketplace listing lacks enough model, engine, battery, or trim detail for a responsible numeric claim. The card states the limitation instead of inventing data.",Khmer24 listing,https://www.khmer24.com/en/post-adid-13497382,Varies by trim; exact gearbox not identified,https://images.khmer24.co/26-05-09/toyota-737991177832308053840820-b.jpg
13556803,Lexus 300 ប៉ុង1 ឆ្នាំ 00 ម៉ាញ៉ែត MC 11900,Lexus,MC,2000,11900,Used,Not reported,"Sangkae, Battambang",Battambang,Sedan,Gasoline,2026-07-28,https://www.khmer24.com/en/post-adid-13556803,Varies by engine; exact trim not identified,Varies by engine; exact trim not identified,Official figure unavailable: seller did not identify the exact engine/trim,Usually 4–5; exact model/trim not identified,Seller did not identify exact configuration,"The marketplace listing lacks enough model, engine, battery, or trim detail for a responsible numeric claim. The card states the limitation instead of inventing data.",Khmer24 listing,https://www.khmer24.com/en/post-adid-13556803,Varies by trim; exact gearbox not identified,https://images.khmer24.co/26-05-23/lexus-300-1-00-mc-11900-701239177951765152706480-b.jpg
13559197,ដំណឹងលក់ឡានស្អាត Honda CR-V ឆ្នាំ03 បើកដំបូល​មាន(ABS),Honda,CR-V,2003,7700,Used,Not reported,"Por Senchey, Phnom Penh",Phnom Penh,SUV,Gasoline,2026-07-28,https://www.khmer24.com/en/post-adid-13559197,4,2.4 L,21–22 mpg combined (EPA),Usually 5–8; exact model/trim not identified,Exact year/make/model EPA range,"EPA values cover matching U.S.-market configurations. The imported Cambodian trim may use a different engine, transmission, battery, or test cycle.",U.S. DOE/EPA FuelEconomy.gov,https://www.fueleconomy.gov/feg/Find.do?action=sbs&id=19056&id=19171&id=19172,Automatic 4-spd or Manual 5-spd,https://images.khmer24.co/26-05-24/-honda-cr-v-03-abs--557534177959087339708389-b.jpg
13756063,Ford EcoSport 021,Ford,EcoSport,2021,16700,Used,Not reported,"Por Senchey, Phnom Penh",Phnom Penh,Sedan,Gasoline,2026-07-28,https://www.khmer24.com/en/post-adid-13756063,3 or 4,1 L or 2 L,25–28 mpg combined (EPA),Usually 4–5; exact model/trim not identified,Exact year/make/model EPA range,"EPA values cover matching U.S.-market configurations. The imported Cambodian trim may use a different engine, transmission, battery, or test cycle.",U.S. DOE/EPA FuelEconomy.gov,https://www.fueleconomy.gov/feg/Find.do?action=sbs&id=43157&id=43160,Automatic (S6),https://images.khmer24.co/26-07-11/ford-eco-spaort-021-full-zin-234730178374299025350715-b.jpg
13637347,"🔥 KIA CARNIVAL 2016 HIGH OPTION – $22,500 🔥",Kia,Carnival,2016,22500,Used,Not reported,"Saensokh, Phnom Penh",Phnom Penh,MPV,Gasoline,2026-07-28,https://www.khmer24.com/en/post-adid-13637347,4 or 6,2.2 L diesel or 3.5 L gasoline,7.5 L/100 km combined for an official regional diesel configuration,"7, 8, 9, or 11 depending on market",Official manufacturer model-family range,Carnival engines and seating layouts vary substantially by market and generation; confirm the listing's exact configuration.,Kia Carnival official specifications,https://www.kia.com/hk/en/showroom/carnival/specification.html,8-speed automatic (current family reference),https://images.khmer24.co/26-06-13/-ud83d-udd25-kia-carnival-2016-high-option-22-500-ud83d-udd25-1211093178132697011939742-b.jpg
13764129,Mazda 2020 3.2L,Mazda,Model not identified,2020,28800,Used,Not reported,"Saensokh, Phnom Penh",Phnom Penh,Sedan,Gasoline,2026-07-28,https://www.khmer24.com/en/post-adid-13764129,Varies by engine; exact trim not identified,Varies by engine; exact trim not identified,Official figure unavailable: seller did not identify the exact engine/trim,Usually 4–5; exact model/trim not identified,Seller did not identify exact configuration,"The marketplace listing lacks enough model, engine, battery, or trim detail for a responsible numeric claim. The card states the limitation instead of inventing data.",Khmer24 listing,https://www.khmer24.com/en/post-adid-13764129,Varies by trim; exact gearbox not identified,https://images.khmer24.co/26-07-13/mazda-2020-3-2l-570612178392761768336387-b.jpg
13543470,Hyundai Staria lounge,Hyundai,Staria,2025,56400,New,Not reported,"Doun Penh, Phnom Penh",Phnom Penh,MPV,Gasoline,2026-07-28,https://www.khmer24.com/en/post-adid-13543470,4 or 6,2.2 L diesel or 3.5 L gasoline,Official consumption varies by 2.2 diesel or 3.5 gasoline market trim,"3, 7, 10, or 11 depending on configuration",Official manufacturer model-family range,The seller must confirm whether the listing is a passenger or cargo version and identify its market specification.,Hyundai STARIA official brochure,https://www.hyundai.com/content/dam/hyundai/ph/en/data/marketing/brochure/product/staria-2021/staria-0702622.pdf,6-speed manual or 8-speed automatic,https://images.khmer24.co/26-05-20/hyundai-staria-lounge-914237177926017576981314-b.jpg
13785425,Nissan frontier 02 តម្លៃ 60ចរចា,Nissan,frontier,2002,6000,Used,Not reported,"Paoy Paet, Banteay Meanchey",Banteay Meanchey,Sedan,Gasoline,2026-07-28,https://www.khmer24.com/en/post-adid-13785425,4 or 6,2.4 L or 3.3 L,15–21 mpg combined (EPA),Usually 4–5; exact model/trim not identified,Exact year/make/model EPA range,"EPA values cover matching U.S.-market configurations. The imported Cambodian trim may use a different engine, transmission, battery, or test cycle.",U.S. DOE/EPA FuelEconomy.gov,https://www.fueleconomy.gov/feg/Find.do?action=sbs&id=17918&id=17919&id=17920,Automatic 4-spd or Manual 5-spd,https://images.khmer24.co/26-05-11/nissan-frontier-02-60--689165177847420964819437-b.jpg
13387850,Lexus NX200T SUV,Lexus,NX,2015,28800,Used,Not reported,"Chrouy Changva, Phnom Penh",Phnom Penh,SUV,Gasoline,2026-07-28,https://www.khmer24.com/en/post-adid-13387850,4,2 L or 2.5 L,24–32 mpg combined (EPA),Usually 5–8; exact model/trim not identified,Exact year/make/model EPA range,"EPA values cover matching U.S.-market configurations. The imported Cambodian trim may use a different engine, transmission, battery, or test cycle.",U.S. DOE/EPA FuelEconomy.gov,https://www.fueleconomy.gov/feg/Find.do?action=sbs&id=35785&id=35788&id=35912,Automatic (AV-S6) or Automatic (S6),https://images.khmer24.co/26-04-08/lexus-nx200t-suv-1152665177561959761593004-b.jpg
13731786,☺️ Nissan Pickup 1993 ឆ្វេងស៊ីន អូតូ ប៉ុង1 ម៉ាស៊ូត #តម្លៃ6000ដុល្លារ (ប្រភេទឡានស្អាត),Nissan,Model not identified,1993,6000,Used,Not reported,"Krong Battambang, Battambang",Battambang,Pickup,Gasoline,2026-07-28,https://www.khmer24.com/en/post-adid-13731786,Varies by engine; exact trim not identified,Varies by engine; exact trim not identified,Official figure unavailable: seller did not identify the exact engine/trim,Usually 2–5; exact cab configuration not identified,Seller did not identify exact configuration,"The marketplace listing lacks enough model, engine, battery, or trim detail for a responsible numeric claim. The card states the limitation instead of inventing data.",Khmer24 listing,https://www.khmer24.com/en/post-adid-13731786,Varies by trim; exact gearbox not identified,https://images.khmer24.co/26-07-05/-u263a-ufe0f-nissan-pickup-1993-1-6000--546948178323290960323767-b.jpg
13652885,ឡានខ្ញុំជិះផ្ទាល់,Not identified,Model not identified,2023,21500,Used,Not reported,"Dangkao, Phnom Penh",Phnom Penh,Sedan,Gasoline,2026-07-28,https://www.khmer24.com/en/post-adid-13652885,Varies by engine; exact trim not identified,Varies by engine; exact trim not identified,Official figure unavailable: seller did not identify the exact engine/trim,Usually 4–5; exact model/trim not identified,Seller did not identify exact configuration,"The marketplace listing lacks enough model, engine, battery, or trim detail for a responsible numeric claim. The card states the limitation instead of inventing data.",Khmer24 listing,https://www.khmer24.com/en/post-adid-13652885,Varies by trim; exact gearbox not identified,https://images.khmer24.co/26-06-15/--387053178153265657099650-b.jpg
13525255,ម្ចាស់លក់ប្រញ៉ាប់ 013 plugin hybrid,Not identified,plugin hybrid,2013,16800,Used,Not reported,"Dangkao, Phnom Penh",Phnom Penh,Sedan,Plug-in Hybrid,2026-07-28,https://www.khmer24.com/en/post-adid-13525255,Varies by engine; exact trim not identified,Varies by engine; exact trim not identified,Official figure unavailable: seller did not identify the exact engine/trim,Usually 4–5; exact model/trim not identified,Seller did not identify exact configuration,"The marketplace listing lacks enough model, engine, battery, or trim detail for a responsible numeric claim. The card states the limitation instead of inventing data.",Khmer24 listing,https://www.khmer24.com/en/post-adid-13525255,Varies by trim; exact gearbox not identified,https://images.khmer24.co/26-05-16/-013-plugin-hybrid-482945177891922651953801-b.jpg
13342873,2015 Mercedes-Maybach S400 Luxury Sedan,Mercedes-Benz,S-Class,2015,90000,Used,Not reported,"Tuol Kouk, Phnom Penh",Phnom Penh,Sedan,Gasoline,2026-07-28,https://www.khmer24.com/en/post-adid-13342873,6 or 8 or 12,3 L or 4.7 L or 5.5 L or 6 L,15–26 mpg combined (EPA),Usually 4–5; exact model/trim not identified,Exact year/make/model EPA range,"EPA values cover matching U.S.-market configurations. The imported Cambodian trim may use a different engine, transmission, battery, or test cycle.",U.S. DOE/EPA FuelEconomy.gov,https://www.fueleconomy.gov/feg/Find.do?action=sbs&id=34897&id=34898&id=34899,Automatic 7-spd,https://images.khmer24.co/26-03-27/2015-mercedes-maybach-s400-luxury-sedan-826670177459987978392737-b.jpg
13613257,Toyota Yaris Hatchback for sale,Toyota,Yaris Hatchback,2010,12000,Used,Not reported,"Krong Siem Reab, Siem Reap",Siem Reap,Hatchback,Gasoline,2026-07-28,https://www.khmer24.com/en/post-adid-13613257,4,1.5 L,31–32 mpg combined (EPA),Usually 4–5; exact model/trim not identified,Exact year/make/model EPA range,"EPA values cover matching U.S.-market configurations. The imported Cambodian trim may use a different engine, transmission, battery, or test cycle.",U.S. DOE/EPA FuelEconomy.gov,https://www.fueleconomy.gov/feg/Find.do?action=sbs&id=29629&id=29630,Automatic 4-spd or Manual 5-spd,https://images.khmer24.co/26-06-06/toyota-yaris-hatchback-for-sale-436268178070731257614388-b.jpg
13734601,Stargazer 2026 MPV 7កៅអី,Not identified,Stargazer MPV,2026,29900,New,Not reported,"Doun Penh, Phnom Penh",Phnom Penh,MPV,Gasoline,2026-07-28,https://www.khmer24.com/en/post-adid-13734601,Varies by engine; exact trim not identified,Varies by engine; exact trim not identified,Official figure unavailable: seller did not identify the exact engine/trim,Usually 5–11; exact seating layout not identified,Seller did not identify exact configuration,"The marketplace listing lacks enough model, engine, battery, or trim detail for a responsible numeric claim. The card states the limitation instead of inventing data.",Khmer24 listing,https://www.khmer24.com/en/post-adid-13734601,Varies by trim; exact gearbox not identified,https://images.khmer24.co/26-07-06/stargazer-2026-mpv-7--477448178330911662580248-b.jpg
13603328,BYD QIN L,BYD,Qin L,2024,21000,Used,Not reported,"Chamkar Mon, Phnom Penh",Phnom Penh,Sedan,Gasoline,2026-07-28,https://www.khmer24.com/en/post-adid-13603328,Varies by engine; exact trim not identified,Varies by engine; exact trim not identified,Official figure unavailable: seller did not identify the exact engine/trim,Usually 4–5; exact model/trim not identified,Seller did not identify exact configuration,"The marketplace listing lacks enough model, engine, battery, or trim detail for a responsible numeric claim. The card states the limitation instead of inventing data.",Khmer24 listing,https://www.khmer24.com/en/post-adid-13603328,Varies by trim; exact gearbox not identified,https://images.khmer24.co/26-06-03/byd-qin-l-472974178048547667251117-b.jpg
13701698,Lexus NX 200t F Sport 2015,Lexus,NX,2015,34000,Used,Not reported,"Dangkao, Phnom Penh",Phnom Penh,SUV,Gasoline,2026-07-28,https://www.khmer24.com/en/post-adid-13701698,4,2 L or 2.5 L,24–32 mpg combined (EPA),Usually 5–8; exact model/trim not identified,Exact year/make/model EPA range,"EPA values cover matching U.S.-market configurations. The imported Cambodian trim may use a different engine, transmission, battery, or test cycle.",U.S. DOE/EPA FuelEconomy.gov,https://www.fueleconomy.gov/feg/Find.do?action=sbs&id=35785&id=35788&id=35912,Automatic (AV-S6) or Automatic (S6),https://images.khmer24.co/26-06-27/lexus-nx-200t-f-sport-2015-1301329178254232412693410-b.jpg
13618515,Mercedes C coupe 2016 Up 2023,Mercedes-Benz,Mercedes coupe Up,2023,39000,Used,Not reported,"Tuol Kouk, Phnom Penh",Phnom Penh,Coupe,Gasoline,2026-07-28,https://www.khmer24.com/en/post-adid-13618515,Varies by engine; exact trim not identified,Varies by engine; exact trim not identified,Official figure unavailable: seller did not identify the exact engine/trim,Usually 2–5; exact model/trim not identified,Seller did not identify exact configuration,"The marketplace listing lacks enough model, engine, battery, or trim detail for a responsible numeric claim. The card states the limitation instead of inventing data.",Khmer24 listing,https://www.khmer24.com/en/post-adid-13618515,Varies by trim; exact gearbox not identified,https://images.khmer24.co/26-06-07/mercedes-c-coupe-2016-up-2023-679803178081723149643302-b.jpg
13798870,Mercedes-Benz C300 Convertible,Mercedes-Benz,C-Class,2017,48800,Used,Not reported,"Saensokh, Phnom Penh",Phnom Penh,Convertible,Gasoline,2026-07-28,https://www.khmer24.com/en/post-adid-13798870,4 or 6 or 8,2 L or 3 L or 4 L,19–30 mpg combined (EPA),Usually 2–4; exact model/trim not identified,Exact year/make/model EPA range,"EPA values cover matching U.S.-market configurations. The imported Cambodian trim may use a different engine, transmission, battery, or test cycle.",U.S. DOE/EPA FuelEconomy.gov,https://www.fueleconomy.gov/feg/Find.do?action=sbs&id=37428&id=37461&id=37913,Automatic 7-spd or Automatic 9-spd,https://images.khmer24.co/26-07-22/mercedes-benz-c300-convertible-1156332178470704033391037-b.jpg
13740886,Porsche GT3 RS 2016,Porsche,911 GT3 RS,2016,273000,Used,Not reported,"Por Senchey, Phnom Penh",Phnom Penh,Sports,Gasoline,2026-07-28,https://www.khmer24.com/en/post-adid-13740886,6,4 L,17 mpg combined (EPA),Usually 2–4; exact model/trim not identified,Exact year/make/model EPA range,"EPA values cover matching U.S.-market configurations. The imported Cambodian trim may use a different engine, transmission, battery, or test cycle.",U.S. DOE/EPA FuelEconomy.gov,https://www.fueleconomy.gov/feg/Find.do?action=sbs&id=36171,Automatic (AM-S7),https://images.khmer24.co/26-07-07/porsche-gt3-rs-2016-1041951178341689442398090-b.jpg
13586281,BMW X4 ថ្នាំសុីនមួយជុំ,BMW,X4,2014,19500,Used,Not reported,"Saensokh, Phnom Penh",Phnom Penh,Sedan,Gasoline,2026-07-28,https://www.khmer24.com/en/post-adid-13586281,Varies by engine; exact trim not identified,Varies by engine; exact trim not identified,Official figure unavailable: seller did not identify the exact engine/trim,Usually 4–5; exact model/trim not identified,Seller did not identify exact configuration,"The marketplace listing lacks enough model, engine, battery, or trim detail for a responsible numeric claim. The card states the limitation instead of inventing data.",Khmer24 listing,https://www.khmer24.com/en/post-adid-13586281,Varies by trim; exact gearbox not identified,https://images.khmer24.co/26-05-30/bmw-x4-19800--748683178012446266569633-b.jpg
13453340,Mercedes AMG GT Black Series,Mercedes-Benz,AMG GT,2015,185000,Used,Not reported,"Chamkar Mon, Phnom Penh",Phnom Penh,Sports,Gasoline,2026-07-28,https://www.khmer24.com/en/post-adid-13453340,8,6.2 L,15 mpg combined (EPA),Usually 2–4; exact model/trim not identified,Exact year/make/model EPA range,"EPA values cover matching U.S.-market configurations. The imported Cambodian trim may use a different engine, transmission, battery, or test cycle.",U.S. DOE/EPA FuelEconomy.gov,https://www.fueleconomy.gov/feg/Find.do?action=sbs&id=34878&id=34879,Automatic (AM7),https://images.khmer24.co/25-10-17/mercedes-amg-gt-black-series-236261176067080570006386-b.jpg
13340806,Toyota prius DeLuxe Solar year 2014,Toyota,Prius,2014,19700,Used,Not reported,"Prampir Meakkakra, Phnom Penh",Phnom Penh,Hatchback,Hybrid,2026-07-28,https://www.khmer24.com/en/post-adid-13340806,4,1.8 L,48 mpg combined (EPA),Usually 4–5; exact model/trim not identified,Exact year/make/model EPA range,"EPA values cover matching U.S.-market configurations. The imported Cambodian trim may use a different engine, transmission, battery, or test cycle.",U.S. DOE/EPA FuelEconomy.gov,https://www.fueleconomy.gov/feg/Find.do?action=sbs&id=34489,Automatic (variable gear ratios),https://images.khmer24.co/26-03-27/toyota-prius-deluxe-solar-year-2014-753348177457434066286782-b.jpg
13747778,Lexus RX330 P1 ឡានម្ចាស់ដេីម​ អត់បុកឬប៉ះ​ អាចរំលស់ផ្ទាល់ជាមួយឃ្លាំងបាន25ខេត្ត​ក្រុង​,Lexus,RX,2004,18000,Used,Not reported,"Dangkao, Phnom Penh",Phnom Penh,SUV,Gasoline,2026-07-28,https://www.khmer24.com/en/post-adid-13747778,6,3.3 L,19–20 mpg combined (EPA),Usually 5–8; exact model/trim not identified,Exact year/make/model EPA range,"EPA values cover matching U.S.-market configurations. The imported Cambodian trim may use a different engine, transmission, battery, or test cycle.",U.S. DOE/EPA FuelEconomy.gov,https://www.fueleconomy.gov/feg/Find.do?action=sbs&id=20206&id=20207&id=20328,Automatic (S5) or Automatic 5-spd,https://images.khmer24.co/26-07-09/lexus-rx330-p1-25--431031178357089038379480-b.jpg
13740572,HONDA eNS2 EV 2025,Honda,e:N Series,2025,23500,New,Not reported,"Saensokh, Phnom Penh",Phnom Penh,Sedan,Electricity,2026-07-28,https://www.khmer24.com/en/post-adid-13740572,N/A (electric),N/A (electric),Up to 545 km CLTC range for the e:NP2/e:NS2 family,5,Official manufacturer model-family range,The official range uses China's CLTC cycle. Confirm whether the listing is e:NP2 or e:NS2 and verify battery trim.,Honda Global e:NP2/e:NS2 release,https://global.honda/en/newsroom/news/2024/c240425aeng.html,Single-speed electric drive,https://images.khmer24.co/26-07-12/honda-ens2-ev-2025-1134205178383243945586919-b.jpg
13583364,Ford Ranger Sport 2.0L ម៉ាស៊ីន4ម៉ាស៊ូត,Ford,Ranger,2026,44900,New,Not reported,"Chamkar Mon, Phnom Penh",Phnom Penh,Pickup,Gasoline,2026-07-28,https://www.khmer24.com/en/post-adid-13583364,4 or 6,2.3 L or 2.7 L or 3 L,17–23 mpg combined (EPA),5 for double-cab passenger configuration,Exact year/make/model EPA range,"EPA values cover matching U.S.-market configurations. The imported Cambodian trim may use a different engine, transmission, battery, or test cycle.",U.S. DOE/EPA FuelEconomy.gov,https://www.fueleconomy.gov/feg/Find.do?action=sbs&id=50095&id=50105&id=50106,Automatic (S10),https://images.khmer24.co/26-05-29/ford-ranger-sport-2-0l-4--295167178005382368822594-b.jpg
13738123,KIA Ray 2014 ស្មាតឃី ឡានថ្មី 9000$,Kia,Ray,2014,9000,Used,Not reported,"Por Senchey, Phnom Penh",Phnom Penh,Hatchback,Gasoline,2026-07-28,https://www.khmer24.com/en/post-adid-13738123,Varies by engine; exact trim not identified,Varies by engine; exact trim not identified,Official figure unavailable: seller did not identify the exact engine/trim,Usually 4–5; exact model/trim not identified,Seller did not identify exact configuration,"The marketplace listing lacks enough model, engine, battery, or trim detail for a responsible numeric claim. The card states the limitation instead of inventing data.",Khmer24 listing,https://www.khmer24.com/en/post-adid-13738123,Varies by trim; exact gearbox not identified,https://images.khmer24.co/26-07-07/kia-ray-2014-9000--920186178338620629366436-b.jpg
13761696,Mazda BT50Pro 2015 ម្ចាស់ដើម,Mazda,BT Pro,2015,23900,Used,Not reported,"Saensokh, Phnom Penh",Phnom Penh,Sedan,Gasoline,2026-07-28,https://www.khmer24.com/en/post-adid-13761696,Varies by engine; exact trim not identified,Varies by engine; exact trim not identified,Official figure unavailable: seller did not identify the exact engine/trim,Usually 4–5; exact model/trim not identified,Seller did not identify exact configuration,"The marketplace listing lacks enough model, engine, battery, or trim detail for a responsible numeric claim. The card states the limitation instead of inventing data.",Khmer24 listing,https://www.khmer24.com/en/post-adid-13761696,Varies by trim; exact gearbox not identified,https://images.khmer24.co/26-07-12/mazda-bt50pro-2015--382560178386445841368626-b.jpg
13753416,Hyundai Palisade Calligraphy 2026,Hyundai,Palisade,2026,84900,New,Not reported,"Doun Penh, Phnom Penh",Phnom Penh,SUV,Gasoline,2026-07-28,https://www.khmer24.com/en/post-adid-13753416,4 or 6,2.5 L or 3.5 L,19–34 mpg combined (EPA),Usually 5–8; exact model/trim not identified,Exact year/make/model EPA range,"EPA values cover matching U.S.-market configurations. The imported Cambodian trim may use a different engine, transmission, battery, or test cycle.",U.S. DOE/EPA FuelEconomy.gov,https://www.fueleconomy.gov/feg/Find.do?action=sbs&id=49553&id=49554&id=49581,Automatic (AM-S6) or Automatic (S8),https://images.khmer24.co/25-11-24/hyundai-palisade-calligraphy-2026-152261176395778926139482-b.jpg
13791922,ឡានលក់ Nissan frontier,Nissan,frontier,2006,11500,Used,Not reported,"Por Senchey, Phnom Penh",Phnom Penh,Sedan,Gasoline,2026-07-28,https://www.khmer24.com/en/post-adid-13791922,4 or 6,2.5 L or 4 L,16–21 mpg combined (EPA),Usually 4–5; exact model/trim not identified,Exact year/make/model EPA range,"EPA values cover matching U.S.-market configurations. The imported Cambodian trim may use a different engine, transmission, battery, or test cycle.",U.S. DOE/EPA FuelEconomy.gov,https://www.fueleconomy.gov/feg/Find.do?action=sbs&id=22227&id=22228&id=22229,Multiple EPA-listed transmissions,https://images.khmer24.co/26-07-20/-nissan-frontier-289027178456101534636803-b.jpg
13801684,Gelly M9 អគ្គីសនី+សាំង SUV 6កៅអី,Not identified,Gelly SUV,2025,58800,New,Not reported,"Por Senchey, Phnom Penh",Phnom Penh,SUV,Gasoline,2026-07-28,https://www.khmer24.com/en/post-adid-13801684,Varies by engine; exact trim not identified,Varies by engine; exact trim not identified,Official figure unavailable: seller did not identify the exact engine/trim,Usually 5–8; exact model/trim not identified,Seller did not identify exact configuration,"The marketplace listing lacks enough model, engine, battery, or trim detail for a responsible numeric claim. The card states the limitation instead of inventing data.",Khmer24 listing,https://www.khmer24.com/en/post-adid-13801684,Varies by trim; exact gearbox not identified,https://images.khmer24.co/26-07-23/gelly-m9-suv-6--638835178478051484781336-b.jpg
13712092,Best Pickup!,Not identified,Best Pickup,2026,34500,New,Not reported,"Chbar Ampov, Phnom Penh",Phnom Penh,Pickup,Gasoline,2026-07-28,https://www.khmer24.com/en/post-adid-13712092,Varies by engine; exact trim not identified,Varies by engine; exact trim not identified,Official figure unavailable: seller did not identify the exact engine/trim,Usually 2–5; exact cab configuration not identified,Seller did not identify exact configuration,"The marketplace listing lacks enough model, engine, battery, or trim detail for a responsible numeric claim. The card states the limitation instead of inventing data.",Khmer24 listing,https://www.khmer24.com/en/post-adid-13712092,Varies by trim; exact gearbox not identified,https://images.khmer24.co/26-06-30/best-pickup--1095006178279410123113339-b.jpg
13635474,ឡានអ្នកប្រើ,Not identified,Model not identified,2000,4850,Used,Not reported,"Krong Kracheh, Kratie",Kratie,Sedan,Gasoline,2026-07-28,https://www.khmer24.com/en/post-adid-13635474,Varies by engine; exact trim not identified,Varies by engine; exact trim not identified,Official figure unavailable: seller did not identify the exact engine/trim,Usually 4–5; exact model/trim not identified,Seller did not identify exact configuration,"The marketplace listing lacks enough model, engine, battery, or trim detail for a responsible numeric claim. The card states the limitation instead of inventing data.",Khmer24 listing,https://www.khmer24.com/en/post-adid-13635474,Varies by trim; exact gearbox not identified,https://images.khmer24.co/26-06-11/--1101050178116081261686771-b.jpg
13207115,Alphard 2018 Hybrid Full option ឡេីងគ្រឿងឆ្វេងសុីន,Toyota,Alphard,2018,59800,Used,Not reported,"Ruessei Kaev, Phnom Penh",Phnom Penh,MPV,Hybrid,2026-07-28,https://www.khmer24.com/en/post-adid-13207115,4 or 6,"2.4 L, 2.5 L, or 3.5 L",9.5–19.4 km/L (official Japanese test cycles; powertrain dependent),6–8 depending on grade,Official manufacturer model-family range,Official Alphard family figures span gasoline and hybrid grades. Confirm the imported vehicle's grade and test cycle.,Toyota Global Newsroom,https://global.toyota/en/newsroom/toyota/23310520.html,"Super CVT-i, e-CVT, or 6-speed automatic",https://images.khmer24.co/26-02-21/alphard-2018-hybrid-full-option--504031177168076433828915-b.jpg
13646359,Ford Fiesta Sedan 2015,Ford,Fiesta Sedan,2015,8500,Used,Not reported,"Prampir Meakkakra, Phnom Penh",Phnom Penh,Sedan,Gasoline,2026-07-28,https://www.khmer24.com/en/post-adid-13646359,3 or 4,1 L or 1.6 L,29–35 mpg combined (EPA),Usually 4–5; exact model/trim not identified,Exact year/make/model EPA range,"EPA values cover matching U.S.-market configurations. The imported Cambodian trim may use a different engine, transmission, battery, or test cycle.",U.S. DOE/EPA FuelEconomy.gov,https://www.fueleconomy.gov/feg/Find.do?action=sbs&id=35180&id=35182&id=35187,Multiple EPA-listed transmissions,https://images.khmer24.co/26-06-14/ford-fiesta-sedan-2015-284337178140913116133216-b.jpg
13799011,Mazda 2  2017 ឡានស្អាត full option (Hatchback) តំលៃ 13500$ចចារ,Mazda,Mazda2,2017,13500,Used,Not reported,"Ruessei Kaev, Phnom Penh",Phnom Penh,Hatchback,Gasoline,2026-07-28,https://www.khmer24.com/en/post-adid-13799011,Varies by engine; exact trim not identified,Varies by engine; exact trim not identified,Official figure unavailable: seller did not identify the exact engine/trim,Usually 4–5; exact model/trim not identified,Seller did not identify exact configuration,"The marketplace listing lacks enough model, engine, battery, or trim detail for a responsible numeric claim. The card states the limitation instead of inventing data.",Khmer24 listing,https://www.khmer24.com/en/post-adid-13799011,Varies by trim; exact gearbox not identified,https://images.khmer24.co/26-07-22/mazda-2-2017-full-option-hatchback-13500--776974178470855296327028-b.jpg
13627075,GAC M6Pro 2026  MPV 7 Seat,GAC,M6 Pro,2025,20800,New,Not reported,"Chrouy Changva, Phnom Penh",Phnom Penh,MPV,Gasoline,2026-07-28,https://www.khmer24.com/en/post-adid-13627075,Varies by engine; exact trim not identified,Varies by engine; exact trim not identified,Official figure unavailable: seller did not identify the exact engine/trim,Usually 5–11; exact seating layout not identified,Seller did not identify exact configuration,"The marketplace listing lacks enough model, engine, battery, or trim detail for a responsible numeric claim. The card states the limitation instead of inventing data.",Khmer24 listing,https://www.khmer24.com/en/post-adid-13627075,Varies by trim; exact gearbox not identified,https://images.khmer24.co/26-06-10/gac-m6pro-2026-mpv-7-seat-1249350178108143117025535-b.jpg
13679904,🪄 BYD Seagull range 300km ជាង,BYD,Seagull,2025,12200,New,Not reported,"Saensokh, Phnom Penh",Phnom Penh,Hatchback,Electricity,2026-07-28,https://www.khmer24.com/en/post-adid-13679904,N/A (electric),N/A (electric),Seller advertises 300 km range,4–5 depending on market version,Official manufacturer model-family range,BYD Seagull is marketed as DOLPHIN MINI in several export markets.,BYD DOLPHIN MINI official specification,https://www.byd.com/content/dam/byd-site/america-public/flyer/BYD-DOLPHIN-MINI-flyer-ES-20231116.pdf,Single-speed electric drive,https://images.khmer24.co/26-06-22/-byd-seagull-range-300km--1228122178211622553291414-b.jpg
13793534,LEXUS NX 200t ឆ្នាំ2015 F-Sport គុជ3ហ្សុីន 4ប៊ូតុង តម្លៃ31000$ចចារ,Lexus,NX,2015,31000,Used,Not reported,"Ta Khmau, Kandal",Kandal,SUV,Gasoline,2026-07-28,https://www.khmer24.com/en/post-adid-13793534,4,2 L or 2.5 L,24–32 mpg combined (EPA),Usually 5–8; exact model/trim not identified,Exact year/make/model EPA range,"EPA values cover matching U.S.-market configurations. The imported Cambodian trim may use a different engine, transmission, battery, or test cycle.",U.S. DOE/EPA FuelEconomy.gov,https://www.fueleconomy.gov/feg/Find.do?action=sbs&id=35785&id=35788&id=35912,Automatic (AV-S6) or Automatic (S6),https://images.khmer24.co/26-07-21/lexus-nx-200t-2015-f-sport-3-4-31000--729148178460545393363945-b.jpg
13735348,BMW G42 M240i xDrive Coupe 2024,BMW,M240i,2024,96700,Used,Not reported,"Por Senchey, Phnom Penh",Phnom Penh,Coupe,Gasoline,2026-07-28,https://www.khmer24.com/en/post-adid-13735348,6,3 L,26 mpg combined (EPA),Usually 2–5; exact model/trim not identified,Exact year/make/model EPA range,"EPA values cover matching U.S.-market configurations. The imported Cambodian trim may use a different engine, transmission, battery, or test cycle.",U.S. DOE/EPA FuelEconomy.gov,https://www.fueleconomy.gov/feg/Find.do?action=sbs&id=46642&id=46766,Automatic (S8),https://images.khmer24.co/26-04-27/bmw-g42-m240i-xdrive-coupe-2024-1193843177727702531264905-b.jpg
13797477,2021 Lexus LC500 Convertible V8 5.0L តម្លៃ 129999$ លក់ប្រញ៉ាប់ខ្លាំង,Lexus,LC Convertible,2021,129999,Used,Not reported,"Dangkao, Phnom Penh",Phnom Penh,Convertible,Gasoline,2026-07-28,https://www.khmer24.com/en/post-adid-13797477,8,5 L,18 mpg combined (EPA),Usually 2–4; exact model/trim not identified,Exact year/make/model EPA range,"EPA values cover matching U.S.-market configurations. The imported Cambodian trim may use a different engine, transmission, battery, or test cycle.",U.S. DOE/EPA FuelEconomy.gov,https://www.fueleconomy.gov/feg/Find.do?action=sbs&id=42795,Automatic (S10),https://images.khmer24.co/26-07-22/2021-lexus-lc500-convertible-v8-5-0l-129999--497104178469064824225265-b.jpg
13523174,Porsche Panamera 4S Executive lounge,Porsche,Panamera,2014,48000,Used,Not reported,"Tuol Kouk, Phnom Penh",Phnom Penh,Sedan,Gasoline,2026-07-28,https://www.khmer24.com/en/post-adid-13523174,6 or 8,3 L or 3.6 L or 4.8 L,18–25 mpg combined (EPA),Usually 4–5; exact model/trim not identified,Exact year/make/model EPA range,"EPA values cover matching U.S.-market configurations. The imported Cambodian trim may use a different engine, transmission, battery, or test cycle.",U.S. DOE/EPA FuelEconomy.gov,https://www.fueleconomy.gov/feg/Find.do?action=sbs&id=34354&id=34355&id=34356,Automatic (AM-S7) or Automatic (AM-S8),https://images.khmer24.co/25-03-26/porsche-panamera-4s-executive-lounge-686489174297899993178222-b.jpg
13493570,BMW EV,BMW,EV,2024,39800,New,Not reported,"Saensokh, Phnom Penh",Phnom Penh,Sedan,Electricity,2026-07-28,https://www.khmer24.com/en/post-adid-13493570,N/A (electric),N/A (electric),Range unavailable: seller did not identify the exact battery/model version,Usually 4–5; exact model/trim not identified,Seller did not identify exact configuration,"The marketplace listing lacks enough model, engine, battery, or trim detail for a responsible numeric claim. The card states the limitation instead of inventing data.",Khmer24 listing,https://www.khmer24.com/en/post-adid-13493570,Single-speed electric drive,https://images.khmer24.co/25-06-20/bmw-ev-1120153175042492625633009-b.jpg
13796015,Mercedes CLA45 AMG Edition,Mercedes-Benz,CLA-Class,2020,79000,Used,Not reported,"Prampir Meakkakra, Phnom Penh",Phnom Penh,Sports,Gasoline,2026-07-28,https://www.khmer24.com/en/post-adid-13796015,4,2 L,23–28 mpg combined (EPA),Usually 2–4; exact model/trim not identified,Exact year/make/model EPA range,"EPA values cover matching U.S.-market configurations. The imported Cambodian trim may use a different engine, transmission, battery, or test cycle.",U.S. DOE/EPA FuelEconomy.gov,https://www.fueleconomy.gov/feg/Find.do?action=sbs&id=41996&id=41997&id=42417,Automatic (AM7) or Automatic (AM8),https://images.khmer24.co/26-07-21/mercedes-cla45-amg-edition-405035178464342820750431-b.jpg
13597221,TOYOTA prius 2008 FULL option,Toyota,Prius,2008,13000,Used,Not reported,"Por Senchey, Phnom Penh",Phnom Penh,Hatchback,Hybrid,2026-07-28,https://www.khmer24.com/en/post-adid-13597221,4,1.5 L,46 mpg combined (EPA),Usually 4–5; exact model/trim not identified,Exact year/make/model EPA range,"EPA values cover matching U.S.-market configurations. The imported Cambodian trim may use a different engine, transmission, battery, or test cycle.",U.S. DOE/EPA FuelEconomy.gov,https://www.fueleconomy.gov/feg/Find.do?action=sbs&id=24882,Automatic (variable gear ratios),https://images.khmer24.co/26-06-02/toyota-prius-2008-full-option-515050178037753660333162-b.jpg
13455264,Lexus RX 300 2002 ប៉ុង1 ពណ៏ទឹកមាសថ្មីអស់ទាស់,Lexus,RX,2002,11900,Used,Not reported,"Krong Kampong Cham, Kampong Cham",Kampong Cham,SUV,Gasoline,2026-07-28,https://www.khmer24.com/en/post-adid-13455264,6,3 L,18 mpg combined (EPA),Usually 5–8; exact model/trim not identified,Exact year/make/model EPA range,"EPA values cover matching U.S.-market configurations. The imported Cambodian trim may use a different engine, transmission, battery, or test cycle.",U.S. DOE/EPA FuelEconomy.gov,https://www.fueleconomy.gov/feg/Find.do?action=sbs&id=17842&id=17843,Automatic 4-spd,https://images.khmer24.co/26-04-29/lexus-rx-300-2002-1--363438177742776059862951-b.jpg
13474852,Honda ENP2 តម្លៃពិសេស,Honda,e:N Series,2025,25800,New,Not reported,"Saensokh, Phnom Penh",Phnom Penh,Sedan,Electricity,2026-07-28,https://www.khmer24.com/en/post-adid-13474852,N/A (electric),N/A (electric),Up to 545 km CLTC range for the e:NP2/e:NS2 family,5,Official manufacturer model-family range,The official range uses China's CLTC cycle. Confirm whether the listing is e:NP2 or e:NS2 and verify battery trim.,Honda Global e:NP2/e:NS2 release,https://global.honda/en/newsroom/news/2024/c240425aeng.html,Single-speed electric drive,https://images.khmer24.co/26-05-04/honda-enp2--1289249177786882543827277-b.jpg
13658212,Ford Wildtrack 2019,Ford,Wildtrack,2019,33000,Used,Not reported,"Por Senchey, Phnom Penh",Phnom Penh,Sedan,Gasoline,2026-07-28,https://www.khmer24.com/en/post-adid-13658212,Varies by engine; exact trim not identified,Varies by engine; exact trim not identified,Official figure unavailable: seller did not identify the exact engine/trim,Usually 4–5; exact model/trim not identified,Seller did not identify exact configuration,"The marketplace listing lacks enough model, engine, battery, or trim detail for a responsible numeric claim. The card states the limitation instead of inventing data.",Khmer24 listing,https://www.khmer24.com/en/post-adid-13658212,Varies by trim; exact gearbox not identified,https://images.khmer24.co/26-06-17/ford-wildtrack-2019-1107099178166450258053431-b.jpg
13610819,🚗 លក់ Kia Carnival / Sedona ពណ៌ខ្មៅ ស្អាតខ្លាំង 🚗,Kia,Carnival,2015,17500,Used,Not reported,"Dangkao, Phnom Penh",Phnom Penh,MPV,Gasoline,2026-07-28,https://www.khmer24.com/en/post-adid-13610819,4 or 6,2.2 L diesel or 3.5 L gasoline,7.5 L/100 km combined for an official regional diesel configuration,"7, 8, 9, or 11 depending on market",Official manufacturer model-family range,Carnival engines and seating layouts vary substantially by market and generation; confirm the listing's exact configuration.,Kia Carnival official specifications,https://www.kia.com/hk/en/showroom/carnival/specification.html,8-speed automatic (current family reference),https://images.khmer24.co/26-06-05/-ud83d-ude97-kia-carnival-sedona-ud83d-ude97-1294172178064152711808143-b.jpg
13776372,Mazda BT50 Thunder 2021 លក់ 3xxxx ចរចា,Mazda,BT-50,2021,30000,Used,Not reported,"Mean Chey, Phnom Penh",Phnom Penh,Sedan,Gasoline,2026-07-28,https://www.khmer24.com/en/post-adid-13776372,4 or 5,"1.9 L, 2.2 L, 3.0 L, or 3.2 L diesel",6.3–9.2 L/100 km across official generation/powertrain references,2–5 depending on cab configuration,Official manufacturer model-family range,BT-50 figures span several generations and cab configurations. Confirm the listing's engine and cab before purchase.,Mazda BT-50 official specifications,https://www.mazda.com.au/mazda-news/mazda-bt-50-20-year-history/,6-speed manual/automatic or current 8-speed automatic,https://images.khmer24.co/26-07-16/mazda-bt50-thunder-2021-3xxxx--715793178418833090810023-b.jpg
13680285,Hyundai Santa Fe សម្រាប់លក់,Hyundai,Santa Fe,2020,32900,Used,Not reported,"Boeng Keng Kang, Phnom Penh",Phnom Penh,SUV,Gasoline,2026-07-28,https://www.khmer24.com/en/post-adid-13680285,4,2 L or 2.4 L,22–25 mpg combined (EPA),Usually 5–8; exact model/trim not identified,Exact year/make/model EPA range,"EPA values cover matching U.S.-market configurations. The imported Cambodian trim may use a different engine, transmission, battery, or test cycle.",U.S. DOE/EPA FuelEconomy.gov,https://www.fueleconomy.gov/feg/Find.do?action=sbs&id=41475&id=41476&id=41479,Automatic (S8),https://images.khmer24.co/26-03-16/hyundai-santa-fe--467874177363781040088768-b.jpg
13738632,ឡានលក់ Nissan 2006,Nissan,Model not identified,2026,11300,Used,Not reported,"Tuol Kouk, Phnom Penh",Phnom Penh,Sedan,Gasoline,2026-07-28,https://www.khmer24.com/en/post-adid-13738632,Varies by engine; exact trim not identified,Varies by engine; exact trim not identified,Official figure unavailable: seller did not identify the exact engine/trim,Usually 4–5; exact model/trim not identified,Seller did not identify exact configuration,"The marketplace listing lacks enough model, engine, battery, or trim detail for a responsible numeric claim. The card states the limitation instead of inventing data.",Khmer24 listing,https://www.khmer24.com/en/post-adid-13738632,Varies by trim; exact gearbox not identified,https://images.khmer24.co/26-07-07/-nissan-2006-1294640178339227487551337-b.jpg
13761744,"2025 Geely SUV, only 5000km on the odometer, brand new condition.",Geely,SUV only km on,2025,18800,Used,Not reported,"Saensokh, Phnom Penh",Phnom Penh,SUV,Gasoline,2026-07-28,https://www.khmer24.com/en/post-adid-13761744,Varies by engine; exact trim not identified,Varies by engine; exact trim not identified,Official figure unavailable: seller did not identify the exact engine/trim,Usually 5–8; exact model/trim not identified,Seller did not identify exact configuration,"The marketplace listing lacks enough model, engine, battery, or trim detail for a responsible numeric claim. The card states the limitation instead of inventing data.",Khmer24 listing,https://www.khmer24.com/en/post-adid-13761744,Varies by trim; exact gearbox not identified,https://images.khmer24.co/26-07-12/2025-geely-suv-only-5000km-on-the-odometer-brand-new-condition--1222462178386659340735369-b.jpg
13656879,Nissan ZNA Z9 GT Pickup 2026,Nissan,Z9,2026,35800,New,Not reported,"Saensokh, Phnom Penh",Phnom Penh,Pickup,Gasoline,2026-07-28,https://www.khmer24.com/en/post-adid-13656879,Varies by engine; exact trim not identified,Varies by engine; exact trim not identified,Official figure unavailable: seller did not identify the exact engine/trim,Usually 2–5; exact cab configuration not identified,Seller did not identify exact configuration,"The marketplace listing lacks enough model, engine, battery, or trim detail for a responsible numeric claim. The card states the limitation instead of inventing data.",Khmer24 listing,https://www.khmer24.com/en/post-adid-13656879,Varies by trim; exact gearbox not identified,https://images.khmer24.co/26-06-16/nissan-zna-z9-gt-pickup-2026-1105127178161421196340637-b.jpg
13781256,ឡានលក់ឡានស្អាតអត់បុកប៉ះឆ្នាំ04 ឡានថ្មីអត់ពុកច្រេះធានាថ្មី,Not identified,Model not identified,2004,3650,Used,Not reported,"Krong Siem Reab, Siem Reap",Siem Reap,Sedan,Gasoline,2026-07-28,https://www.khmer24.com/en/post-adid-13781256,Varies by engine; exact trim not identified,Varies by engine; exact trim not identified,Official figure unavailable: seller did not identify the exact engine/trim,Usually 4–5; exact model/trim not identified,Seller did not identify exact configuration,"The marketplace listing lacks enough model, engine, battery, or trim detail for a responsible numeric claim. The card states the limitation instead of inventing data.",Khmer24 listing,https://www.khmer24.com/en/post-adid-13781256,Varies by trim; exact gearbox not identified,https://images.khmer24.co/26-07-17/-04--805908178429628489240974-b.jpg
13224374,Alphard 2017 Hybrid Upgrade 2021,Toyota,Alphard,2017,35000,Used,Not reported,"Prampir Meakkakra, Phnom Penh",Phnom Penh,MPV,Hybrid,2026-07-28,https://www.khmer24.com/en/post-adid-13224374,4 or 6,"2.4 L, 2.5 L, or 3.5 L",9.5–19.4 km/L (official Japanese test cycles; powertrain dependent),6–8 depending on grade,Official manufacturer model-family range,Official Alphard family figures span gasoline and hybrid grades. Confirm the imported vehicle's grade and test cycle.,Toyota Global Newsroom,https://global.toyota/en/newsroom/toyota/23310520.html,"Super CVT-i, e-CVT, or 6-speed automatic",https://images.khmer24.co/26-02-26/alphard-2017-hybrid-upgrade-2021-211301177207514027294378-b.jpg
13672321,BMW G90 M5 Sedan 2025,BMW,M5,2025,257500,Used,Not reported,"Por Senchey, Phnom Penh",Phnom Penh,Sedan,Gasoline,2026-07-28,https://www.khmer24.com/en/post-adid-13672321,Varies by engine; exact trim not identified,Varies by engine; exact trim not identified,Official figure unavailable: seller did not identify the exact engine/trim,Usually 4–5; exact model/trim not identified,Seller did not identify exact configuration,"The marketplace listing lacks enough model, engine, battery, or trim detail for a responsible numeric claim. The card states the limitation instead of inventing data.",Khmer24 listing,https://www.khmer24.com/en/post-adid-13672321,Varies by trim; exact gearbox not identified,https://images.khmer24.co/26-06-20/bmw-g90-m5-sedan-2025-1041951178194264680665492-b.jpg
13647545,ឆ្នាំ09  តម្លៃ12xxx$,Not identified,xxx,2007,12200,Used,Not reported,"Saensokh, Phnom Penh",Phnom Penh,Hatchback,Gasoline,2026-07-28,https://www.khmer24.com/en/post-adid-13647545,Varies by engine; exact trim not identified,Varies by engine; exact trim not identified,Official figure unavailable: seller did not identify the exact engine/trim,Usually 4–5; exact model/trim not identified,Seller did not identify exact configuration,"The marketplace listing lacks enough model, engine, battery, or trim detail for a responsible numeric claim. The card states the limitation instead of inventing data.",Khmer24 listing,https://www.khmer24.com/en/post-adid-13647545,Varies by trim; exact gearbox not identified,https://images.khmer24.co/26-06-14/-09-12xxx--1218412178142543744311567-b.jpg
13753434,Hyundai Custin 2025 MPV 7seats,Hyundai,Custin,2025,39900,New,Not reported,"Doun Penh, Phnom Penh",Phnom Penh,MPV,Gasoline,2026-07-28,https://www.khmer24.com/en/post-adid-13753434,4,1.5 L turbo gasoline,Official consumption varies by destination-market 1.5 T-GDI calibration,7,Official manufacturer model-family range,Official Philippine-market family reference; verify the Cambodian import's calibration and equipment.,Hyundai CUSTIN official brochure,https://www.hyundai.com/content/dam/hyundai/ph/en/data/marketing/brochure/product/custin/Custin-brochure-v2.pdf,8-speed automatic,https://images.khmer24.co/25-11-20/hyundai-custin-2025-mpv-7seats-152261176362396976909502-e.jpg
13353228,"BYD XIA DMI（Fulloption) 7x,xxxx🔥",BYD,Xia,2025,67800,New,Not reported,"Saensokh, Phnom Penh",Phnom Penh,Sedan,Plug-in Hybrid,2026-07-28,https://www.khmer24.com/en/post-adid-13353228,Varies by engine; exact trim not identified,Varies by engine; exact trim not identified,Official figure unavailable: seller did not identify the exact engine/trim,Usually 4–5; exact model/trim not identified,Seller did not identify exact configuration,"The marketplace listing lacks enough model, engine, battery, or trim detail for a responsible numeric claim. The card states the limitation instead of inventing data.",Khmer24 listing,https://www.khmer24.com/en/post-adid-13353228,Varies by trim; exact gearbox not identified,https://images.khmer24.co/25-09-18/byd-xia-dmi-fulloption-7x-xxxx-ud83d-udd25-1207509175816942250581617-b.jpg
13743269,Land Rover Discovery Sport 2015,Land Rover,Discovery Sport,2015,17800,Used,Not reported,"Tuol Kouk, Phnom Penh",Phnom Penh,SUV,Gasoline,2026-07-28,https://www.khmer24.com/en/post-adid-13743269,4,2 L,22 mpg combined (EPA),Usually 5–8; exact model/trim not identified,Exact year/make/model EPA range,"EPA values cover matching U.S.-market configurations. The imported Cambodian trim may use a different engine, transmission, battery, or test cycle.",U.S. DOE/EPA FuelEconomy.gov,https://www.fueleconomy.gov/feg/Find.do?action=sbs&id=36006,Automatic (S9),https://images.khmer24.co/26-04-30/land-rover-discovery-sport-2015-1288365177753230053862404-b.jpg
13649810,Mercedes Benz C300 coupeឆ្នាំ2017 Options ពិសេស,Mercedes-Benz,C-Class,2017,44500,Used,Not reported,"Tuol Kouk, Phnom Penh",Phnom Penh,Coupe,Gasoline,2026-07-28,https://www.khmer24.com/en/post-adid-13649810,4 or 6 or 8,2 L or 3 L or 4 L,19–30 mpg combined (EPA),Usually 2–5; exact model/trim not identified,Exact year/make/model EPA range,"EPA values cover matching U.S.-market configurations. The imported Cambodian trim may use a different engine, transmission, battery, or test cycle.",U.S. DOE/EPA FuelEconomy.gov,https://www.fueleconomy.gov/feg/Find.do?action=sbs&id=37428&id=37461&id=37913,Automatic 7-spd or Automatic 9-spd,https://images.khmer24.co/25-12-16/mercedes-benz-c300-coupe-2017-options--141100176586340524679818-b.jpg
13804731,Mercedes-Benz C300 Convertible  YEARS : 2017,Mercedes-Benz,C-Class,2017,38798,Used,Not reported,"Saensokh, Phnom Penh",Phnom Penh,Convertible,Gasoline,2026-07-28,https://www.khmer24.com/en/post-adid-13804731,4 or 6 or 8,2 L or 3 L or 4 L,19–30 mpg combined (EPA),Usually 2–4; exact model/trim not identified,Exact year/make/model EPA range,"EPA values cover matching U.S.-market configurations. The imported Cambodian trim may use a different engine, transmission, battery, or test cycle.",U.S. DOE/EPA FuelEconomy.gov,https://www.fueleconomy.gov/feg/Find.do?action=sbs&id=37428&id=37461&id=37913,Automatic 7-spd or Automatic 9-spd,https://images.khmer24.co/26-07-24/mercedes-benz-c300-convertible-years-2017-1156332178485985077286264-b.jpg
13580890,ស្តុកថ្មី 🚗 porsche cayenne ឆ្នាំ012 ឡានមូលអត់បុកអត់ប៉ះ ម៉ៃតិច option ខ្ពស់ ក្នុងលឿង,Porsche,Cayenne,2012,16500,Used,Not reported,"Ta Khmau, Kandal",Kandal,SUV,Gasoline,2026-07-28,https://www.khmer24.com/en/post-adid-13580890,6 or 8,3 L or 3.6 L or 4.8 L,17–21 mpg combined (EPA),Usually 5–8; exact model/trim not identified,Exact year/make/model EPA range,"EPA values cover matching U.S.-market configurations. The imported Cambodian trim may use a different engine, transmission, battery, or test cycle.",U.S. DOE/EPA FuelEconomy.gov,https://www.fueleconomy.gov/feg/Find.do?action=sbs&id=31538&id=31539&id=31540,Multiple EPA-listed transmissions,https://images.khmer24.co/26-05-29/-ud83d-ude97-porsche-cayenne-012-option--1277927178002353762765329-b.jpg
13730021,Bmw i8 good price,BMW,i8,2014,29500,Used,Not reported,"Saensokh, Phnom Penh",Phnom Penh,Sedan,Gasoline,2026-07-28,https://www.khmer24.com/en/post-adid-13730021,3,1.5 L,28 mpg combined (EPA),Usually 4–5; exact model/trim not identified,Exact year/make/model EPA range,"EPA values cover matching U.S.-market configurations. The imported Cambodian trim may use a different engine, transmission, battery, or test cycle.",U.S. DOE/EPA FuelEconomy.gov,https://www.fueleconomy.gov/feg/Find.do?action=sbs&id=35599,Automatic 6-spd,https://images.khmer24.co/26-07-04/bmw-i8-good-price-455760178317518789769038-b.jpg
13781127,Mercedes CLA 45 AMG 2015,Mercedes-Benz,CLA-Class,2015,32000,Used,Not reported,"Boeng Keng Kang, Phnom Penh",Phnom Penh,Sports,Gasoline,2026-07-28,https://www.khmer24.com/en/post-adid-13781127,4,2 L,26–30 mpg combined (EPA),Usually 2–4; exact model/trim not identified,Exact year/make/model EPA range,"EPA values cover matching U.S.-market configurations. The imported Cambodian trim may use a different engine, transmission, battery, or test cycle.",U.S. DOE/EPA FuelEconomy.gov,https://www.fueleconomy.gov/feg/Find.do?action=sbs&id=35954&id=35955&id=35956,Automatic (AM7),https://images.khmer24.co/26-07-17/mercedes-cla-45-amg-2015-1281231178429182432056361-b.jpg
13395053,Toyota Alphard 2015 Spec ជប៉ុន🇯🇵🌟ស៊ាំងសុទ្ធប៉ុងពីរ,Toyota,Alphard,2015,38000,Used,Not reported,"Tuol Kouk, Phnom Penh",Phnom Penh,MPV,Gasoline,2026-07-28,https://www.khmer24.com/en/post-adid-13395053,4 or 6,"2.4 L, 2.5 L, or 3.5 L",9.5–19.4 km/L (official Japanese test cycles; powertrain dependent),6–8 depending on grade,Official manufacturer model-family range,Official Alphard family figures span gasoline and hybrid grades. Confirm the imported vehicle's grade and test cycle.,Toyota Global Newsroom,https://global.toyota/en/newsroom/toyota/23310520.html,"Super CVT-i, e-CVT, or 6-speed automatic",https://images.khmer24.co/26-04-10/toyota-alphard-2015-spec-ud83c-uddef-ud83c-uddf5-ud83c-udf1f--500526177578975571797595-b.jpg
13558775,Lexus 2003,Lexus,Model not identified,2003,11900,Used,Not reported,"Saensokh, Phnom Penh",Phnom Penh,Sedan,Gasoline,2026-07-28,https://www.khmer24.com/en/post-adid-13558775,Varies by engine; exact trim not identified,Varies by engine; exact trim not identified,Official figure unavailable: seller did not identify the exact engine/trim,Usually 4–5; exact model/trim not identified,Seller did not identify exact configuration,"The marketplace listing lacks enough model, engine, battery, or trim detail for a responsible numeric claim. The card states the limitation instead of inventing data.",Khmer24 listing,https://www.khmer24.com/en/post-adid-13558775,Varies by trim; exact gearbox not identified,https://images.khmer24.co/26-05-24/lexus-2003-74828177957973946781890-b.jpg
13474879,Honda enp2 តម្លៃពិសេស,Honda,e:N Series,2025,25800,New,Not reported,"Saensokh, Phnom Penh",Phnom Penh,Sedan,Electricity,2026-07-28,https://www.khmer24.com/en/post-adid-13474879,N/A (electric),N/A (electric),Up to 545 km CLTC range for the e:NP2/e:NS2 family,5,Official manufacturer model-family range,The official range uses China's CLTC cycle. Confirm whether the listing is e:NP2 or e:NS2 and verify battery trim.,Honda Global e:NP2/e:NS2 release,https://global.honda/en/newsroom/news/2024/c240425aeng.html,Single-speed electric drive,https://images.khmer24.co/26-05-04/honda-enp2--1108553177786899883200207-b.jpg
13739092,Ford Waltrack 2021 Bi Tubo 2.0 ឡានម្ចាស់ដើម អត់បុក អត់បាញ់ថ្នាំ,Ford,Waltrack Bi Tubo,2021,35500,Used,Not reported,"Chamkar Mon, Phnom Penh",Phnom Penh,Sedan,Gasoline,2026-07-28,https://www.khmer24.com/en/post-adid-13739092,Varies by engine; exact trim not identified,Varies by engine; exact trim not identified,Official figure unavailable: seller did not identify the exact engine/trim,Usually 4–5; exact model/trim not identified,Seller did not identify exact configuration,"The marketplace listing lacks enough model, engine, battery, or trim detail for a responsible numeric claim. The card states the limitation instead of inventing data.",Khmer24 listing,https://www.khmer24.com/en/post-adid-13739092,Varies by trim; exact gearbox not identified,https://images.khmer24.co/26-07-07/ford-waltrack-2021-bi-tubo-2-0--315114178339739044551238-b.jpg
13431095,លក់ រឺ វ៉ៃដូរ 2019 Kia Carnival Full Option 25800$ free កាត់ឈ្មោះ,Kia,Carnival,2019,25800,Used,Not reported,"Tuol Kouk, Phnom Penh",Phnom Penh,MPV,Gasoline,2026-07-28,https://www.khmer24.com/en/post-adid-13431095,4 or 6,2.2 L diesel or 3.5 L gasoline,7.5 L/100 km combined for an official regional diesel configuration,"7, 8, 9, or 11 depending on market",Official manufacturer model-family range,Carnival engines and seating layouts vary substantially by market and generation; confirm the listing's exact configuration.,Kia Carnival official specifications,https://www.kia.com/hk/en/showroom/carnival/specification.html,8-speed automatic (current family reference),https://images.khmer24.co/26-04-23/2019-kia-carnival-full-option-28600--64505177691519580992500-b.jpg
13698791,Mazda EZ 60 option3,Mazda,EZ-60,2025,33200,Used,Not reported,"Boeng Keng Kang, Phnom Penh",Phnom Penh,Sedan,Gasoline,2026-07-28,https://www.khmer24.com/en/post-adid-13698791,Varies by engine; exact trim not identified,Varies by engine; exact trim not identified,Official figure unavailable: seller did not identify the exact engine/trim,Usually 4–5; exact model/trim not identified,Seller did not identify exact configuration,"The marketplace listing lacks enough model, engine, battery, or trim detail for a responsible numeric claim. The card states the limitation instead of inventing data.",Khmer24 listing,https://www.khmer24.com/en/post-adid-13698791,Varies by trim; exact gearbox not identified,https://images.khmer24.co/26-06-26/mazda-ez-60-option3-1166034178247348421750961-b.jpg
13523933,Hyundai CUSTIN,Hyundai,Custin,2025,40400,New,Not reported,"Krong Siem Reab, Siem Reap",Siem Reap,Sedan,Gasoline,2026-07-28,https://www.khmer24.com/en/post-adid-13523933,4,1.5 L turbo gasoline,Official consumption varies by destination-market 1.5 T-GDI calibration,7,Official manufacturer model-family range,Official Philippine-market family reference; verify the Cambodian import's calibration and equipment.,Hyundai CUSTIN official brochure,https://www.hyundai.com/content/dam/hyundai/ph/en/data/marketing/brochure/product/custin/Custin-brochure-v2.pdf,8-speed automatic,https://images.khmer24.co/26-05-16/hyundai-custin-1278569177890226879331591-b.jpg
13612537,NISSAN FRONTIER 2008 V6 P2,Nissan,FRONTIER,2008,12500,Used,Not reported,"Por Senchey, Phnom Penh",Phnom Penh,Sedan,Gasoline,2026-07-28,https://www.khmer24.com/en/post-adid-13612537,4 or 6,2.5 L or 4 L,16–21 mpg combined (EPA),Usually 4–5; exact model/trim not identified,Exact year/make/model EPA range,"EPA values cover matching U.S.-market configurations. The imported Cambodian trim may use a different engine, transmission, battery, or test cycle.",U.S. DOE/EPA FuelEconomy.gov,https://www.fueleconomy.gov/feg/Find.do?action=sbs&id=24932&id=24933&id=24934,Multiple EPA-listed transmissions,https://images.khmer24.co/26-06-05/nissan-frontier-2008-v6-p2-789501178066478878024184-b.jpg
13819053,រថយន្តអគ្គីសនី+សាំង ទំហំធំ SUV ទំនើប ស្អាត តំលៃល្អ ចាប់ពី បីមុឺនស្ដើង 🚘2026 CHANGAN NEVO Q07,Changan,Q07,2026,34567,New,Not reported,"Saensokh, Phnom Penh",Phnom Penh,SUV,Gasoline,2026-07-28,https://www.khmer24.com/en/post-adid-13819053,Varies by engine; exact trim not identified,Varies by engine; exact trim not identified,Official figure unavailable: seller did not identify the exact engine/trim,Usually 5–8; exact model/trim not identified,Seller did not identify exact configuration,"The marketplace listing lacks enough model, engine, battery, or trim detail for a responsible numeric claim. The card states the limitation instead of inventing data.",Khmer24 listing,https://www.khmer24.com/en/post-adid-13819053,Varies by trim; exact gearbox not identified,https://images.khmer24.co/26-07-28/-suv-ud83d-ude982026-changan-nevo-q07-463257178520039383820523-b.jpg
13756983,Chery -pickup 皮卡,Not identified,Chery pickup,2026,36800,New,Not reported,"Chrouy Changva, Phnom Penh",Phnom Penh,Pickup,Gasoline,2026-07-28,https://www.khmer24.com/en/post-adid-13756983,Varies by engine; exact trim not identified,Varies by engine; exact trim not identified,Official figure unavailable: seller did not identify the exact engine/trim,Usually 2–5; exact cab configuration not identified,Seller did not identify exact configuration,"The marketplace listing lacks enough model, engine, battery, or trim detail for a responsible numeric claim. The card states the limitation instead of inventing data.",Khmer24 listing,https://www.khmer24.com/en/post-adid-13756983,Varies by trim; exact gearbox not identified,https://images.khmer24.co/26-02-11/chery-pickup--1266745177079148313122199-b.jpg
13757631,ឡានលក់ 17500 ម៉ាសុីនស្អាតមិនដែលបុកប៉ះ(ឯកសារគ្រប់),Not identified,Model not identified,2022,17500,Used,Not reported,"Chrouy Changva, Phnom Penh",Phnom Penh,Sedan,Gasoline,2026-07-28,https://www.khmer24.com/en/post-adid-13757631,Varies by engine; exact trim not identified,Varies by engine; exact trim not identified,Official figure unavailable: seller did not identify the exact engine/trim,Usually 4–5; exact model/trim not identified,Seller did not identify exact configuration,"The marketplace listing lacks enough model, engine, battery, or trim detail for a responsible numeric claim. The card states the limitation instead of inventing data.",Khmer24 listing,https://www.khmer24.com/en/post-adid-13757631,Varies by trim; exact gearbox not identified,https://images.khmer24.co/26-07-12/-17500--1299373178382276180310143-b.jpg
13744340,Camry hybrid ខួប50ឆ្នាំឡានស្អាតតម្លៃចចារតិចតួចលេខទំនាក់ទំនង0965277462,Toyota,Camry,2007,16800,Used,Not reported,"Mean Chey, Phnom Penh",Phnom Penh,Sedan,Hybrid,2026-07-28,https://www.khmer24.com/en/post-adid-13744340,4,2.4 L,34 mpg combined (EPA),Usually 4–5; exact model/trim not identified,Exact year/make/model EPA range,"EPA values cover matching U.S.-market configurations. The imported Cambodian trim may use a different engine, transmission, battery, or test cycle.",U.S. DOE/EPA FuelEconomy.gov,https://www.fueleconomy.gov/feg/Find.do?action=sbs&id=22825,Automatic (variable gear ratios),https://images.khmer24.co/26-07-08/camry-hybrid-50-0965277462-398203178349399923087270-b.jpg
13647935,Mazda2 2021 2CM PP sedan,Not identified,Mazda2,2021,17000,Used,Not reported,"Chrouy Changva, Phnom Penh",Phnom Penh,Hatchback,Gasoline,2026-07-28,https://www.khmer24.com/en/post-adid-13647935,Varies by engine; exact trim not identified,Varies by engine; exact trim not identified,Official figure unavailable: seller did not identify the exact engine/trim,Usually 4–5; exact model/trim not identified,Seller did not identify exact configuration,"The marketplace listing lacks enough model, engine, battery, or trim detail for a responsible numeric claim. The card states the limitation instead of inventing data.",Khmer24 listing,https://www.khmer24.com/en/post-adid-13647935,Varies by trim; exact gearbox not identified,https://images.khmer24.co/26-06-14/mazda2-2021-2cm-pp-sedan-162863178143205089683853-b.jpg
13590875,ឡានស្អាត,Not identified,Model not identified,2012,16500,Used,Not reported,"Por Senchey, Phnom Penh",Phnom Penh,Hatchback,Gasoline,2026-07-28,https://www.khmer24.com/en/post-adid-13590875,Varies by engine; exact trim not identified,Varies by engine; exact trim not identified,Official figure unavailable: seller did not identify the exact engine/trim,Usually 4–5; exact model/trim not identified,Seller did not identify exact configuration,"The marketplace listing lacks enough model, engine, battery, or trim detail for a responsible numeric claim. The card states the limitation instead of inventing data.",Khmer24 listing,https://www.khmer24.com/en/post-adid-13590875,Varies by trim; exact gearbox not identified,https://images.khmer24.co/26-05-31/--1279282178023781691013802-b.jpg
13423803,GAC​​ GN8 2026 Luxury MPV កំពុងពេញនិយម មកដល់ហើយ!!!!,GAC,GN8,2026,60500,New,Not reported,"Saensokh, Phnom Penh",Phnom Penh,MPV,Gasoline,2026-07-28,https://www.khmer24.com/en/post-adid-13423803,Varies by engine; exact trim not identified,Varies by engine; exact trim not identified,Official figure unavailable: seller did not identify the exact engine/trim,Usually 5–11; exact seating layout not identified,Seller did not identify exact configuration,"The marketplace listing lacks enough model, engine, battery, or trim detail for a responsible numeric claim. The card states the limitation instead of inventing data.",Khmer24 listing,https://www.khmer24.com/en/post-adid-13423803,Varies by trim; exact gearbox not identified,https://images.khmer24.co/26-04-21/luxury-mpv-gac-gn8-2026--195713177676767134583542-b.jpg
13789595,BYD Ti7 2WD and 4WD,BYD,Ti WD and WD,2026,44800,New,Not reported,"Saensokh, Phnom Penh",Phnom Penh,Sedan,Gasoline,2026-07-28,https://www.khmer24.com/en/post-adid-13789595,Varies by engine; exact trim not identified,Varies by engine; exact trim not identified,Official figure unavailable: seller did not identify the exact engine/trim,Usually 4–5; exact model/trim not identified,Seller did not identify exact configuration,"The marketplace listing lacks enough model, engine, battery, or trim detail for a responsible numeric claim. The card states the limitation instead of inventing data.",Khmer24 listing,https://www.khmer24.com/en/post-adid-13789595,Varies by trim; exact gearbox not identified,https://images.khmer24.co/26-07-20/byd-ti7-2wd-and-4wd-1176310178452173823048142-b.jpg
13760398,Lexus nx 200t F-sport 2016 គុជ3ហ្សុីន 6បេតុង ប៉ុង2 ក្នុង🍒🍒🍒,Lexus,NX,2016,38900,Used,Not reported,"Tuol Kouk, Phnom Penh",Phnom Penh,SUV,Gasoline,2026-07-28,https://www.khmer24.com/en/post-adid-13760398,4,2 L or 2.5 L,24–32 mpg combined (EPA),Usually 5–8; exact model/trim not identified,Exact year/make/model EPA range,"EPA values cover matching U.S.-market configurations. The imported Cambodian trim may use a different engine, transmission, battery, or test cycle.",U.S. DOE/EPA FuelEconomy.gov,https://www.fueleconomy.gov/feg/Find.do?action=sbs&id=37057&id=37058&id=37061,Automatic (AV-S6) or Automatic (S6),https://images.khmer24.co/26-07-12/lexus-nx-200t-f-sport-2016-3-6-2-ud83c-udf52-ud83c-udf52-ud83c-udf52-1086751178383825394604744-b.jpg
13766785,C300 coupe 2017 AMG 🔥,Mercedes-Benz,C-Class,2017,36800,Used,Not reported,"Tuol Kouk, Phnom Penh",Phnom Penh,Sports,Gasoline,2026-07-28,https://www.khmer24.com/en/post-adid-13766785,4 or 6 or 8,2 L or 3 L or 4 L,19–30 mpg combined (EPA),Usually 2–4; exact model/trim not identified,Exact year/make/model EPA range,"EPA values cover matching U.S.-market configurations. The imported Cambodian trim may use a different engine, transmission, battery, or test cycle.",U.S. DOE/EPA FuelEconomy.gov,https://www.fueleconomy.gov/feg/Find.do?action=sbs&id=37428&id=37461&id=37913,Automatic 7-spd or Automatic 9-spd,https://images.khmer24.co/26-07-14/c300-coupe-2017-amg-ud83d-udd25-796289178399578528833649-b.jpg
13661292,Ford Mustang 2017 convertible Option,Ford,Mustang,2017,23500,Used,Not reported,"Ruessei Kaev, Phnom Penh",Phnom Penh,Convertible,Gasoline,2026-07-28,https://www.khmer24.com/en/post-adid-13661292,4 or 6 or 8,2.3 L or 3.7 L or 5 L or 5.2 L,16–24 mpg combined (EPA),Usually 2–4; exact model/trim not identified,Exact year/make/model EPA range,"EPA values cover matching U.S.-market configurations. The imported Cambodian trim may use a different engine, transmission, battery, or test cycle.",U.S. DOE/EPA FuelEconomy.gov,https://www.fueleconomy.gov/feg/Find.do?action=sbs&id=37530&id=37573&id=37574,Automatic (S6) or Manual 6-spd,https://images.khmer24.co/26-06-17/ford-mustang-2017-convertible-option-1277660178170235635326701-b.jpg
13353262,Rare Porsche 911 Turbo S (991.1) Cabriolet - only 46000kms - US report Carfax available,Porsche,911,2015,155000,Used,Not reported,"Chrouy Changva, Phnom Penh",Phnom Penh,Convertible,Gasoline,2026-07-28,https://www.khmer24.com/en/post-adid-13353262,6,3.4 L or 3.8 L,17–23 mpg combined (EPA),Usually 2–4; exact model/trim not identified,Exact year/make/model EPA range,"EPA values cover matching U.S.-market configurations. The imported Cambodian trim may use a different engine, transmission, battery, or test cycle.",U.S. DOE/EPA FuelEconomy.gov,https://www.fueleconomy.gov/feg/Find.do?action=sbs&id=35153&id=35160&id=35161,Automatic (AM-S7) or Manual 7-spd,https://images.khmer24.co/26-03-30/rare-porsche-911-turbo-s-991-1-cabriolet-only-46000kms-us-report-carfax-available-1095394177486436529193740-b.jpg
13564496,BMW 528i 2013 Upgrade To M5,BMW,M5,2013,22000,Used,Not reported,"Boeng Keng Kang, Phnom Penh",Phnom Penh,Sedan,Gasoline,2026-07-28,https://www.khmer24.com/en/post-adid-13564496,8,4.4 L,16–17 mpg combined (EPA),Usually 4–5; exact model/trim not identified,Exact year/make/model EPA range,"EPA values cover matching U.S.-market configurations. The imported Cambodian trim may use a different engine, transmission, battery, or test cycle.",U.S. DOE/EPA FuelEconomy.gov,https://www.fueleconomy.gov/feg/Find.do?action=sbs&id=33075&id=33076,Automatic (AM-S7) or Manual 6-spd,https://images.khmer24.co/26-05-25/bmw-528i-2013-upgrade-to-m5-1133729177969455597393188-b.jpg
13606811,Mercedes Benz CLA45 AMG Edition 1 2015,Mercedes-Benz,CLA-Class,2015,28500,Used,Not reported,"Chrouy Changva, Phnom Penh",Phnom Penh,Sports,Gasoline,2026-07-28,https://www.khmer24.com/en/post-adid-13606811,4,2 L,26–30 mpg combined (EPA),Usually 2–4; exact model/trim not identified,Exact year/make/model EPA range,"EPA values cover matching U.S.-market configurations. The imported Cambodian trim may use a different engine, transmission, battery, or test cycle.",U.S. DOE/EPA FuelEconomy.gov,https://www.fueleconomy.gov/feg/Find.do?action=sbs&id=35954&id=35955&id=35956,Automatic (AM7),https://images.khmer24.co/26-06-04/mercedes-benz-cla45-amg-edition-1-2015-248495178055689965763505-b.jpg
13721317,"Toyota Prius 2010 Option 3 ពណ៌ ​ស​ សន្លឹក​ពន្ធ​ 🔵តម្លៃពិសេស 17,500$ ចរចារ​",Toyota,Prius,2010,17500,Used,Not reported,"Saensokh, Phnom Penh",Phnom Penh,Hatchback,Hybrid,2026-07-28,https://www.khmer24.com/en/post-adid-13721317,4,1.8 L,50 mpg combined (EPA),Usually 4–5; exact model/trim not identified,Exact year/make/model EPA range,"EPA values cover matching U.S.-market configurations. The imported Cambodian trim may use a different engine, transmission, battery, or test cycle.",U.S. DOE/EPA FuelEconomy.gov,https://www.fueleconomy.gov/feg/Find.do?action=sbs&id=26425,Automatic (variable gear ratios),https://images.khmer24.co/26-07-02/toyota-prius-2010-option-3-ud83d-udd35-17-500--1285520178298079568199813-b.jpg
13240141,Lexus Rx 300 ប៉ុង​ 1 ឆ្នាំ​ 2003,Lexus,RX,2003,12500,Used,Not reported,"Saensokh, Phnom Penh",Phnom Penh,SUV,Gasoline,2026-07-28,https://www.khmer24.com/en/post-adid-13240141,6,3 L,18 mpg combined (EPA),Usually 5–8; exact model/trim not identified,Exact year/make/model EPA range,"EPA values cover matching U.S.-market configurations. The imported Cambodian trim may use a different engine, transmission, battery, or test cycle.",U.S. DOE/EPA FuelEconomy.gov,https://www.fueleconomy.gov/feg/Find.do?action=sbs&id=18807&id=18808,Automatic 4-spd,https://images.khmer24.co/26-03-02/lexus-rx-300-1-2003-95497177243015768927328-b.jpg
13656031,HONDA P7 650km (Freeសាកថ្ម 2ឆ្នាំ),Honda,P7,2025,34999,New,Not reported,"Saensokh, Phnom Penh",Phnom Penh,Sedan,Gasoline,2026-07-28,https://www.khmer24.com/en/post-adid-13656031,Varies by engine; exact trim not identified,Varies by engine; exact trim not identified,Official figure unavailable: seller did not identify the exact engine/trim,Usually 4–5; exact model/trim not identified,Seller did not identify exact configuration,"The marketplace listing lacks enough model, engine, battery, or trim detail for a responsible numeric claim. The card states the limitation instead of inventing data.",Khmer24 listing,https://www.khmer24.com/en/post-adid-13656031,Varies by trim; exact gearbox not identified,https://images.khmer24.co/26-01-29/honda-p7-650km--1105127176965605121768131-b.jpg
13724123,FORD Everest Titanium 2026 មានតម្លៃពិសេស,Ford,Everest,2026,69900,New,Not reported,"Por Senchey, Phnom Penh",Phnom Penh,SUV,Gasoline,2026-07-28,https://www.khmer24.com/en/post-adid-13724123,Varies by engine; exact trim not identified,Varies by engine; exact trim not identified,Official figure unavailable: seller did not identify the exact engine/trim,Usually 5–8; exact model/trim not identified,Seller did not identify exact configuration,"The marketplace listing lacks enough model, engine, battery, or trim detail for a responsible numeric claim. The card states the limitation instead of inventing data.",Khmer24 listing,https://www.khmer24.com/en/post-adid-13724123,Varies by trim; exact gearbox not identified,https://images.khmer24.co/26-07-03/ford-everest-titanium-2026--1261048178305283615489003-b.jpg
13712225,លក់រថយន្ត Kia Bongo 3,Kia,Bongo,2014,18500,Used,Not reported,"Chrouy Changva, Phnom Penh",Phnom Penh,Sedan,Gasoline,2026-07-28,https://www.khmer24.com/en/post-adid-13712225,Varies by engine; exact trim not identified,Varies by engine; exact trim not identified,Official figure unavailable: seller did not identify the exact engine/trim,Usually 4–5; exact model/trim not identified,Seller did not identify exact configuration,"The marketplace listing lacks enough model, engine, battery, or trim detail for a responsible numeric claim. The card states the limitation instead of inventing data.",Khmer24 listing,https://www.khmer24.com/en/post-adid-13712225,Varies by trim; exact gearbox not identified,https://images.khmer24.co/26-06-30/-kia-bongo-3-371031178279611340350658-b.jpg
13534885,Mazda,Mazda,Model not identified,2019,26500,Used,Not reported,"Chrouy Changva, Phnom Penh",Phnom Penh,Sedan,Gasoline,2026-07-28,https://www.khmer24.com/en/post-adid-13534885,Varies by engine; exact trim not identified,Varies by engine; exact trim not identified,Official figure unavailable: seller did not identify the exact engine/trim,Usually 4–5; exact model/trim not identified,Seller did not identify exact configuration,"The marketplace listing lacks enough model, engine, battery, or trim detail for a responsible numeric claim. The card states the limitation instead of inventing data.",Khmer24 listing,https://www.khmer24.com/en/post-adid-13534885,Varies by trim; exact gearbox not identified,https://images.khmer24.co/24-06-03/mazda-968200171740817357903924-b.jpg
13770445,Hyundai TRAGO ឆ្នាំ 08❤️,Hyundai,TRAGO,2008,36000,Used,Not reported,"Tuol Kouk, Phnom Penh",Phnom Penh,Sedan,Gasoline,2026-07-28,https://www.khmer24.com/en/post-adid-13770445,Varies by engine; exact trim not identified,Varies by engine; exact trim not identified,Official figure unavailable: seller did not identify the exact engine/trim,Usually 4–5; exact model/trim not identified,Seller did not identify exact configuration,"The marketplace listing lacks enough model, engine, battery, or trim detail for a responsible numeric claim. The card states the limitation instead of inventing data.",Khmer24 listing,https://www.khmer24.com/en/post-adid-13770445,Varies by trim; exact gearbox not identified,https://images.khmer24.co/26-07-15/hyundai-trago-08-u2764-ufe0f-1310513178407358429031489-b.jpg
13715328,Nissan 2002 ទ្រុងវែង ម៉ាស៊ូត ឡានខ្ចីណាស់,Nissan,Model not identified,2002,7777,Used,Not reported,"Tuol Kouk, Phnom Penh",Phnom Penh,Sedan,Gasoline,2026-07-28,https://www.khmer24.com/en/post-adid-13715328,Varies by engine; exact trim not identified,Varies by engine; exact trim not identified,Official figure unavailable: seller did not identify the exact engine/trim,Usually 4–5; exact model/trim not identified,Seller did not identify exact configuration,"The marketplace listing lacks enough model, engine, battery, or trim detail for a responsible numeric claim. The card states the limitation instead of inventing data.",Khmer24 listing,https://www.khmer24.com/en/post-adid-13715328,Varies by trim; exact gearbox not identified,https://images.khmer24.co/26-07-01/nissan-2002--93058178287312435564959-b.jpg
13809259,HAVAL Big size SUV Off-road 2026,Haval,Big size SUV Off-road,2026,58000,New,Not reported,"Saensokh, Phnom Penh",Phnom Penh,SUV,Gasoline,2026-07-28,https://www.khmer24.com/en/post-adid-13809259,Varies by engine; exact trim not identified,Varies by engine; exact trim not identified,Official figure unavailable: seller did not identify the exact engine/trim,Usually 5–8; exact model/trim not identified,Seller did not identify exact configuration,"The marketplace listing lacks enough model, engine, battery, or trim detail for a responsible numeric claim. The card states the limitation instead of inventing data.",Khmer24 listing,https://www.khmer24.com/en/post-adid-13809259,Varies by trim; exact gearbox not identified,https://images.khmer24.co/26-07-25/haval-big-size-suv-off-road-2026-165779178495638580626962-b.jpg
13358181,Chevrolet pickup 017 auto capitas ឆ្វេងសុីន ម៉ាសុីនធំ ធានាឡានស្អាតខ្លាំង,Chevrolet,pickup auto capitas,2017,21900,Used,Not reported,"Saensokh, Phnom Penh",Phnom Penh,Pickup,Gasoline,2026-07-28,https://www.khmer24.com/en/post-adid-13358181,Varies by engine; exact trim not identified,Varies by engine; exact trim not identified,Official figure unavailable: seller did not identify the exact engine/trim,Usually 2–5; exact cab configuration not identified,Seller did not identify exact configuration,"The marketplace listing lacks enough model, engine, battery, or trim detail for a responsible numeric claim. The card states the limitation instead of inventing data.",Khmer24 listing,https://www.khmer24.com/en/post-adid-13358181,Varies by trim; exact gearbox not identified,https://images.khmer24.co/26-04-22/chevrolet-pickup-017-auto-capitas--632184177682515487884334-b.jpg
13727007,Avatr 07 Elite 2026,Avatr,07,2026,38000,New,Not reported,"Chrouy Changva, Phnom Penh",Phnom Penh,Sedan,Electricity,2026-07-28,https://www.khmer24.com/en/post-adid-13727007,N/A (electric),N/A (electric),Range unavailable: seller did not identify the exact battery/model version,Usually 4–5; exact model/trim not identified,Seller did not identify exact configuration,"The marketplace listing lacks enough model, engine, battery, or trim detail for a responsible numeric claim. The card states the limitation instead of inventing data.",Khmer24 listing,https://www.khmer24.com/en/post-adid-13727007,Single-speed electric drive,https://images.khmer24.co/26-07-04/avatr-07-elite-2026-495978178312864773368425-b.jpg
13729259,"Toyota Alphard 2016 V4 & Hybrid , ស្លាកលេខ​ PP 2BZ-xxxx",Toyota,Alphard,2016,39900,Used,Not reported,"Tuol Kouk, Phnom Penh",Phnom Penh,MPV,Hybrid,2026-07-28,https://www.khmer24.com/en/post-adid-13729259,4 or 6,"2.4 L, 2.5 L, or 3.5 L",9.5–19.4 km/L (official Japanese test cycles; powertrain dependent),6–8 depending on grade,Official manufacturer model-family range,Official Alphard family figures span gasoline and hybrid grades. Confirm the imported vehicle's grade and test cycle.,Toyota Global Newsroom,https://global.toyota/en/newsroom/toyota/23310520.html,"Super CVT-i, e-CVT, or 6-speed automatic",https://images.khmer24.co/26-07-04/toyota-alphard-2016-v4-amp-hybrid-pp-2bz-xxxx-354084178315709361151655-b.jpg
13553537,ខ្ញុំបាទចង់លក់រថយន្តជិះផ្ទាល់ 2023 Mazda2 Sedan ពណ៏ស,Not identified,Mazda2,2023,17599,Used,Not reported,"Boeng Keng Kang, Phnom Penh",Phnom Penh,Hatchback,Gasoline,2026-07-28,https://www.khmer24.com/en/post-adid-13553537,Varies by engine; exact trim not identified,Varies by engine; exact trim not identified,Official figure unavailable: seller did not identify the exact engine/trim,Usually 4–5; exact model/trim not identified,Seller did not identify exact configuration,"The marketplace listing lacks enough model, engine, battery, or trim detail for a responsible numeric claim. The card states the limitation instead of inventing data.",Khmer24 listing,https://www.khmer24.com/en/post-adid-13553537,Varies by trim; exact gearbox not identified,https://images.khmer24.co/26-05-22/-2023-mazda2-sedan--317484177944245722520321-b.jpg
13603091,មានលុយ5000-6000$ដកឡានជិះ រលួស់ជាមួយឃ្លាំង និងរំលួសសុទ្ធ100%,Not identified,Model not identified,2012,18500,Used,Not reported,"Saensokh, Phnom Penh",Phnom Penh,Hatchback,Gasoline,2026-07-28,https://www.khmer24.com/en/post-adid-13603091,Varies by engine; exact trim not identified,Varies by engine; exact trim not identified,Official figure unavailable: seller did not identify the exact engine/trim,Usually 4–5; exact model/trim not identified,Seller did not identify exact configuration,"The marketplace listing lacks enough model, engine, battery, or trim detail for a responsible numeric claim. The card states the limitation instead of inventing data.",Khmer24 listing,https://www.khmer24.com/en/post-adid-13603091,Varies by trim; exact gearbox not identified,https://images.khmer24.co/26-06-03/-5000-6000-100--791276178048154644715675-b.jpg
13436154,MPV សាំងសុទ្ធ 7កៅអី,Not identified,Model not identified,2025,28800,New,Not reported,"Chbar Ampov, Phnom Penh",Phnom Penh,MPV,Gasoline,2026-07-28,https://www.khmer24.com/en/post-adid-13436154,Varies by engine; exact trim not identified,Varies by engine; exact trim not identified,Official figure unavailable: seller did not identify the exact engine/trim,Usually 5–11; exact seating layout not identified,Seller did not identify exact configuration,"The marketplace listing lacks enough model, engine, battery, or trim detail for a responsible numeric claim. The card states the limitation instead of inventing data.",Khmer24 listing,https://www.khmer24.com/en/post-adid-13436154,Varies by trim; exact gearbox not identified,https://images.khmer24.co/26-04-24/mpv-7--1285421177700802228542766-b.jpg
13601046,BYD Seal5 ថ្មីដូចកេស,BYD,Seal 5,2026,19300,New,Not reported,"Boeng Keng Kang, Phnom Penh",Phnom Penh,Sedan,Gasoline,2026-07-28,https://www.khmer24.com/en/post-adid-13601046,Varies by engine; exact trim not identified,Varies by engine; exact trim not identified,Official figure unavailable: seller did not identify the exact engine/trim,Usually 4–5; exact model/trim not identified,Seller did not identify exact configuration,"The marketplace listing lacks enough model, engine, battery, or trim detail for a responsible numeric claim. The card states the limitation instead of inventing data.",Khmer24 listing,https://www.khmer24.com/en/post-adid-13601046,Varies by trim; exact gearbox not identified,https://images.khmer24.co/26-06-03/byd-seal5--1201092178045894379852818-b.jpg
13722069,Lexus nx200t F sport 015,Lexus,NX,2015,38300,Used,Not reported,"Tuol Kouk, Phnom Penh",Phnom Penh,SUV,Gasoline,2026-07-28,https://www.khmer24.com/en/post-adid-13722069,4,2 L or 2.5 L,24–32 mpg combined (EPA),Usually 5–8; exact model/trim not identified,Exact year/make/model EPA range,"EPA values cover matching U.S.-market configurations. The imported Cambodian trim may use a different engine, transmission, battery, or test cycle.",U.S. DOE/EPA FuelEconomy.gov,https://www.fueleconomy.gov/feg/Find.do?action=sbs&id=35785&id=35788&id=35912,Automatic (AV-S6) or Automatic (S6),https://images.khmer24.co/26-07-02/lexus-nx200t-f-sport-015-663366178299542010466397-b.jpg
13414617,Mercedes-Benz GLC Coupe AMG 2020,Mercedes-Benz,GLC,2020,55000,Used,Not reported,"Tuol Kouk, Phnom Penh",Phnom Penh,SUV,Gasoline,2026-07-28,https://www.khmer24.com/en/post-adid-13414617,4 or 6 or 8,2 L or 3 L or 4 L,18–25 mpg combined (EPA),Usually 5–8; exact model/trim not identified,Exact year/make/model EPA range,"EPA values cover matching U.S.-market configurations. The imported Cambodian trim may use a different engine, transmission, battery, or test cycle.",U.S. DOE/EPA FuelEconomy.gov,https://www.fueleconomy.gov/feg/Find.do?action=sbs&id=41872&id=41877&id=41896,Automatic 9-spd,https://images.khmer24.co/26-06-19/mercedes-benz-glc-coupe-amg-2020-121535178184389582259120-b.jpg
13694848,Toyota hilak surf ម៉ាស៊ីនប្រាដូធូបូឡានទឹកថ្នាំស្អាតនៅដំណើរការទាំងអស់ធានាយកទៅប្រើអត់ខកបំណងទេ3200$ចចា,Toyota,hilak surf,1992,3200,Used,Not reported,"Kamboul, Phnom Penh",Phnom Penh,Convertible,Gasoline,2026-07-28,https://www.khmer24.com/en/post-adid-13694848,Varies by engine; exact trim not identified,Varies by engine; exact trim not identified,Official figure unavailable: seller did not identify the exact engine/trim,Usually 2–4; exact model/trim not identified,Seller did not identify exact configuration,"The marketplace listing lacks enough model, engine, battery, or trim detail for a responsible numeric claim. The card states the limitation instead of inventing data.",Khmer24 listing,https://www.khmer24.com/en/post-adid-13694848,Varies by trim; exact gearbox not identified,https://images.khmer24.co/26-06-25/toyota-hilak-surf-3200--1304299178239492896567122-b.jpg
13240037,Porsche Panamera 2017 Full option,Porsche,Panamera,2017,85000,Used,Not reported,"Tuol Kouk, Phnom Penh",Phnom Penh,Sedan,Gasoline,2026-07-28,https://www.khmer24.com/en/post-adid-13240037,6 or 8,2.9 L or 3 L or 4 L,21–24 mpg combined (EPA),Usually 4–5; exact model/trim not identified,Exact year/make/model EPA range,"EPA values cover matching U.S.-market configurations. The imported Cambodian trim may use a different engine, transmission, battery, or test cycle.",U.S. DOE/EPA FuelEconomy.gov,https://www.fueleconomy.gov/feg/Find.do?action=sbs&id=38593&id=38594&id=38595,Automatic (AM-S8),https://images.khmer24.co/26-03-02/porsche-panamera-2017-full-option-231228177242880783079533-b.jpg
13811248,BMW 7 series  012 up 023😍,BMW,7 Series,2012,21000,Used,Not reported,"Tuol Kouk, Phnom Penh",Phnom Penh,Sedan,Gasoline,2026-07-28,https://www.khmer24.com/en/post-adid-13811248,6 or 8 or 12,3 L or 4.4 L or 6 L,15–20 mpg combined (EPA),Usually 4–5; exact model/trim not identified,Exact year/make/model EPA range,"EPA values cover matching U.S.-market configurations. The imported Cambodian trim may use a different engine, transmission, battery, or test cycle.",U.S. DOE/EPA FuelEconomy.gov,https://www.fueleconomy.gov/feg/Find.do?action=sbs&id=31228&id=31229&id=31230,Automatic (S6) or Automatic (S8),https://images.khmer24.co/26-07-25/bmw-7-series-012-up-023-ud83d-ude0d-1277082178499610239921825-b.jpg
13540342,Mercedes Benz CLA45 AMG 2015,Mercedes-Benz,CLA-Class,2015,25200,Used,Not reported,"Krong Battambang, Battambang",Battambang,Sports,Gasoline,2026-07-28,https://www.khmer24.com/en/post-adid-13540342,4,2 L,26–30 mpg combined (EPA),Usually 2–4; exact model/trim not identified,Exact year/make/model EPA range,"EPA values cover matching U.S.-market configurations. The imported Cambodian trim may use a different engine, transmission, battery, or test cycle.",U.S. DOE/EPA FuelEconomy.gov,https://www.fueleconomy.gov/feg/Find.do?action=sbs&id=35954&id=35955&id=35956,Automatic (AM7),https://images.khmer24.co/26-05-19/mercedes-benz-cla45-amg-2015-922390177919856783785761-b.jpg
13731847,Toyota ស្អាត99% នៅធានាពីក្រុមហ៊ុនជិះបាន៨ខែ,Toyota,Model not identified,2026,46900,Used,Not reported,"Saensokh, Phnom Penh",Phnom Penh,Sedan,Gasoline,2026-07-28,https://www.khmer24.com/en/post-adid-13731847,Varies by engine; exact trim not identified,Varies by engine; exact trim not identified,Official figure unavailable: seller did not identify the exact engine/trim,Usually 4–5; exact model/trim not identified,Seller did not identify exact configuration,"The marketplace listing lacks enough model, engine, battery, or trim detail for a responsible numeric claim. The card states the limitation instead of inventing data.",Khmer24 listing,https://www.khmer24.com/en/post-adid-13731847,Varies by trim; exact gearbox not identified,https://images.khmer24.co/26-07-05/toyota-99--5362178323384023652718-b.jpg
13800104,Lexus RX300 2001 ប៉ុង1 ឡានស្អាតធានា អត់បុកអត់ប៉ះ,Lexus,RX,2001,11000,Used,Not reported,"Krong Kampong Cham, Kampong Cham",Kampong Cham,SUV,Gasoline,2026-07-28,https://www.khmer24.com/en/post-adid-13800104,6,3 L,18 mpg combined (EPA),Usually 5–8; exact model/trim not identified,Exact year/make/model EPA range,"EPA values cover matching U.S.-market configurations. The imported Cambodian trim may use a different engine, transmission, battery, or test cycle.",U.S. DOE/EPA FuelEconomy.gov,https://www.fueleconomy.gov/feg/Find.do?action=sbs&id=16904&id=16905,Automatic 4-spd,https://images.khmer24.co/26-05-20/lexus-rx300-2001-1--575362177925055013480700-b.jpg
13795130,Honda ENS2,Honda,e:N Series,2025,23900,New,Not reported,"Saensokh, Phnom Penh",Phnom Penh,Sedan,Electricity,2026-07-28,https://www.khmer24.com/en/post-adid-13795130,N/A (electric),N/A (electric),Up to 545 km CLTC range for the e:NP2/e:NS2 family,5,Official manufacturer model-family range,The official range uses China's CLTC cycle. Confirm whether the listing is e:NP2 or e:NS2 and verify battery trim.,Honda Global e:NP2/e:NS2 release,https://global.honda/en/newsroom/news/2024/c240425aeng.html,Single-speed electric drive,https://images.khmer24.co/26-07-21/honda-ens2-1312361178462322936238089-b.jpg
13583343,Ford Ranger Wildtrak 3.0L​ 6ម៉ាស៊ីន ម៉ាស៊ូត​ ឆ្នាំ2026,Ford,Ranger,2026,55400,New,Not reported,"Chamkar Mon, Phnom Penh",Phnom Penh,Pickup,Gasoline,2026-07-28,https://www.khmer24.com/en/post-adid-13583343,4 or 6,2.3 L or 2.7 L or 3 L,17–23 mpg combined (EPA),5 for double-cab passenger configuration,Exact year/make/model EPA range,"EPA values cover matching U.S.-market configurations. The imported Cambodian trim may use a different engine, transmission, battery, or test cycle.",U.S. DOE/EPA FuelEconomy.gov,https://www.fueleconomy.gov/feg/Find.do?action=sbs&id=50095&id=50105&id=50106,Automatic (S10),https://images.khmer24.co/26-05-29/ford-ranger-wildtrak-3-0l-6-2026-295167178005335138969862-b.jpg
13756008,Kia 012/ស្មាតឃី បើកដំបូល ក្រដាស់ពន្ធ ទេីបចុះកុងតឺន័រហ៊ុយៗ,Kia,Model not identified,2012,8350,Used,Not reported,"Doun Penh, Phnom Penh",Phnom Penh,Sedan,Gasoline,2026-07-28,https://www.khmer24.com/en/post-adid-13756008,Varies by engine; exact trim not identified,Varies by engine; exact trim not identified,Official figure unavailable: seller did not identify the exact engine/trim,Usually 4–5; exact model/trim not identified,Seller did not identify exact configuration,"The marketplace listing lacks enough model, engine, battery, or trim detail for a responsible numeric claim. The card states the limitation instead of inventing data.",Khmer24 listing,https://www.khmer24.com/en/post-adid-13756008,Varies by trim; exact gearbox not identified,https://images.khmer24.co/26-07-11/kia-012--19137178374231956425903-b.jpg
13637375,Mazda CX-9 2022 ឡានស្អាតថ្នាំហ្សុីនមួយជុំ ម្ចាស់ដេីមទី1,Mazda,CX-9,2022,33900,Used,Not reported,"Saensokh, Phnom Penh",Phnom Penh,SUV,Gasoline,2026-07-28,https://www.khmer24.com/en/post-adid-13637375,4,2.5 L,23 mpg combined (EPA),Usually 5–8; exact model/trim not identified,Exact year/make/model EPA range,"EPA values cover matching U.S.-market configurations. The imported Cambodian trim may use a different engine, transmission, battery, or test cycle.",U.S. DOE/EPA FuelEconomy.gov,https://www.fueleconomy.gov/feg/Find.do?action=sbs&id=44956,Automatic (S6),https://images.khmer24.co/25-07-06/mazda-cx-9-2022-1-312611175181739563053154-b.jpg
13586926,Hyundai Venue,Hyundai,Venue,2026,21900,New,Not reported,"Krong Siem Reab, Siem Reap",Siem Reap,Sedan,Gasoline,2026-07-28,https://www.khmer24.com/en/post-adid-13586926,4,1.6 L,31 mpg combined (EPA),Usually 4–5; exact model/trim not identified,Exact year/make/model EPA range,"EPA values cover matching U.S.-market configurations. The imported Cambodian trim may use a different engine, transmission, battery, or test cycle.",U.S. DOE/EPA FuelEconomy.gov,https://www.fueleconomy.gov/feg/Find.do?action=sbs&id=49452,Automatic (AV-S1),https://images.khmer24.co/26-05-30/hyundai-venue-1278569178013407624566365-b.jpg
13677908,Nissan ប្រេីម៊ាស៊ូត 2002,Nissan,Model not identified,2002,7999,Used,Not reported,"Tuol Kouk, Phnom Penh",Phnom Penh,Sedan,Gasoline,2026-07-28,https://www.khmer24.com/en/post-adid-13677908,Varies by engine; exact trim not identified,Varies by engine; exact trim not identified,Official figure unavailable: seller did not identify the exact engine/trim,Usually 4–5; exact model/trim not identified,Seller did not identify exact configuration,"The marketplace listing lacks enough model, engine, battery, or trim detail for a responsible numeric claim. The card states the limitation instead of inventing data.",Khmer24 listing,https://www.khmer24.com/en/post-adid-13677908,Varies by trim; exact gearbox not identified,https://images.khmer24.co/26-06-22/nissan-2002-1294784178209502091133475-b.jpg
13528061,Lexus lx600 2023 7Seat luxury SUV 25 speaker full,Lexus,LX,2023,185000,New,Not reported,"Prampir Meakkakra, Phnom Penh",Phnom Penh,SUV,Gasoline,2026-07-28,https://www.khmer24.com/en/post-adid-13528061,6,3.4 L,19 mpg combined (EPA),Usually 5–8; exact model/trim not identified,Exact year/make/model EPA range,"EPA values cover matching U.S.-market configurations. The imported Cambodian trim may use a different engine, transmission, battery, or test cycle.",U.S. DOE/EPA FuelEconomy.gov,https://www.fueleconomy.gov/feg/Find.do?action=sbs&id=46243,Automatic (S10),https://images.khmer24.co/26-06-24/lexus-lx600-2023-7seat-luxury-suv-25-speaker-full-1072003178228651814595042-b.jpg
13555588,Great Wall Pickup  Have in stock and good price,Great Wall,Pickup Have in stock,2025,36500,New,Not reported,"Chbar Ampov, Phnom Penh",Phnom Penh,Pickup,Gasoline,2026-07-28,https://www.khmer24.com/en/post-adid-13555588,Varies by engine; exact trim not identified,Varies by engine; exact trim not identified,Official figure unavailable: seller did not identify the exact engine/trim,Usually 2–5; exact cab configuration not identified,Seller did not identify exact configuration,"The marketplace listing lacks enough model, engine, battery, or trim detail for a responsible numeric claim. The card states the limitation instead of inventing data.",Khmer24 listing,https://www.khmer24.com/en/post-adid-13555588,Varies by trim; exact gearbox not identified,https://images.khmer24.co/26-05-23/great-wall-pickup-have-in-stock-and-good-price-1285421177950397758494883-b.jpg
13612803,Cheng long L2 EV,Not identified,Cheng long EV,2026,38999,New,Not reported,"Saensokh, Phnom Penh",Phnom Penh,Sedan,Electricity,2026-07-28,https://www.khmer24.com/en/post-adid-13612803,N/A (electric),N/A (electric),Range unavailable: seller did not identify the exact battery/model version,Usually 4–5; exact model/trim not identified,Seller did not identify exact configuration,"The marketplace listing lacks enough model, engine, battery, or trim detail for a responsible numeric claim. The card states the limitation instead of inventing data.",Khmer24 listing,https://www.khmer24.com/en/post-adid-13612803,Single-speed electric drive,https://images.khmer24.co/26-06-05/cheng-long-l2-ev-1100691178067258250228802-b.jpg
13736942,sell Alphard 2012 hybrid,Toyota,Alphard,2012,24500,Used,Not reported,"Saensokh, Phnom Penh",Phnom Penh,MPV,Hybrid,2026-07-28,https://www.khmer24.com/en/post-adid-13736942,4 or 6,"2.4 L, 2.5 L, or 3.5 L",9.5–19.4 km/L (official Japanese test cycles; powertrain dependent),6–8 depending on grade,Official manufacturer model-family range,Official Alphard family figures span gasoline and hybrid grades. Confirm the imported vehicle's grade and test cycle.,Toyota Global Newsroom,https://global.toyota/en/newsroom/toyota/23310520.html,"Super CVT-i, e-CVT, or 6-speed automatic",https://images.khmer24.co/26-07-06/sell-alphard-2012-hybrid-94902178333705566854108-b.jpg
13753577,ថ្មី ខ្លាញ់គោ AVATR06 ELITE LUXURY SPORT SEDAN 2026 អប់សិនELITE ទិញភ្លាម ដកឡានភ្លាមៗ,Not identified,06,2026,39500,New,Not reported,"Chbar Ampov, Phnom Penh",Phnom Penh,Sedan,Gasoline,2026-07-28,https://www.khmer24.com/en/post-adid-13753577,Varies by engine; exact trim not identified,Varies by engine; exact trim not identified,Official figure unavailable: seller did not identify the exact engine/trim,Usually 4–5; exact model/trim not identified,Seller did not identify exact configuration,"The marketplace listing lacks enough model, engine, battery, or trim detail for a responsible numeric claim. The card states the limitation instead of inventing data.",Khmer24 listing,https://www.khmer24.com/en/post-adid-13753577,Varies by trim; exact gearbox not identified,https://images.khmer24.co/26-07-10/-avatr06-elite-luxury-sport-sedan-2026-elite--1089773178367588493352421-b.jpg
13643669,2012 option3 ក្នុងសដោះគោ,Not identified,Model not identified,2012,16300,Used,Not reported,"Ruessei Kaev, Phnom Penh",Phnom Penh,Hatchback,Gasoline,2026-07-28,https://www.khmer24.com/en/post-adid-13643669,Varies by engine; exact trim not identified,Varies by engine; exact trim not identified,Official figure unavailable: seller did not identify the exact engine/trim,Usually 4–5; exact model/trim not identified,Seller did not identify exact configuration,"The marketplace listing lacks enough model, engine, battery, or trim detail for a responsible numeric claim. The card states the limitation instead of inventing data.",Khmer24 listing,https://www.khmer24.com/en/post-adid-13643669,Varies by trim; exact gearbox not identified,https://images.khmer24.co/26-06-13/2012-option3--141569178133209737497186-b.jpg
13810635,MPV,Not identified,Model not identified,2024,49990,New,Not reported,"Saensokh, Phnom Penh",Phnom Penh,MPV,Gasoline,2026-07-28,https://www.khmer24.com/en/post-adid-13810635,Varies by engine; exact trim not identified,Varies by engine; exact trim not identified,Official figure unavailable: seller did not identify the exact engine/trim,Usually 5–11; exact seating layout not identified,Seller did not identify exact configuration,"The marketplace listing lacks enough model, engine, battery, or trim detail for a responsible numeric claim. The card states the limitation instead of inventing data.",Khmer24 listing,https://www.khmer24.com/en/post-adid-13810635,Varies by trim; exact gearbox not identified,https://images.khmer24.co/25-04-20/mpv-1120153174512643358204654-b.jpg
13460795,BYD Atto 2 401KM 25800$,BYD,Atto 2,2024,25800,New,Not reported,"Saensokh, Phnom Penh",Phnom Penh,Sedan,Electricity,2026-07-28,https://www.khmer24.com/en/post-adid-13460795,N/A (electric),N/A (electric),Seller advertises 401 km range,Usually 4–5; exact model/trim not identified,Seller did not identify exact configuration,"The marketplace listing lacks enough model, engine, battery, or trim detail for a responsible numeric claim. The card states the limitation instead of inventing data.",Khmer24 listing,https://www.khmer24.com/en/post-adid-13460795,Single-speed electric drive,https://images.khmer24.co/25-09-15/byd-atto-2-401km-25800-telegram-0976350650--1207509175791083984325174-b.jpg
13655770,✍️ទំនិញថ្មីទើបកាត់បានពីម្ចាស់ដើម✍️Lexus nx200t 2015f sport ប៉ុង១  ៤បេតុង ធានាឡាន,Lexus,NX,2015,32500,Used,Not reported,"Mean Chey, Phnom Penh",Phnom Penh,SUV,Gasoline,2026-07-28,https://www.khmer24.com/en/post-adid-13655770,4,2 L or 2.5 L,24–32 mpg combined (EPA),Usually 5–8; exact model/trim not identified,Exact year/make/model EPA range,"EPA values cover matching U.S.-market configurations. The imported Cambodian trim may use a different engine, transmission, battery, or test cycle.",U.S. DOE/EPA FuelEconomy.gov,https://www.fueleconomy.gov/feg/Find.do?action=sbs&id=35785&id=35788&id=35912,Automatic (AV-S6) or Automatic (S6),https://images.khmer24.co/26-06-16/-u270d-ufe0f-u270d-ufe0flexus-nx200t-2015f-sport--387311178159671510173381-b.jpg
13261218,Mercedes-Benz C300 Coupe 2017,Mercedes-Benz,C-Class,2017,39800,Used,Not reported,"Por Senchey, Phnom Penh",Phnom Penh,Coupe,Gasoline,2026-07-28,https://www.khmer24.com/en/post-adid-13261218,4 or 6 or 8,2 L or 3 L or 4 L,19–30 mpg combined (EPA),Usually 2–5; exact model/trim not identified,Exact year/make/model EPA range,"EPA values cover matching U.S.-market configurations. The imported Cambodian trim may use a different engine, transmission, battery, or test cycle.",U.S. DOE/EPA FuelEconomy.gov,https://www.fueleconomy.gov/feg/Find.do?action=sbs&id=37428&id=37461&id=37913,Automatic 7-spd or Automatic 9-spd,https://images.khmer24.co/26-03-07/mercedes-benz-c300-coupe-2017-1035105177286875225043731-b.jpg
13765058,ជិះផ្តល់ខ្លួន 02លីមីធិប,Not identified,Model not identified,2002,13300,Used,Not reported,"Kamboul, Phnom Penh",Phnom Penh,Convertible,Gasoline,2026-07-28,https://www.khmer24.com/en/post-adid-13765058,Varies by engine; exact trim not identified,Varies by engine; exact trim not identified,Official figure unavailable: seller did not identify the exact engine/trim,Usually 2–4; exact model/trim not identified,Seller did not identify exact configuration,"The marketplace listing lacks enough model, engine, battery, or trim detail for a responsible numeric claim. The card states the limitation instead of inventing data.",Khmer24 listing,https://www.khmer24.com/en/post-adid-13765058,Varies by trim; exact gearbox not identified,https://images.khmer24.co/26-07-13/-02--447341178393951574609490-b.jpg
13754200,Porsche PanameraS Top option សំណុំថ្មីខ្លាំង,Porsche,PanameraS Top,2012,27300,Used,Not reported,"Ruessei Kaev, Phnom Penh",Phnom Penh,Sedan,Gasoline,2026-07-28,https://www.khmer24.com/en/post-adid-13754200,6 or 8,3 L or 3.6 L or 4.8 L,18–25 mpg combined (EPA),Usually 4–5; exact model/trim not identified,Exact year/make/model EPA range,"EPA values cover matching U.S.-market configurations. The imported Cambodian trim may use a different engine, transmission, battery, or test cycle.",U.S. DOE/EPA FuelEconomy.gov,https://www.fueleconomy.gov/feg/Find.do?action=sbs&id=31805&id=31806&id=31807,Automatic 7-spd or Automatic 8-spd,https://images.khmer24.co/26-07-10/porsche-panamera-s-top-option-410992178368841476861381-c.jpg
13727155,BMW X4,BMW,X4,2015,19500,Used,Not reported,"Dangkao, Phnom Penh",Phnom Penh,Sedan,Gasoline,2026-07-28,https://www.khmer24.com/en/post-adid-13727155,4 or 6,2 L or 3 L,21–23 mpg combined (EPA),Usually 4–5; exact model/trim not identified,Exact year/make/model EPA range,"EPA values cover matching U.S.-market configurations. The imported Cambodian trim may use a different engine, transmission, battery, or test cycle.",U.S. DOE/EPA FuelEconomy.gov,https://www.fueleconomy.gov/feg/Find.do?action=sbs&id=35240&id=35241,Automatic (S8),https://images.khmer24.co/26-07-04/bmw-x4-746541178313075273209128-b.jpg
13583999,Mercedes Benz AMG GTS 2016,Mercedes-Benz,Mercedes Benz AMG GTS,2016,120000,Used,Not reported,"Saensokh, Phnom Penh",Phnom Penh,Sports,Gasoline,2026-07-28,https://www.khmer24.com/en/post-adid-13583999,8,4 L,18 mpg combined (EPA),Usually 2–4; exact model/trim not identified,Exact year/make/model EPA range,"EPA values cover matching U.S.-market configurations. The imported Cambodian trim may use a different engine, transmission, battery, or test cycle.",U.S. DOE/EPA FuelEconomy.gov,https://www.fueleconomy.gov/feg/Find.do?action=sbs&id=36193,Automatic (AM7),https://images.khmer24.co/25-11-29/mercedes-benz-amg-gts-2016-286915176443314850261177-c.jpg
13781654,Toyota Prius 2008 full option ពណ៌​ស,Toyota,Prius,2008,14999,Used,Not reported,"Por Senchey, Phnom Penh",Phnom Penh,Hatchback,Hybrid,2026-07-28,https://www.khmer24.com/en/post-adid-13781654,4,1.5 L,46 mpg combined (EPA),Usually 4–5; exact model/trim not identified,Exact year/make/model EPA range,"EPA values cover matching U.S.-market configurations. The imported Cambodian trim may use a different engine, transmission, battery, or test cycle.",U.S. DOE/EPA FuelEconomy.gov,https://www.fueleconomy.gov/feg/Find.do?action=sbs&id=24882,Automatic (variable gear ratios),https://images.khmer24.co/26-07-18/toyota-prius-2008-full-option--390486178433244712120435-b.jpg
13643395,ឡានលក់ Lexus 330 ឆ្នាំ05 H/F,Lexus,Model not identified,2005,22900,Used,Not reported,"Boeng Keng Kang, Phnom Penh",Phnom Penh,Sedan,Gasoline,2026-07-28,https://www.khmer24.com/en/post-adid-13643395,Varies by engine; exact trim not identified,Varies by engine; exact trim not identified,Official figure unavailable: seller did not identify the exact engine/trim,Usually 4–5; exact model/trim not identified,Seller did not identify exact configuration,"The marketplace listing lacks enough model, engine, battery, or trim detail for a responsible numeric claim. The card states the limitation instead of inventing data.",Khmer24 listing,https://www.khmer24.com/en/post-adid-13643395,Varies by trim; exact gearbox not identified,https://images.khmer24.co/26-06-13/-lexus-330-05-h-f-1247357178132842991763540-b.jpg
13555356,Honda eNP2 2025 EV,Honda,e:N Series,2025,23500,New,Not reported,"Saensokh, Phnom Penh",Phnom Penh,Sedan,Electricity,2026-07-28,https://www.khmer24.com/en/post-adid-13555356,N/A (electric),N/A (electric),Up to 545 km CLTC range for the e:NP2/e:NS2 family,5,Official manufacturer model-family range,The official range uses China's CLTC cycle. Confirm whether the listing is e:NP2 or e:NS2 and verify battery trim.,Honda Global e:NP2/e:NS2 release,https://global.honda/en/newsroom/news/2024/c240425aeng.html,Single-speed electric drive,https://images.khmer24.co/26-04-29/honda-enp2-2025-ev-475016177743526557239296-b.jpg
13762425,🔥តម្លៃពិសេស Ford Everest Platinum 2026 3.0L V6,Ford,Everest,2026,69900,New,Not reported,"Por Senchey, Phnom Penh",Phnom Penh,SUV,Gasoline,2026-07-28,https://www.khmer24.com/en/post-adid-13762425,Varies by engine; exact trim not identified,Varies by engine; exact trim not identified,Official figure unavailable: seller did not identify the exact engine/trim,Usually 5–8; exact model/trim not identified,Seller did not identify exact configuration,"The marketplace listing lacks enough model, engine, battery, or trim detail for a responsible numeric claim. The card states the limitation instead of inventing data.",Khmer24 listing,https://www.khmer24.com/en/post-adid-13762425,Varies by trim; exact gearbox not identified,https://images.khmer24.co/26-07-13/-ud83d-udd25-ford-everest-platinum-2026-3-0l-v6-1261048178390753274668115-b.jpg
13805895,Kia morning & Grand Starex,Kia,Starex,2013,8800,Used,Not reported,"Por Senchey, Phnom Penh",Phnom Penh,Hatchback,Gasoline,2026-07-28,https://www.khmer24.com/en/post-adid-13805895,Varies by engine; exact trim not identified,Varies by engine; exact trim not identified,Official figure unavailable: seller did not identify the exact engine/trim,Usually 4–5; exact model/trim not identified,Seller did not identify exact configuration,"The marketplace listing lacks enough model, engine, battery, or trim detail for a responsible numeric claim. The card states the limitation instead of inventing data.",Khmer24 listing,https://www.khmer24.com/en/post-adid-13805895,Varies by trim; exact gearbox not identified,https://images.khmer24.co/26-07-24/kia-morning-amp-grand-starex-1017782178487369733489743-b.jpg
13809124,ទិញបានពីម្ចាស់ដេីមថ្មីដាច់ ប្រេីដៃមួយ ថែខ្លាំង Mazda Thunder Full option 2021 3.2L,Mazda,BT-50,2021,29777,Used,Not reported,"Por Senchey, Phnom Penh",Phnom Penh,Sedan,Gasoline,2026-07-28,https://www.khmer24.com/en/post-adid-13809124,4 or 5,"1.9 L, 2.2 L, 3.0 L, or 3.2 L diesel",6.3–9.2 L/100 km across official generation/powertrain references,2–5 depending on cab configuration,Official manufacturer model-family range,BT-50 figures span several generations and cab configurations. Confirm the listing's engine and cab before purchase.,Mazda BT-50 official specifications,https://www.mazda.com.au/mazda-news/mazda-bt-50-20-year-history/,6-speed manual/automatic or current 8-speed automatic,https://images.khmer24.co/26-07-25/-mazda-thunder-full-option-2021-3-2l-200717178495451319955592-b.jpg
13427712,Hyundai Palisade-2026,Hyundai,Palisade,2026,77900,New,Not reported,"Doun Penh, Phnom Penh",Phnom Penh,SUV,Gasoline,2026-07-28,https://www.khmer24.com/en/post-adid-13427712,4 or 6,2.5 L or 3.5 L,19–34 mpg combined (EPA),Usually 5–8; exact model/trim not identified,Exact year/make/model EPA range,"EPA values cover matching U.S.-market configurations. The imported Cambodian trim may use a different engine, transmission, battery, or test cycle.",U.S. DOE/EPA FuelEconomy.gov,https://www.fueleconomy.gov/feg/Find.do?action=sbs&id=49553&id=49554&id=49581,Automatic (AM-S6) or Automatic (S8),https://images.khmer24.co/26-02-01/hyundai-palisade-2026-1024615176992800723018495-b.jpg
13591274,NISSAN FRONTIER 2006 V6 P1,Nissan,FRONTIER,2006,10900,Used,Not reported,"Por Senchey, Phnom Penh",Phnom Penh,Sedan,Gasoline,2026-07-28,https://www.khmer24.com/en/post-adid-13591274,4 or 6,2.5 L or 4 L,16–21 mpg combined (EPA),Usually 4–5; exact model/trim not identified,Exact year/make/model EPA range,"EPA values cover matching U.S.-market configurations. The imported Cambodian trim may use a different engine, transmission, battery, or test cycle.",U.S. DOE/EPA FuelEconomy.gov,https://www.fueleconomy.gov/feg/Find.do?action=sbs&id=22227&id=22228&id=22229,Multiple EPA-listed transmissions,https://images.khmer24.co/26-06-01/nissan-frontier-2006-v6-p1-789501178027278018585250-b.jpg
13336208,Honda HRV SUV  I-VTEC Econ អេក្រង់​ ថាច់​ស្រ្គីន,Honda,HR-V,2019,19900,Used,Not reported,"Ruessei Kaev, Phnom Penh",Phnom Penh,SUV,Gasoline,2026-07-28,https://www.khmer24.com/en/post-adid-13336208,4,1.8 L,28–30 mpg combined (EPA),Usually 5–8; exact model/trim not identified,Exact year/make/model EPA range,"EPA values cover matching U.S.-market configurations. The imported Cambodian trim may use a different engine, transmission, battery, or test cycle.",U.S. DOE/EPA FuelEconomy.gov,https://www.fueleconomy.gov/feg/Find.do?action=sbs&id=40420&id=40421&id=40422,Automatic (AV-S7) or Automatic (variable gear ratios),https://images.khmer24.co/26-03-25/honda-hrv-suv-i-vtec-econ--85027177445749583629146-b.jpg
13756884,ខ្លាញ់​គោ​ ក្រុមហ៊ុន​ ម្ចាស់​ដេីម​ Mazda 022 BT50 PickUp Full,Mazda,BT-50,2022,29500,Used,Not reported,"Saensokh, Phnom Penh",Phnom Penh,Pickup,Gasoline,2026-07-28,https://www.khmer24.com/en/post-adid-13756884,4 or 5,"1.9 L, 2.2 L, 3.0 L, or 3.2 L diesel",6.3–9.2 L/100 km across official generation/powertrain references,2–5 depending on cab configuration,Official manufacturer model-family range,BT-50 figures span several generations and cab configurations. Confirm the listing's engine and cab before purchase.,Mazda BT-50 official specifications,https://www.mazda.com.au/mazda-news/mazda-bt-50-20-year-history/,6-speed manual/automatic or current 8-speed automatic,https://images.khmer24.co/26-07-11/-mazda-022-bt50-pickup-full-193430178375201791145318-b.jpg
13638064,Avatr 07 Option Elite,Avatr,07,2026,37900,New,Not reported,"Ruessei Kaev, Phnom Penh",Phnom Penh,Sedan,Electricity,2026-07-28,https://www.khmer24.com/en/post-adid-13638064,N/A (electric),N/A (electric),Range unavailable: seller did not identify the exact battery/model version,Usually 4–5; exact model/trim not identified,Seller did not identify exact configuration,"The marketplace listing lacks enough model, engine, battery, or trim detail for a responsible numeric claim. The card states the limitation instead of inventing data.",Khmer24 listing,https://www.khmer24.com/en/post-adid-13638064,Single-speed electric drive,https://images.khmer24.co/26-06-12/avatr-07-option-elite-15488178123068328305459-b.jpg
13775583,Toyota Alphard hybrid full 2013 ម្ចាស់ដើម,Toyota,Alphard,2013,22999,Used,Not reported,"Saensokh, Phnom Penh",Phnom Penh,MPV,Hybrid,2026-07-28,https://www.khmer24.com/en/post-adid-13775583,4 or 6,"2.4 L, 2.5 L, or 3.5 L",9.5–19.4 km/L (official Japanese test cycles; powertrain dependent),6–8 depending on grade,Official manufacturer model-family range,Official Alphard family figures span gasoline and hybrid grades. Confirm the imported vehicle's grade and test cycle.,Toyota Global Newsroom,https://global.toyota/en/newsroom/toyota/23310520.html,"Super CVT-i, e-CVT, or 6-speed automatic",https://images.khmer24.co/26-07-16/toyota-alphard-hybrid-full-2013--419154178417725426735755-b.jpg
13428216,ថ្មី ខ្លាញ់គោ AVATR 06 Elite Luxury Sport Sedan ទិញដាច់ វ៉ៃដូរ បង់រំលស់,Avatr,06,2026,39800,New,Not reported,"Chbar Ampov, Phnom Penh",Phnom Penh,Sedan,Electricity,2026-07-28,https://www.khmer24.com/en/post-adid-13428216,N/A (electric),N/A (electric),Range unavailable: seller did not identify the exact battery/model version,Usually 4–5; exact model/trim not identified,Seller did not identify exact configuration,"The marketplace listing lacks enough model, engine, battery, or trim detail for a responsible numeric claim. The card states the limitation instead of inventing data.",Khmer24 listing,https://www.khmer24.com/en/post-adid-13428216,Single-speed electric drive,https://images.khmer24.co/26-04-22/-avatr-06--1089773177684790441988599-b.jpg
13493676,ឡានលក់,Not identified,Model not identified,2009,10999,Used,Not reported,"Chbar Ampov, Phnom Penh",Phnom Penh,Hatchback,Gasoline,2026-07-28,https://www.khmer24.com/en/post-adid-13493676,Varies by engine; exact trim not identified,Varies by engine; exact trim not identified,Official figure unavailable: seller did not identify the exact engine/trim,Usually 4–5; exact model/trim not identified,Seller did not identify exact configuration,"The marketplace listing lacks enough model, engine, battery, or trim detail for a responsible numeric claim. The card states the limitation instead of inventing data.",Khmer24 listing,https://www.khmer24.com/en/post-adid-13493676,Varies by trim; exact gearbox not identified,https://images.khmer24.co/26-05-08/--437039177823754831262159-b.jpg
13692830,🔥 2024 GAC GN8 Luxury MPV For Sale – Like New,GAC,GN8,2024,38000,Used,Not reported,"Dangkao, Phnom Penh",Phnom Penh,MPV,Gasoline,2026-07-28,https://www.khmer24.com/en/post-adid-13692830,Varies by engine; exact trim not identified,Varies by engine; exact trim not identified,Official figure unavailable: seller did not identify the exact engine/trim,Usually 5–11; exact seating layout not identified,Seller did not identify exact configuration,"The marketplace listing lacks enough model, engine, battery, or trim detail for a responsible numeric claim. The card states the limitation instead of inventing data.",Khmer24 listing,https://www.khmer24.com/en/post-adid-13692830,Varies by trim; exact gearbox not identified,https://images.khmer24.co/26-06-25/-ud83d-udd25-2024-gac-gn8-luxury-mpv-for-sale-like-new-946411178236416081615474-b.jpg
13810449,The 2024 BYD Qin DM-i flagship edition boasts a combined range of over 1000km.,BYD,The Qin DM-i flagship,2024,21600,Used,Not reported,"Saensokh, Phnom Penh",Phnom Penh,Sedan,Plug-in Hybrid,2026-07-28,https://www.khmer24.com/en/post-adid-13810449,Varies by engine; exact trim not identified,Varies by engine; exact trim not identified,Official figure unavailable: seller did not identify the exact engine/trim,Usually 4–5; exact model/trim not identified,Seller did not identify exact configuration,"The marketplace listing lacks enough model, engine, battery, or trim detail for a responsible numeric claim. The card states the limitation instead of inventing data.",Khmer24 listing,https://www.khmer24.com/en/post-adid-13810449,Varies by trim; exact gearbox not identified,https://images.khmer24.co/26-07-25/the-2024-byd-qin-dm-i-flagship-edition-boasts-a-combined-range-of-over-1000km--1222462178497361111533150-b.jpg
13707655,LEXUS NX 2017 F-SPORT,Lexus,NX F-SPORT,2017,40500,Used,Not reported,"Tuol Kouk, Phnom Penh",Phnom Penh,SUV,Gasoline,2026-07-28,https://www.khmer24.com/en/post-adid-13707655,Varies by engine; exact trim not identified,Varies by engine; exact trim not identified,Official figure unavailable: seller did not identify the exact engine/trim,Usually 5–8; exact model/trim not identified,Seller did not identify exact configuration,"The marketplace listing lacks enough model, engine, battery, or trim detail for a responsible numeric claim. The card states the limitation instead of inventing data.",Khmer24 listing,https://www.khmer24.com/en/post-adid-13707655,Varies by trim; exact gearbox not identified,https://images.khmer24.co/26-06-29/lexus-nx-2017-f-sport-94190178270358059673872-b.jpg
13272367,Mercedes Benz C Coupe 2016 AMG PACKAGE,Mercedes-Benz,Mercedes Benz Coupe AMG,2016,39500,Used,Not reported,"Saensokh, Phnom Penh",Phnom Penh,Sports,Gasoline,2026-07-28,https://www.khmer24.com/en/post-adid-13272367,Varies by engine; exact trim not identified,Varies by engine; exact trim not identified,Official figure unavailable: seller did not identify the exact engine/trim,Usually 2–4; exact model/trim not identified,Seller did not identify exact configuration,"The marketplace listing lacks enough model, engine, battery, or trim detail for a responsible numeric claim. The card states the limitation instead of inventing data.",Khmer24 listing,https://www.khmer24.com/en/post-adid-13272367,Varies by trim; exact gearbox not identified,https://images.khmer24.co/26-03-10/mercedes-benz-c-coupe-2016-amg-package-286915177312997975875036-b.jpg
13806503,Mustangs គ្រឿង​លេង​ច្រើន​លក់​ធូរ​ៗ​,Not identified,Mustangs,2015,19000,Used,Not reported,"Ruessei Kaev, Phnom Penh",Phnom Penh,Convertible,Gasoline,2026-07-28,https://www.khmer24.com/en/post-adid-13806503,Varies by engine; exact trim not identified,Varies by engine; exact trim not identified,Official figure unavailable: seller did not identify the exact engine/trim,Usually 2–4; exact model/trim not identified,Seller did not identify exact configuration,"The marketplace listing lacks enough model, engine, battery, or trim detail for a responsible numeric claim. The card states the limitation instead of inventing data.",Khmer24 listing,https://www.khmer24.com/en/post-adid-13806503,Varies by trim; exact gearbox not identified,https://images.khmer24.co/26-07-24/mustangs--1303331178488101625634638-b.jpg
13635951,- Porsche GT3 RS,Porsche,911 GT3 RS,2016,219000,Used,Not reported,"Tuol Kouk, Phnom Penh",Phnom Penh,Sports,Gasoline,2026-07-28,https://www.khmer24.com/en/post-adid-13635951,6,4 L,17 mpg combined (EPA),Usually 2–4; exact model/trim not identified,Exact year/make/model EPA range,"EPA values cover matching U.S.-market configurations. The imported Cambodian trim may use a different engine, transmission, battery, or test cycle.",U.S. DOE/EPA FuelEconomy.gov,https://www.fueleconomy.gov/feg/Find.do?action=sbs&id=36171,Automatic (AM-S7),https://images.khmer24.co/25-06-04/porsche-gt3-rs-683358174901281919764100-b.jpg
13605827,BMW 740i 2023 Plate number,BMW,7 Series,2023,148000,Used,Not reported,"Doun Penh, Phnom Penh",Phnom Penh,Sedan,Gasoline,2026-07-28,https://www.khmer24.com/en/post-adid-13605827,6 or 8,3 L or 4.4 L,21–27 mpg combined (EPA),Usually 4–5; exact model/trim not identified,Exact year/make/model EPA range,"EPA values cover matching U.S.-market configurations. The imported Cambodian trim may use a different engine, transmission, battery, or test cycle.",U.S. DOE/EPA FuelEconomy.gov,https://www.fueleconomy.gov/feg/Find.do?action=sbs&id=45663&id=45664,Automatic (S8),https://images.khmer24.co/26-06-04/bmw-740i-2023-plate-number-1288126178054810219733112-b.jpg
13626520,MERCEDES-BENZ CLA45 AMG 2014,Mercedes-Benz,CLA-Class,2014,20000,Used,Not reported,"Ruessei Kaev, Phnom Penh",Phnom Penh,Sports,Gasoline,2026-07-28,https://www.khmer24.com/en/post-adid-13626520,4,2 L,26–30 mpg combined (EPA),Usually 2–4; exact model/trim not identified,Exact year/make/model EPA range,"EPA values cover matching U.S.-market configurations. The imported Cambodian trim may use a different engine, transmission, battery, or test cycle.",U.S. DOE/EPA FuelEconomy.gov,https://www.fueleconomy.gov/feg/Find.do?action=sbs&id=34455&id=34571&id=34786,Automatic (AM7),https://images.khmer24.co/26-06-09/mercedes-benz-cla45-amg-2014-313849178098885226135884-b.jpg
13693164,Toyota alphard អូតូ​ ពីរ​ ឡេីងកៅអីម៉ាស្សារួចហេីយ​ ថ្នាំហ្សីនមួយជុំ,Toyota,Alphard,2014,22000,Used,Not reported,"Saensokh, Phnom Penh",Phnom Penh,MPV,Gasoline,2026-07-28,https://www.khmer24.com/en/post-adid-13693164,4 or 6,"2.4 L, 2.5 L, or 3.5 L",9.5–19.4 km/L (official Japanese test cycles; powertrain dependent),6–8 depending on grade,Official manufacturer model-family range,Official Alphard family figures span gasoline and hybrid grades. Confirm the imported vehicle's grade and test cycle.,Toyota Global Newsroom,https://global.toyota/en/newsroom/toyota/23310520.html,"Super CVT-i, e-CVT, or 6-speed automatic",https://images.khmer24.co/26-06-25/toyota-alphard--805795178236790215728011-b.jpg
13527078,Lexus RX 330 2004 Full Option ថ្នាំសុីន1ជុំ,Lexus,RX,2004,21500,Used,Not reported,"Ruessei Kaev, Phnom Penh",Phnom Penh,SUV,Gasoline,2026-07-28,https://www.khmer24.com/en/post-adid-13527078,6,3.3 L,19–20 mpg combined (EPA),Usually 5–8; exact model/trim not identified,Exact year/make/model EPA range,"EPA values cover matching U.S.-market configurations. The imported Cambodian trim may use a different engine, transmission, battery, or test cycle.",U.S. DOE/EPA FuelEconomy.gov,https://www.fueleconomy.gov/feg/Find.do?action=sbs&id=20206&id=20207&id=20328,Automatic (S5) or Automatic 5-spd,https://images.khmer24.co/26-05-17/lexus-rx-330-2004-full-option-1--504031177898268031063099-b.jpg
13655844,HONDA ENS2 សេរី2025 (មានស្តុកស្រាប់),Honda,e:N Series,2025,23999,New,Not reported,"Saensokh, Phnom Penh",Phnom Penh,Sedan,Electricity,2026-07-28,https://www.khmer24.com/en/post-adid-13655844,N/A (electric),N/A (electric),Up to 545 km CLTC range for the e:NP2/e:NS2 family,5,Official manufacturer model-family range,The official range uses China's CLTC cycle. Confirm whether the listing is e:NP2 or e:NS2 and verify battery trim.,Honda Global e:NP2/e:NS2 release,https://global.honda/en/newsroom/news/2024/c240425aeng.html,Single-speed electric drive,https://images.khmer24.co/26-05-05/honda-ens2-2026--1105127177795659293544423-b.jpg
13477945,Ford Territory ស៊េរីឆ្នាំ​ 2026 ទិញភ្លាម​ បានភ្លាម,Ford,Territory,2026,38900,New,Not reported,"Chamkar Mon, Phnom Penh",Phnom Penh,SUV,Gasoline,2026-07-28,https://www.khmer24.com/en/post-adid-13477945,Varies by engine; exact trim not identified,Varies by engine; exact trim not identified,Official figure unavailable: seller did not identify the exact engine/trim,Usually 5–8; exact model/trim not identified,Seller did not identify exact configuration,"The marketplace listing lacks enough model, engine, battery, or trim detail for a responsible numeric claim. The card states the limitation instead of inventing data.",Khmer24 listing,https://www.khmer24.com/en/post-adid-13477945,Varies by trim; exact gearbox not identified,https://images.khmer24.co/26-05-05/ford-territory-2026--723056177794521684680154-b.jpg
13227224,Kia Carnival 2019 Good Condition Good Price 💯,Kia,Carnival,2019,23500,Used,Not reported,"Saensokh, Phnom Penh",Phnom Penh,MPV,Gasoline,2026-07-28,https://www.khmer24.com/en/post-adid-13227224,4 or 6,2.2 L diesel or 3.5 L gasoline,7.5 L/100 km combined for an official regional diesel configuration,"7, 8, 9, or 11 depending on market",Official manufacturer model-family range,Carnival engines and seating layouts vary substantially by market and generation; confirm the listing's exact configuration.,Kia Carnival official specifications,https://www.kia.com/hk/en/showroom/carnival/specification.html,8-speed automatic (current family reference),https://images.khmer24.co/25-08-28/kia-carnival-2019-good-condition-good-price-ud83d-udcaf-423807175638423212374388-b.jpg
13539459,Mazda EZ-60 2025 មហាថ្មី​ ប្រេីបាន 6000km,Mazda,EZ-60,2025,35500,Used,Not reported,"Saensokh, Phnom Penh",Phnom Penh,Sedan,Gasoline,2026-07-28,https://www.khmer24.com/en/post-adid-13539459,Varies by engine; exact trim not identified,Varies by engine; exact trim not identified,Official figure unavailable: seller did not identify the exact engine/trim,Usually 4–5; exact model/trim not identified,Seller did not identify exact configuration,"The marketplace listing lacks enough model, engine, battery, or trim detail for a responsible numeric claim. The card states the limitation instead of inventing data.",Khmer24 listing,https://www.khmer24.com/en/post-adid-13539459,Varies by trim; exact gearbox not identified,https://images.khmer24.co/26-05-19/mazda-ez-60-2025-6000km-66194177918001334816727-b.jpg
13577479,Hyundai Custin 2025 7កៅអី,Hyundai,Custin,2025,40400,New,Not reported,"Doun Penh, Phnom Penh",Phnom Penh,Sedan,Gasoline,2026-07-28,https://www.khmer24.com/en/post-adid-13577479,4,1.5 L turbo gasoline,Official consumption varies by destination-market 1.5 T-GDI calibration,7,Official manufacturer model-family range,Official Philippine-market family reference; verify the Cambodian import's calibration and equipment.,Hyundai CUSTIN official brochure,https://www.hyundai.com/content/dam/hyundai/ph/en/data/marketing/brochure/product/custin/Custin-brochure-v2.pdf,8-speed automatic,https://images.khmer24.co/26-05-28/hyundai-custin-2025-7--914237177994947726647197-b.jpg
13763466,Nissan ប្រេីម៊ាសូត 2005 អូតូកាប់តាស់,Nissan,Model not identified,2005,9500,Used,Not reported,"Tuol Kouk, Phnom Penh",Phnom Penh,Sedan,Gasoline,2026-07-28,https://www.khmer24.com/en/post-adid-13763466,Varies by engine; exact trim not identified,Varies by engine; exact trim not identified,Official figure unavailable: seller did not identify the exact engine/trim,Usually 4–5; exact model/trim not identified,Seller did not identify exact configuration,"The marketplace listing lacks enough model, engine, battery, or trim detail for a responsible numeric claim. The card states the limitation instead of inventing data.",Khmer24 listing,https://www.khmer24.com/en/post-adid-13763466,Varies by trim; exact gearbox not identified,https://images.khmer24.co/26-07-13/nissan-2005--1294784178391938798792113-b.jpg
13267580,大空间SUV东风L7,Not identified,Model not identified,2026,25800,New,Not reported,"Saensokh, Phnom Penh",Phnom Penh,SUV,Gasoline,2026-07-28,https://www.khmer24.com/en/post-adid-13267580,Varies by engine; exact trim not identified,Varies by engine; exact trim not identified,Official figure unavailable: seller did not identify the exact engine/trim,Usually 5–8; exact model/trim not identified,Seller did not identify exact configuration,"The marketplace listing lacks enough model, engine, battery, or trim detail for a responsible numeric claim. The card states the limitation instead of inventing data.",Khmer24 listing,https://www.khmer24.com/en/post-adid-13267580,Varies by trim; exact gearbox not identified,https://images.khmer24.co/26-03-09/-suv-l7-1194216177303721839189847-b.jpg
13373563,Jeep gladiator rubicon pickup 2021 ជាប្រភេទឡានស្អាត  នាំចូលដោយក្រុមហ៊ុន,Jeep,gladiator rubicon pickup,2021,53000,Used,Not reported,"Chbar Ampov, Phnom Penh",Phnom Penh,Pickup,Gasoline,2026-07-28,https://www.khmer24.com/en/post-adid-13373563,6,3.6 L,19 mpg combined (EPA),Usually 2–5; exact cab configuration not identified,Exact year/make/model EPA range,"EPA values cover matching U.S.-market configurations. The imported Cambodian trim may use a different engine, transmission, battery, or test cycle.",U.S. DOE/EPA FuelEconomy.gov,https://www.fueleconomy.gov/feg/Find.do?action=sbs&id=42951&id=43011,Automatic 8-spd or Manual 6-spd,https://images.khmer24.co/26-04-04/jeep-gladiator-rubicon-pickup-2021-hgb-173634177528924720957433-b.jpg
13809783,ឡានលក់,Not identified,Model not identified,2025,26800,New,Not reported,"Saensokh, Phnom Penh",Phnom Penh,Sedan,Gasoline,2026-07-28,https://www.khmer24.com/en/post-adid-13809783,Varies by engine; exact trim not identified,Varies by engine; exact trim not identified,Official figure unavailable: seller did not identify the exact engine/trim,Usually 4–5; exact model/trim not identified,Seller did not identify exact configuration,"The marketplace listing lacks enough model, engine, battery, or trim detail for a responsible numeric claim. The card states the limitation instead of inventing data.",Khmer24 listing,https://www.khmer24.com/en/post-adid-13809783,Varies by trim; exact gearbox not identified,https://images.khmer24.co/26-07-25/--297212178496311631722781-b.jpg
13769249,ALPHARD VIP SEAT 2012 Hybrid 25900$,Toyota,Alphard,2012,25900,Used,Not reported,"Chrouy Changva, Phnom Penh",Phnom Penh,MPV,Hybrid,2026-07-28,https://www.khmer24.com/en/post-adid-13769249,4 or 6,"2.4 L, 2.5 L, or 3.5 L",9.5–19.4 km/L (official Japanese test cycles; powertrain dependent),6–8 depending on grade,Official manufacturer model-family range,Official Alphard family figures span gasoline and hybrid grades. Confirm the imported vehicle's grade and test cycle.,Toyota Global Newsroom,https://global.toyota/en/newsroom/toyota/23310520.html,"Super CVT-i, e-CVT, or 6-speed automatic",https://images.khmer24.co/26-07-14/alphard-vip-seat-2012-hybrid-25900--1120370178402150489276806-b.jpg
13335590,2021 MAZDA3 Premium Sedan,Not identified,Mazda3,2021,27500,Used,Not reported,"Chrouy Changva, Phnom Penh",Phnom Penh,Sedan,Gasoline,2026-07-28,https://www.khmer24.com/en/post-adid-13335590,Varies by engine; exact trim not identified,Varies by engine; exact trim not identified,Official figure unavailable: seller did not identify the exact engine/trim,Usually 4–5; exact model/trim not identified,Seller did not identify exact configuration,"The marketplace listing lacks enough model, engine, battery, or trim detail for a responsible numeric claim. The card states the limitation instead of inventing data.",Khmer24 listing,https://www.khmer24.com/en/post-adid-13335590,Varies by trim; exact gearbox not identified,https://images.khmer24.co/26-06-23/2021-mazda3-options--878378178218825759865607-b.jpg
13639739,ស្តុកថ្មីមួយគ្រឿងទៀតហេីយពុកម៉ែបងប្អូន,Not identified,Model not identified,2010,16700,Used,Not reported,"Tuol Kouk, Phnom Penh",Phnom Penh,Hatchback,Gasoline,2026-07-28,https://www.khmer24.com/en/post-adid-13639739,Varies by engine; exact trim not identified,Varies by engine; exact trim not identified,Official figure unavailable: seller did not identify the exact engine/trim,Usually 4–5; exact model/trim not identified,Seller did not identify exact configuration,"The marketplace listing lacks enough model, engine, battery, or trim detail for a responsible numeric claim. The card states the limitation instead of inventing data.",Khmer24 listing,https://www.khmer24.com/en/post-adid-13639739,Varies by trim; exact gearbox not identified,https://images.khmer24.co/26-06-12/--1275883178124688477087432-b.jpg
13339784,2019 Toyota Alphard 3.5 V6 Luxury MPV,Toyota,Alphard,2019,96000,Used,Not reported,"Tuol Kouk, Phnom Penh",Phnom Penh,MPV,Gasoline,2026-07-28,https://www.khmer24.com/en/post-adid-13339784,4 or 6,"2.4 L, 2.5 L, or 3.5 L",9.5–19.4 km/L (official Japanese test cycles; powertrain dependent),6–8 depending on grade,Official manufacturer model-family range,Official Alphard family figures span gasoline and hybrid grades. Confirm the imported vehicle's grade and test cycle.,Toyota Global Newsroom,https://global.toyota/en/newsroom/toyota/23310520.html,"Super CVT-i, e-CVT, or 6-speed automatic",https://images.khmer24.co/26-03-26/2019-toyota-alphard-3-5-v6-luxury-mpv-826670177452622630325308-b.jpg
13619639,2024 BYD EV Car  Seagull,BYD,Seagull,2024,11300,Used,Not reported,"Saensokh, Phnom Penh",Phnom Penh,Hatchback,Electricity,2026-07-28,https://www.khmer24.com/en/post-adid-13619639,N/A (electric),N/A (electric),300–380 km NEDC range (sold globally as DOLPHIN MINI),4–5 depending on market version,Official manufacturer model-family range,BYD Seagull is marketed as DOLPHIN MINI in several export markets.,BYD DOLPHIN MINI official specification,https://www.byd.com/content/dam/byd-site/america-public/flyer/BYD-DOLPHIN-MINI-flyer-ES-20231116.pdf,Single-speed electric drive,https://images.khmer24.co/26-06-07/2024-byd-ev-car-seagull-1292818178084148415198863-b.jpg
13440459,Lexus NX200T 2015 F Sport Pong 2 Button 5 (ម្ចាស់ដើម),Lexus,NX,2015,33000,Used,Not reported,"Saensokh, Phnom Penh",Phnom Penh,SUV,Gasoline,2026-07-28,https://www.khmer24.com/en/post-adid-13440459,4,2 L or 2.5 L,24–32 mpg combined (EPA),Usually 5–8; exact model/trim not identified,Exact year/make/model EPA range,"EPA values cover matching U.S.-market configurations. The imported Cambodian trim may use a different engine, transmission, battery, or test cycle.",U.S. DOE/EPA FuelEconomy.gov,https://www.fueleconomy.gov/feg/Find.do?action=sbs&id=35785&id=35788&id=35912,Automatic (AV-S6) or Automatic (S6),https://images.khmer24.co/26-04-25/lexus-nx200t-2015-f-sport-pong-2-button-5--806719177709674132882944-b.jpg
13528984,Mercedes Benz C Coupe 2016 RWD,Mercedes-Benz,Mercedes Benz Coupe RWD,2016,38500,Used,Not reported,"Prampir Meakkakra, Phnom Penh",Phnom Penh,Coupe,Gasoline,2026-07-28,https://www.khmer24.com/en/post-adid-13528984,Varies by engine; exact trim not identified,Varies by engine; exact trim not identified,Official figure unavailable: seller did not identify the exact engine/trim,Usually 2–5; exact model/trim not identified,Seller did not identify exact configuration,"The marketplace listing lacks enough model, engine, battery, or trim detail for a responsible numeric claim. The card states the limitation instead of inventing data.",Khmer24 listing,https://www.khmer24.com/en/post-adid-13528984,Varies by trim; exact gearbox not identified,https://images.khmer24.co/26-05-17/mercedes-benz-c-coupe-1072003177900600853631866-b.jpg
13737611,5XXXX Porches boxster full option ឆ្នាំ015​,Not identified,718,2015,59000,Used,Not reported,"Chrouy Changva, Phnom Penh",Phnom Penh,Sports,Gasoline,2026-07-28,https://www.khmer24.com/en/post-adid-13737611,Varies by engine; exact trim not identified,Varies by engine; exact trim not identified,Official figure unavailable: seller did not identify the exact engine/trim,Usually 2–4; exact model/trim not identified,Seller did not identify exact configuration,"The marketplace listing lacks enough model, engine, battery, or trim detail for a responsible numeric claim. The card states the limitation instead of inventing data.",Khmer24 listing,https://www.khmer24.com/en/post-adid-13737611,Varies by trim; exact gearbox not identified,https://images.khmer24.co/26-07-06/5xxxx-porches-boxster-full-option-015--1232490178335344782207206-b.jpg
13597961,Porsche 911 Carrera - 2013,Porsche,911,2013,86000,Used,Not reported,"Mean Chey, Phnom Penh",Phnom Penh,Sports,Gasoline,2026-07-28,https://www.khmer24.com/en/post-adid-13597961,6,3.4 L or 3.8 L,19–23 mpg combined (EPA),Usually 2–4; exact model/trim not identified,Exact year/make/model EPA range,"EPA values cover matching U.S.-market configurations. The imported Cambodian trim may use a different engine, transmission, battery, or test cycle.",U.S. DOE/EPA FuelEconomy.gov,https://www.fueleconomy.gov/feg/Find.do?action=sbs&id=32375&id=32376&id=32377,Multiple EPA-listed transmissions,https://images.khmer24.co/26-06-02/porsche-911-carrera-2013-1044479178038554474098998-b.jpg
13748145,BMW 5281,BMW,Model not identified,2012,14000,Used,Not reported,"Saensokh, Phnom Penh",Phnom Penh,Sedan,Gasoline,2026-07-28,https://www.khmer24.com/en/post-adid-13748145,Varies by engine; exact trim not identified,Varies by engine; exact trim not identified,Official figure unavailable: seller did not identify the exact engine/trim,Usually 4–5; exact model/trim not identified,Seller did not identify exact configuration,"The marketplace listing lacks enough model, engine, battery, or trim detail for a responsible numeric claim. The card states the limitation instead of inventing data.",Khmer24 listing,https://www.khmer24.com/en/post-adid-13748145,Varies by trim; exact gearbox not identified,https://images.khmer24.co/26-07-09/bmw-5281-1287476178357562397356108-b.jpg
13782849,Mercedes CLA45 AMG smart key 2015 full option,Mercedes-Benz,CLA-Class,2015,25500,Used,Not reported,"Chbar Ampov, Phnom Penh",Phnom Penh,Sports,Gasoline,2026-07-28,https://www.khmer24.com/en/post-adid-13782849,4,2 L,26–30 mpg combined (EPA),Usually 2–4; exact model/trim not identified,Exact year/make/model EPA range,"EPA values cover matching U.S.-market configurations. The imported Cambodian trim may use a different engine, transmission, battery, or test cycle.",U.S. DOE/EPA FuelEconomy.gov,https://www.fueleconomy.gov/feg/Find.do?action=sbs&id=35954&id=35955&id=35956,Automatic (AM7),https://images.khmer24.co/26-07-18/mercedes-cla45-amg-smart-key-2015-full-option-1303769178434933747235351-b.jpg
13784769,Toyota Land Cruiser V6 Full Option 2008 ឡើង​ស៊េរី​2021 ធានា​ឡាន​ស្អាត​,Toyota,Land Cruiser,2008,38500,Used,Not reported,"Prampir Meakkakra, Phnom Penh",Phnom Penh,SUV,Gasoline,2026-07-28,https://www.khmer24.com/en/post-adid-13784769,8,5.7 L,15 mpg combined (EPA),Usually 5–8; exact model/trim not identified,Exact year/make/model EPA range,"EPA values cover matching U.S.-market configurations. The imported Cambodian trim may use a different engine, transmission, battery, or test cycle.",U.S. DOE/EPA FuelEconomy.gov,https://www.fueleconomy.gov/feg/Find.do?action=sbs&id=25055,Automatic (S6),https://images.khmer24.co/26-05-10/toyota-land-cruiser-v6-full-option-2008-2021--419007177839293898271883-b.jpg
13694227,LEXUS,Lexus,Model not identified,2002,9900,Used,Not reported,"Mean Chey, Phnom Penh",Phnom Penh,Sedan,Gasoline,2026-07-28,https://www.khmer24.com/en/post-adid-13694227,Varies by engine; exact trim not identified,Varies by engine; exact trim not identified,Official figure unavailable: seller did not identify the exact engine/trim,Usually 4–5; exact model/trim not identified,Seller did not identify exact configuration,"The marketplace listing lacks enough model, engine, battery, or trim detail for a responsible numeric claim. The card states the limitation instead of inventing data.",Khmer24 listing,https://www.khmer24.com/en/post-adid-13694227,Varies by trim; exact gearbox not identified,https://images.khmer24.co/26-06-25/lexus-1233515178238203956483260-b.jpg
13805243,HONDA eNS2 EV 2025,Honda,e:N Series,2025,23500,Used,Not reported,"Saensokh, Phnom Penh",Phnom Penh,Sedan,Electricity,2026-07-28,https://www.khmer24.com/en/post-adid-13805243,N/A (electric),N/A (electric),Up to 545 km CLTC range for the e:NP2/e:NS2 family,5,Official manufacturer model-family range,The official range uses China's CLTC cycle. Confirm whether the listing is e:NP2 or e:NS2 and verify battery trim.,Honda Global e:NP2/e:NS2 release,https://global.honda/en/newsroom/news/2024/c240425aeng.html,Single-speed electric drive,https://images.khmer24.co/26-07-24/honda-ens2-ev-2025-1184166178486560345861490-b.jpg
13592028,Ford Ranger XL 2.0L ឆ្នាំ2026​មានស្តុកៗភ្លាមៗ,Ford,Ranger,2026,39900,New,Not reported,"Chamkar Mon, Phnom Penh",Phnom Penh,Pickup,Gasoline,2026-07-28,https://www.khmer24.com/en/post-adid-13592028,4 or 6,2.3 L or 2.7 L or 3 L,17–23 mpg combined (EPA),5 for double-cab passenger configuration,Exact year/make/model EPA range,"EPA values cover matching U.S.-market configurations. The imported Cambodian trim may use a different engine, transmission, battery, or test cycle.",U.S. DOE/EPA FuelEconomy.gov,https://www.fueleconomy.gov/feg/Find.do?action=sbs&id=50095&id=50105&id=50106,Automatic (S10),https://images.khmer24.co/26-06-01/ford-ranger-xl-2-0l-2026--295167178028318099492005-b.jpg
13799856,KIA CARNIVAL 11កៅអី Full option,Kia,Carnival,2019,22500,Used,Not reported,"Chbar Ampov, Phnom Penh",Phnom Penh,MPV,Gasoline,2026-07-28,https://www.khmer24.com/en/post-adid-13799856,4 or 6,2.2 L diesel or 3.5 L gasoline,7.5 L/100 km combined for an official regional diesel configuration,"7, 8, 9, or 11 depending on market",Official manufacturer model-family range,Carnival engines and seating layouts vary substantially by market and generation; confirm the listing's exact configuration.,Kia Carnival official specifications,https://www.kia.com/hk/en/showroom/carnival/specification.html,8-speed automatic (current family reference),https://images.khmer24.co/26-07-22/kia-carnival-11-full-option-294815178472373257522292-b.jpg
13594733,Mazda,Mazda,Model not identified,2020,29500,Used,Not reported,"Chbar Ampov, Phnom Penh",Phnom Penh,Sedan,Gasoline,2026-07-28,https://www.khmer24.com/en/post-adid-13594733,Varies by engine; exact trim not identified,Varies by engine; exact trim not identified,Official figure unavailable: seller did not identify the exact engine/trim,Usually 4–5; exact model/trim not identified,Seller did not identify exact configuration,"The marketplace listing lacks enough model, engine, battery, or trim detail for a responsible numeric claim. The card states the limitation instead of inventing data.",Khmer24 listing,https://www.khmer24.com/en/post-adid-13594733,Varies by trim; exact gearbox not identified,https://images.khmer24.co/26-06-01/mazda-763718178031955771826619-b.jpg
13660893,Hyundai Starex,Hyundai,Starex,2014,16500,Used,Not reported,"Por Senchey, Phnom Penh",Phnom Penh,Sedan,Gasoline,2026-07-28,https://www.khmer24.com/en/post-adid-13660893,Varies by engine; exact trim not identified,Varies by engine; exact trim not identified,Official figure unavailable: seller did not identify the exact engine/trim,Usually 4–5; exact model/trim not identified,Seller did not identify exact configuration,"The marketplace listing lacks enough model, engine, battery, or trim detail for a responsible numeric claim. The card states the limitation instead of inventing data.",Khmer24 listing,https://www.khmer24.com/en/post-adid-13660893,Varies by trim; exact gearbox not identified,https://images.khmer24.co/26-06-17/hyundai-starex-1199706178169323773987348-b.jpg
13545604,NISSAN FRONTIER 2005 V6 P1 សាំង +ហ្គាស,Nissan,FRONTIER,2005,11800,Used,Not reported,"Por Senchey, Phnom Penh",Phnom Penh,Sedan,Gasoline,2026-07-28,https://www.khmer24.com/en/post-adid-13545604,4 or 6,2.5 L or 4 L,16–21 mpg combined (EPA),Usually 4–5; exact model/trim not identified,Exact year/make/model EPA range,"EPA values cover matching U.S.-market configurations. The imported Cambodian trim may use a different engine, transmission, battery, or test cycle.",U.S. DOE/EPA FuelEconomy.gov,https://www.fueleconomy.gov/feg/Find.do?action=sbs&id=21570&id=21571&id=21572,Multiple EPA-listed transmissions,https://images.khmer24.co/26-05-21/nissan-frontier-2005-v6-p1--789501177931849360345767-b.jpg
13250892,🔥RangeEvoque 012V4ម៉ាស៊ូត ឡានទ្វារ2Suvកាត់ស្ព័រ ឡានមូល ម៉ាសុីនប្រអប់លេខអ៊ែម,Not identified,RangeEvoque Suv,2012,13900,Used,Not reported,"Por Senchey, Phnom Penh",Phnom Penh,SUV,Gasoline,2026-07-28,https://www.khmer24.com/en/post-adid-13250892,Varies by engine; exact trim not identified,Varies by engine; exact trim not identified,Official figure unavailable: seller did not identify the exact engine/trim,Usually 5–8; exact model/trim not identified,Seller did not identify exact configuration,"The marketplace listing lacks enough model, engine, battery, or trim detail for a responsible numeric claim. The card states the limitation instead of inventing data.",Khmer24 listing,https://www.khmer24.com/en/post-adid-13250892,Varies by trim; exact gearbox not identified,https://images.khmer24.co/26-03-04/-ud83d-udd25rangeevoque-012v4-2suv--459123177264070937661469-b.jpg
13804678,"2025 Toyota pickup truck, 30,000 kilometers on the odometer.",Toyota,pickup truck kilometers on,2025,35800,Used,Not reported,"Saensokh, Phnom Penh",Phnom Penh,Pickup,Gasoline,2026-07-28,https://www.khmer24.com/en/post-adid-13804678,Varies by engine; exact trim not identified,Varies by engine; exact trim not identified,Official figure unavailable: seller did not identify the exact engine/trim,Usually 2–5; exact cab configuration not identified,Seller did not identify exact configuration,"The marketplace listing lacks enough model, engine, battery, or trim detail for a responsible numeric claim. The card states the limitation instead of inventing data.",Khmer24 listing,https://www.khmer24.com/en/post-adid-13804678,Varies by trim; exact gearbox not identified,https://images.khmer24.co/26-05-23/2025-toyota-pickup-truck-30-000-kilometers-on-the-odometer--1222462177952685564497080-b.jpg
13582439,BMW i3 2014 full option ឡានស្អាត,BMW,i3,2014,10500,Used,Not reported,"Dangkao, Phnom Penh",Phnom Penh,Sedan,Electricity,2026-07-28,https://www.khmer24.com/en/post-adid-13582439,N/A (electric),N/A (electric),Range unavailable: seller did not identify the exact battery/model version,Usually 4–5; exact model/trim not identified,Seller did not identify exact configuration,"The marketplace listing lacks enough model, engine, battery, or trim detail for a responsible numeric claim. The card states the limitation instead of inventing data.",Khmer24 listing,https://www.khmer24.com/en/post-adid-13582439,Single-speed electric drive,https://images.khmer24.co/26-05-29/bmw-i3-2014-full-option--226300178003985422644796-b.jpg
13787499,ALPHARD 2015​ ក្នងលឿង HYBRID Full តាបឡូសុីន,Toyota,Alphard,2015,36000,Used,Not reported,"Mean Chey, Phnom Penh",Phnom Penh,MPV,Hybrid,2026-07-28,https://www.khmer24.com/en/post-adid-13787499,4 or 6,"2.4 L, 2.5 L, or 3.5 L",9.5–19.4 km/L (official Japanese test cycles; powertrain dependent),6–8 depending on grade,Official manufacturer model-family range,Official Alphard family figures span gasoline and hybrid grades. Confirm the imported vehicle's grade and test cycle.,Toyota Global Newsroom,https://global.toyota/en/newsroom/toyota/23310520.html,"Super CVT-i, e-CVT, or 6-speed automatic",https://images.khmer24.co/26-07-19/alphard-2015-hybrid-full--492344178445613234816457-b.jpg
13719833,Toyota  Prius 2023 Sedan​ ស្អាតបែប Luxury ទាន់សម័យ បើកបរបែប Sport ហើយសន្សំសាំងអស្ចារ្យ,Toyota,Prius,2023,42500,Used,Not reported,"Saensokh, Phnom Penh",Phnom Penh,Hatchback,Hybrid,2026-07-28,https://www.khmer24.com/en/post-adid-13719833,4,2 L,49–57 mpg combined (EPA),Usually 4–5; exact model/trim not identified,Exact year/make/model EPA range,"EPA values cover matching U.S.-market configurations. The imported Cambodian trim may use a different engine, transmission, battery, or test cycle.",U.S. DOE/EPA FuelEconomy.gov,https://www.fueleconomy.gov/feg/Find.do?action=sbs&id=46359&id=46360&id=46361,Automatic (variable gear ratios),https://images.khmer24.co/26-07-02/sales-682900178296443338412134-b.jpg
13696252,លក់ប្រញាប់លុយ,Not identified,Model not identified,2012,16500,Used,Not reported,"Por Senchey, Phnom Penh",Phnom Penh,Hatchback,Gasoline,2026-07-28,https://www.khmer24.com/en/post-adid-13696252,Varies by engine; exact trim not identified,Varies by engine; exact trim not identified,Official figure unavailable: seller did not identify the exact engine/trim,Usually 4–5; exact model/trim not identified,Seller did not identify exact configuration,"The marketplace listing lacks enough model, engine, battery, or trim detail for a responsible numeric claim. The card states the limitation instead of inventing data.",Khmer24 listing,https://www.khmer24.com/en/post-adid-13696252,Varies by trim; exact gearbox not identified,https://images.khmer24.co/26-06-26/--1247918178244367676387406-b.jpg
13339926,2019 Toyota Alphard 3.5 V6 Luxury MPV,Toyota,Alphard,2019,97000,Used,Not reported,"Tuol Kouk, Phnom Penh",Phnom Penh,MPV,Gasoline,2026-07-28,https://www.khmer24.com/en/post-adid-13339926,4 or 6,"2.4 L, 2.5 L, or 3.5 L",9.5–19.4 km/L (official Japanese test cycles; powertrain dependent),6–8 depending on grade,Official manufacturer model-family range,Official Alphard family figures span gasoline and hybrid grades. Confirm the imported vehicle's grade and test cycle.,Toyota Global Newsroom,https://global.toyota/en/newsroom/toyota/23310520.html,"Super CVT-i, e-CVT, or 6-speed automatic",https://images.khmer24.co/26-03-26/2019-toyota-alphard-3-5-v6-luxury-mpv-826670177452953237874339-b.jpg
13781474,"BYD Yuan Up 2024 $17,900 ចចារ អគ្គីសនី410គីឡូ",BYD,Yuan Up,2024,17900,Used,Not reported,"Saensokh, Phnom Penh",Phnom Penh,Sedan,Electricity,2026-07-28,https://www.khmer24.com/en/post-adid-13781474,N/A (electric),N/A (electric),Range unavailable: seller did not identify the exact battery/model version,Usually 4–5; exact model/trim not identified,Seller did not identify exact configuration,"The marketplace listing lacks enough model, engine, battery, or trim detail for a responsible numeric claim. The card states the limitation instead of inventing data.",Khmer24 listing,https://www.khmer24.com/en/post-adid-13781474,Single-speed electric drive,https://images.khmer24.co/26-07-17/byd-yuan-up-2024-17-900-410--312611178430734077678031-b.jpg
13811107,Discovery Sport Full option ប្រភេទឡានស្អាត,Not identified,Discovery Sport,2015,17500,Used,Not reported,"Dangkao, Phnom Penh",Phnom Penh,SUV,Gasoline,2026-07-28,https://www.khmer24.com/en/post-adid-13811107,Varies by engine; exact trim not identified,Varies by engine; exact trim not identified,Official figure unavailable: seller did not identify the exact engine/trim,Usually 5–8; exact model/trim not identified,Seller did not identify exact configuration,"The marketplace listing lacks enough model, engine, battery, or trim detail for a responsible numeric claim. The card states the limitation instead of inventing data.",Khmer24 listing,https://www.khmer24.com/en/post-adid-13811107,Varies by trim; exact gearbox not identified,https://images.khmer24.co/26-07-25/discovery-sport-full-option--294001178499047353447708-b.jpg
13745332,Mercedes Benz C300 C Coupe 2017 Upgrade 2022,Mercedes-Benz,C-Class,2017,34000,Used,Not reported,"Ruessei Kaev, Phnom Penh",Phnom Penh,Coupe,Gasoline,2026-07-28,https://www.khmer24.com/en/post-adid-13745332,4 or 6 or 8,2 L or 3 L or 4 L,19–30 mpg combined (EPA),Usually 2–5; exact model/trim not identified,Exact year/make/model EPA range,"EPA values cover matching U.S.-market configurations. The imported Cambodian trim may use a different engine, transmission, battery, or test cycle.",U.S. DOE/EPA FuelEconomy.gov,https://www.fueleconomy.gov/feg/Find.do?action=sbs&id=37428&id=37461&id=37913,Automatic 7-spd or Automatic 9-spd,https://images.khmer24.co/26-07-08/mercedes-benz-c300-c-coupe-2017-upgrade-2022-312064178350671796175339-b.jpg
13789606,លក់,Not identified,Model not identified,2007,13300,Used,Not reported,"Mean Chey, Phnom Penh",Phnom Penh,Convertible,Gasoline,2026-07-28,https://www.khmer24.com/en/post-adid-13789606,Varies by engine; exact trim not identified,Varies by engine; exact trim not identified,Official figure unavailable: seller did not identify the exact engine/trim,Usually 2–4; exact model/trim not identified,Seller did not identify exact configuration,"The marketplace listing lacks enough model, engine, battery, or trim detail for a responsible numeric claim. The card states the limitation instead of inventing data.",Khmer24 listing,https://www.khmer24.com/en/post-adid-13789606,Varies by trim; exact gearbox not identified,https://images.khmer24.co/26-07-20/--175566178452189571570879-b.jpg
13331596,Porsche Panamera 4S Excutive 2.9 មាសុីនជំនាន់ថ្មី,Porsche,Panamera,2017,125000,Used,Not reported,"Saensokh, Phnom Penh",Phnom Penh,Sedan,Gasoline,2026-07-28,https://www.khmer24.com/en/post-adid-13331596,6 or 8,2.9 L or 3 L or 4 L,21–24 mpg combined (EPA),Usually 4–5; exact model/trim not identified,Exact year/make/model EPA range,"EPA values cover matching U.S.-market configurations. The imported Cambodian trim may use a different engine, transmission, battery, or test cycle.",U.S. DOE/EPA FuelEconomy.gov,https://www.fueleconomy.gov/feg/Find.do?action=sbs&id=38593&id=38594&id=38595,Automatic (AM-S8),https://images.khmer24.co/26-03-24/porsche-panamera-4s-excutive-2-9--277144177436555189546817-b.jpg
13761991,BMW 740Li 2012 up 2025,BMW,7 Series,2012,25000,Used,Not reported,"Saensokh, Phnom Penh",Phnom Penh,Sedan,Gasoline,2026-07-28,https://www.khmer24.com/en/post-adid-13761991,6 or 8 or 12,3 L or 4.4 L or 6 L,15–20 mpg combined (EPA),Usually 4–5; exact model/trim not identified,Exact year/make/model EPA range,"EPA values cover matching U.S.-market configurations. The imported Cambodian trim may use a different engine, transmission, battery, or test cycle.",U.S. DOE/EPA FuelEconomy.gov,https://www.fueleconomy.gov/feg/Find.do?action=sbs&id=31228&id=31229&id=31230,Automatic (S6) or Automatic (S8),https://images.khmer24.co/26-07-13/bmw-740li-2012-up-2025-499614178387979694325371-b.jpg
13810472,Mercedes Benz AMG GTS 2015 Full option,Mercedes-Benz,Mercedes Benz AMG GTS,2015,99500,Used,Not reported,"Por Senchey, Phnom Penh",Phnom Penh,Sports,Gasoline,2026-07-28,https://www.khmer24.com/en/post-adid-13810472,Varies by engine; exact trim not identified,Varies by engine; exact trim not identified,Official figure unavailable: seller did not identify the exact engine/trim,Usually 2–4; exact model/trim not identified,Seller did not identify exact configuration,"The marketplace listing lacks enough model, engine, battery, or trim detail for a responsible numeric claim. The card states the limitation instead of inventing data.",Khmer24 listing,https://www.khmer24.com/en/post-adid-13810472,Varies by trim; exact gearbox not identified,https://images.khmer24.co/26-07-25/mercedes-benz-amg-gts-2015-full-option-550023178497404230215857-b.jpg
13785854,Toyota,Toyota,Model not identified,2003,13800,Used,Not reported,"Doun Penh, Phnom Penh",Phnom Penh,Sedan,Gasoline,2026-07-28,https://www.khmer24.com/en/post-adid-13785854,Varies by engine; exact trim not identified,Varies by engine; exact trim not identified,Official figure unavailable: seller did not identify the exact engine/trim,Usually 4–5; exact model/trim not identified,Seller did not identify exact configuration,"The marketplace listing lacks enough model, engine, battery, or trim detail for a responsible numeric claim. The card states the limitation instead of inventing data.",Khmer24 listing,https://www.khmer24.com/en/post-adid-13785854,Varies by trim; exact gearbox not identified,https://images.khmer24.co/26-07-19/toyota-387683178443059678039291-b.jpg
13718938,Lexus 300 ពណ័ ស 02 pong 2 ឡានស្អាតអត់បុកអត់ប៉ះ ទឹកថ្នាំសុីន ម៉ាសុីស្ងាត់ ជើងក្រោមហាប់ល្អ សំបកកង់ថ្មី,Lexus,pong,2002,10500,Used,Not reported,"Mean Chey, Phnom Penh",Phnom Penh,Sedan,Gasoline,2026-07-28,https://www.khmer24.com/en/post-adid-13718938,Varies by engine; exact trim not identified,Varies by engine; exact trim not identified,Official figure unavailable: seller did not identify the exact engine/trim,Usually 4–5; exact model/trim not identified,Seller did not identify exact configuration,"The marketplace listing lacks enough model, engine, battery, or trim detail for a responsible numeric claim. The card states the limitation instead of inventing data.",Khmer24 listing,https://www.khmer24.com/en/post-adid-13718938,Varies by trim; exact gearbox not identified,https://images.khmer24.co/26-07-02/lexus-300-02-pong-2--332916178295642014760769-b.jpg
13759846,HONDA eNS2 2025,Honda,e:N Series,2025,23500,Used,Not reported,"Saensokh, Phnom Penh",Phnom Penh,Sedan,Electricity,2026-07-28,https://www.khmer24.com/en/post-adid-13759846,N/A (electric),N/A (electric),Up to 545 km CLTC range for the e:NP2/e:NS2 family,5,Official manufacturer model-family range,The official range uses China's CLTC cycle. Confirm whether the listing is e:NP2 or e:NS2 and verify battery trim.,Honda Global e:NP2/e:NS2 release,https://global.honda/en/newsroom/news/2024/c240425aeng.html,Single-speed electric drive,https://images.khmer24.co/26-07-12/honda-ens2-2025-1224932178382996734989675-b.jpg
13195782,Ford F-150 Raptor 2017,Ford,F-150,2017,53000,Used,Not reported,"Tuol Kouk, Phnom Penh",Phnom Penh,Pickup,Gasoline,2026-07-28,https://www.khmer24.com/en/post-adid-13195782,6 or 8,2.7 L or 3.5 L or 5 L,16–22 mpg combined (EPA),Usually 2–5; exact cab configuration not identified,Exact year/make/model EPA range,"EPA values cover matching U.S.-market configurations. The imported Cambodian trim may use a different engine, transmission, battery, or test cycle.",U.S. DOE/EPA FuelEconomy.gov,https://www.fueleconomy.gov/feg/Find.do?action=sbs&id=38215&id=38261&id=38262,Multiple EPA-listed transmissions,https://images.khmer24.co/25-11-25/ford-f-150-raptor-2017-371302176407957254744240-b.jpg
13711574,Kia Ray 2015,Kia,Ray,2015,10500,Used,Not reported,"Chrouy Changva, Phnom Penh",Phnom Penh,Hatchback,Gasoline,2026-07-28,https://www.khmer24.com/en/post-adid-13711574,Varies by engine; exact trim not identified,Varies by engine; exact trim not identified,Official figure unavailable: seller did not identify the exact engine/trim,Usually 4–5; exact model/trim not identified,Seller did not identify exact configuration,"The marketplace listing lacks enough model, engine, battery, or trim detail for a responsible numeric claim. The card states the limitation instead of inventing data.",Khmer24 listing,https://www.khmer24.com/en/post-adid-13711574,Varies by trim; exact gearbox not identified,https://images.khmer24.co/26-06-30/kia-ray-2015-1254370178278922660198078-b.jpg
13794320,2021 Mazda Thunder (Full),Mazda,BT-50,2021,29900,Used,Not reported,"Chamkar Mon, Phnom Penh",Phnom Penh,Sedan,Gasoline,2026-07-28,https://www.khmer24.com/en/post-adid-13794320,4 or 5,"1.9 L, 2.2 L, 3.0 L, or 3.2 L diesel",6.3–9.2 L/100 km across official generation/powertrain references,2–5 depending on cab configuration,Official manufacturer model-family range,BT-50 figures span several generations and cab configurations. Confirm the listing's engine and cab before purchase.,Mazda BT-50 official specifications,https://www.mazda.com.au/mazda-news/mazda-bt-50-20-year-history/,6-speed manual/automatic or current 8-speed automatic,https://images.khmer24.co/26-07-21/2021-mazda-thunder-full--902239178461395673653073-b.jpg
13609555,"Hyundai Staria Lounge 56,400$",Hyundai,Staria,2025,56400,New,Not reported,"Doun Penh, Phnom Penh",Phnom Penh,MPV,Gasoline,2026-07-28,https://www.khmer24.com/en/post-adid-13609555,4 or 6,2.2 L diesel or 3.5 L gasoline,Official consumption varies by 2.2 diesel or 3.5 gasoline market trim,"3, 7, 10, or 11 depending on configuration",Official manufacturer model-family range,The seller must confirm whether the listing is a passenger or cargo version and identify its market specification.,Hyundai STARIA official brochure,https://www.hyundai.com/content/dam/hyundai/ph/en/data/marketing/brochure/product/staria-2021/staria-0702622.pdf,6-speed manual or 8-speed automatic,https://images.khmer24.co/26-06-05/hyundai-staria-lounge-56-400--1156798178062796086927038-b.jpg
13674679,Nissan Frontier 06ប៉ុង2ដាក់ហ្គាស់រួចម្ចាស់ទី1រំលស់សុត100%បាន25ខេត្តក្រុងបងរំលស់200ជាង/ខែរ,Nissan,Frontier,2006,10800,Used,Not reported,"Saensokh, Phnom Penh",Phnom Penh,Sedan,Gasoline,2026-07-28,https://www.khmer24.com/en/post-adid-13674679,4 or 6,2.5 L or 4 L,16–21 mpg combined (EPA),Usually 4–5; exact model/trim not identified,Exact year/make/model EPA range,"EPA values cover matching U.S.-market configurations. The imported Cambodian trim may use a different engine, transmission, battery, or test cycle.",U.S. DOE/EPA FuelEconomy.gov,https://www.fueleconomy.gov/feg/Find.do?action=sbs&id=22227&id=22228&id=22229,Multiple EPA-listed transmissions,https://images.khmer24.co/26-06-21/nissan-frontier-06-2-1-100-25-200--285673178201604839071336-b.jpg
13663075,2015 Land Rover Discovery Sport Luxury SUV,Land Rover,Discovery Sport Luxury SUV,2015,18000,Used,Not reported,"Tuol Kouk, Phnom Penh",Phnom Penh,SUV,Gasoline,2026-07-28,https://www.khmer24.com/en/post-adid-13663075,4,2 L,22 mpg combined (EPA),Usually 5–8; exact model/trim not identified,Exact year/make/model EPA range,"EPA values cover matching U.S.-market configurations. The imported Cambodian trim may use a different engine, transmission, battery, or test cycle.",U.S. DOE/EPA FuelEconomy.gov,https://www.fueleconomy.gov/feg/Find.do?action=sbs&id=36006,Automatic (S9),https://images.khmer24.co/26-06-18/-ud83d-udd25-2015-land-rover-discovery-sport-luxury-suv-ud83d-udd25-826670178175546440051060-b.jpg
13773076,រថយន្តមួយទឹក TOYOTA Pickup 2019 តួររថយន្តនៅថ្មីមួយជុំ,Toyota,Model not identified,2019,28500,Used,Not reported,"Chrouy Changva, Phnom Penh",Phnom Penh,Pickup,Gasoline,2026-07-28,https://www.khmer24.com/en/post-adid-13773076,Varies by engine; exact trim not identified,Varies by engine; exact trim not identified,Official figure unavailable: seller did not identify the exact engine/trim,Usually 2–5; exact cab configuration not identified,Seller did not identify exact configuration,"The marketplace listing lacks enough model, engine, battery, or trim detail for a responsible numeric claim. The card states the limitation instead of inventing data.",Khmer24 listing,https://www.khmer24.com/en/post-adid-13773076,Varies by trim; exact gearbox not identified,https://images.khmer24.co/26-07-15/-toyota-pickup-2019--1254427178410921713954145-b.jpg
13786685,Xiaomi YU7 Standard 835km,Not identified,Xiaomi YU Standard km,2025,58700,Used,Not reported,"Chrouy Changva, Phnom Penh",Phnom Penh,Sedan,Gasoline,2026-07-28,https://www.khmer24.com/en/post-adid-13786685,Varies by engine; exact trim not identified,Varies by engine; exact trim not identified,Official figure unavailable: seller did not identify the exact engine/trim,Usually 4–5; exact model/trim not identified,Seller did not identify exact configuration,"The marketplace listing lacks enough model, engine, battery, or trim detail for a responsible numeric claim. The card states the limitation instead of inventing data.",Khmer24 listing,https://www.khmer24.com/en/post-adid-13786685,Varies by trim; exact gearbox not identified,https://images.khmer24.co/26-07-19/xiaomi-yu7-standard-835km-1021470178444249823089112-b.jpg
13495949,Toyota Camry Hybrid,Toyota,Camry,2007,13800,Used,Not reported,"Ruessei Kaev, Phnom Penh",Phnom Penh,Sedan,Hybrid,2026-07-28,https://www.khmer24.com/en/post-adid-13495949,4,2.4 L,34 mpg combined (EPA),Usually 4–5; exact model/trim not identified,Exact year/make/model EPA range,"EPA values cover matching U.S.-market configurations. The imported Cambodian trim may use a different engine, transmission, battery, or test cycle.",U.S. DOE/EPA FuelEconomy.gov,https://www.fueleconomy.gov/feg/Find.do?action=sbs&id=22825,Automatic (variable gear ratios),https://images.khmer24.co/26-05-09/toyota-camry-hybrid-110468177830235295205315-b.jpg
13790218,BMW M5 F90 Sedan 2020,BMW,M5,2020,138800,Used,Not reported,"Por Senchey, Phnom Penh",Phnom Penh,Sedan,Gasoline,2026-07-28,https://www.khmer24.com/en/post-adid-13790218,8,4.4 L,17 mpg combined (EPA),Usually 4–5; exact model/trim not identified,Exact year/make/model EPA range,"EPA values cover matching U.S.-market configurations. The imported Cambodian trim may use a different engine, transmission, battery, or test cycle.",U.S. DOE/EPA FuelEconomy.gov,https://www.fueleconomy.gov/feg/Find.do?action=sbs&id=42002,Automatic (S8),https://images.khmer24.co/26-07-20/bmw-m5-f90-sedan-2020-1041951178453031857080813-b.jpg
13705054,ឡានក្រដាស់ពន្ធ,Not identified,Model not identified,2007,12500,Used,Not reported,"Por Senchey, Phnom Penh",Phnom Penh,Hatchback,Gasoline,2026-07-28,https://www.khmer24.com/en/post-adid-13705054,Varies by engine; exact trim not identified,Varies by engine; exact trim not identified,Official figure unavailable: seller did not identify the exact engine/trim,Usually 4–5; exact model/trim not identified,Seller did not identify exact configuration,"The marketplace listing lacks enough model, engine, battery, or trim detail for a responsible numeric claim. The card states the limitation instead of inventing data.",Khmer24 listing,https://www.khmer24.com/en/post-adid-13705054,Varies by trim; exact gearbox not identified,https://images.khmer24.co/26-06-28/--740538178262958311740385-b.jpg
13400777,MPV 7SEATER LUXURY 7កៅអី,Not identified,MPV SEATER LUXURY,2026,42900,New,Not reported,"Saensokh, Phnom Penh",Phnom Penh,MPV,Gasoline,2026-07-28,https://www.khmer24.com/en/post-adid-13400777,Varies by engine; exact trim not identified,Varies by engine; exact trim not identified,Official figure unavailable: seller did not identify the exact engine/trim,Usually 5–11; exact seating layout not identified,Seller did not identify exact configuration,"The marketplace listing lacks enough model, engine, battery, or trim detail for a responsible numeric claim. The card states the limitation instead of inventing data.",Khmer24 listing,https://www.khmer24.com/en/post-adid-13400777,Varies by trim; exact gearbox not identified,https://images.khmer24.co/26-04-12/mpv-7seater-luxury-7--1282215177596398678432758-b.jpg
13617412,BYD Atto3 Rang480km ក្រុមហ៊ុន,BYD,Atto 3,2022,19500,Used,Not reported,"Dangkao, Phnom Penh",Phnom Penh,Sedan,Electricity,2026-07-28,https://www.khmer24.com/en/post-adid-13617412,N/A (electric),N/A (electric),345–420 km WLTP range,5,Official manufacturer model-family range,Range depends on battery version; verify the Cambodian vehicle's battery capacity.,BYD ATTO 3 official brochure,https://www.byd.com/content/dam/byd-site/au/product/atto3/new-added%282024%29/24_atto3/20240603_2024%20ATTO%203%20brochure.pdf,Single-speed electric drive,https://images.khmer24.co/26-06-07/byd-atto3-19500--195940178080353469768679-b.jpg
13384615,2025 Ferrari Purosangue 6.5 V12,Ferrari,Purosangue,2025,850000,Used,Not reported,"Mean Chey, Phnom Penh",Phnom Penh,Sports,Gasoline,2026-07-28,https://www.khmer24.com/en/post-adid-13384615,12,6.5 L,12 mpg combined (EPA),Usually 2–4; exact model/trim not identified,Exact year/make/model EPA range,"EPA values cover matching U.S.-market configurations. The imported Cambodian trim may use a different engine, transmission, battery, or test cycle.",U.S. DOE/EPA FuelEconomy.gov,https://www.fueleconomy.gov/feg/Find.do?action=sbs&id=48634,Automatic (AM8),https://images.khmer24.co/26-05-28/2025-ferrari-purosangue-6-5-v12-1180117177992186030289892-b.jpg
13688845,Lamborghini Urus 4.0 V8 2020,Lamborghini,Urus,2020,288000,Used,Not reported,"Por Senchey, Phnom Penh",Phnom Penh,SUV,Gasoline,2026-07-28,https://www.khmer24.com/en/post-adid-13688845,8,4 L,14 mpg combined (EPA),Usually 5–8; exact model/trim not identified,Exact year/make/model EPA range,"EPA values cover matching U.S.-market configurations. The imported Cambodian trim may use a different engine, transmission, battery, or test cycle.",U.S. DOE/EPA FuelEconomy.gov,https://www.fueleconomy.gov/feg/Find.do?action=sbs&id=42058,Automatic (S8),https://images.khmer24.co/26-06-24/lamborghini-urus-4-0-v8-2020-1041951178228673725457801-b.jpg
13537365,Bentley flying spur,Bentley,Flying Spur,2014,98800,Used,Not reported,"Doun Penh, Phnom Penh",Phnom Penh,Sedan,Gasoline,2026-07-28,https://www.khmer24.com/en/post-adid-13537365,12,6 L,14 mpg combined (EPA),Usually 4–5; exact model/trim not identified,Exact year/make/model EPA range,"EPA values cover matching U.S.-market configurations. The imported Cambodian trim may use a different engine, transmission, battery, or test cycle.",U.S. DOE/EPA FuelEconomy.gov,https://www.fueleconomy.gov/feg/Find.do?action=sbs&id=33548,Automatic (S8),https://images.khmer24.co/26-05-19/bentley-flying-spur-525616177916023038414636-b.jpg
13799925,Maserati Levanta 2017 Up 2025,Maserati,Levanta Up,2017,36000,Used,Not reported,"Ruessei Kaev, Phnom Penh",Phnom Penh,Sedan,Gasoline,2026-07-28,https://www.khmer24.com/en/post-adid-13799925,Varies by engine; exact trim not identified,Varies by engine; exact trim not identified,Official figure unavailable: seller did not identify the exact engine/trim,Usually 4–5; exact model/trim not identified,Seller did not identify exact configuration,"The marketplace listing lacks enough model, engine, battery, or trim detail for a responsible numeric claim. The card states the limitation instead of inventing data.",Khmer24 listing,https://www.khmer24.com/en/post-adid-13799925,Varies by trim; exact gearbox not identified,https://images.khmer24.co/26-07-22/maserati-levanta-2017-up-2025-1082005178472527520668184-b.jpg
13731858,McLaren 650S 3.8 Spider 2015,McLaren,650S,2015,147500,Used,Not reported,"Por Senchey, Phnom Penh",Phnom Penh,Sports,Gasoline,2026-07-28,https://www.khmer24.com/en/post-adid-13731858,8,3.8 L,18 mpg combined (EPA),Usually 2–4; exact model/trim not identified,Exact year/make/model EPA range,"EPA values cover matching U.S.-market configurations. The imported Cambodian trim may use a different engine, transmission, battery, or test cycle.",U.S. DOE/EPA FuelEconomy.gov,https://www.fueleconomy.gov/feg/Find.do?action=sbs&id=35604&id=35605,Automatic 7-spd,https://images.khmer24.co/26-07-05/mclaren-650s-3-8-spider-2015-1193843178323406111491620-b.jpg
13623184,Rolls-royce មហាថ្មី98%    សុីនទាំងអស់,Rolls-Royce,Model not identified,2015,146500,Used,Not reported,"Saensokh, Phnom Penh",Phnom Penh,Sedan,Gasoline,2026-07-28,https://www.khmer24.com/en/post-adid-13623184,Varies by engine; exact trim not identified,Varies by engine; exact trim not identified,Official figure unavailable: seller did not identify the exact engine/trim,Usually 4–5; exact model/trim not identified,Seller did not identify exact configuration,"The marketplace listing lacks enough model, engine, battery, or trim detail for a responsible numeric claim. The card states the limitation instead of inventing data.",Khmer24 listing,https://www.khmer24.com/en/post-adid-13623184,Varies by trim; exact gearbox not identified,https://images.khmer24.co/26-06-08/rolls-royce-98--25796178091324997650538-b.jpg
13693275,Aston Martin DBX 2021 Gasoline V8,Aston Martin,DBX,2021,169000,Used,Not reported,"Prampir Meakkakra, Phnom Penh",Phnom Penh,SUV,Gasoline,2026-07-28,https://www.khmer24.com/en/post-adid-13693275,8,4 L,15 mpg combined (EPA),Usually 5–8; exact model/trim not identified,Exact year/make/model EPA range,"EPA values cover matching U.S.-market configurations. The imported Cambodian trim may use a different engine, transmission, battery, or test cycle.",U.S. DOE/EPA FuelEconomy.gov,https://www.fueleconomy.gov/feg/Find.do?action=sbs&id=43287,Automatic 9-spd,https://images.khmer24.co/26-06-25/aston-martin-dbx-2021-gasoline-v8-1072003178236925442141402-b.jpg
13524221,Subaru Forester 019,Subaru,Forester,2019,23000,Used,Not reported,"Cheung Prey, Kampong Cham",Kampong Cham,SUV,Gasoline,2026-07-28,https://www.khmer24.com/en/post-adid-13524221,4,2.5 L,29 mpg combined (EPA),Usually 5–8; exact model/trim not identified,Exact year/make/model EPA range,"EPA values cover matching U.S.-market configurations. The imported Cambodian trim may use a different engine, transmission, battery, or test cycle.",U.S. DOE/EPA FuelEconomy.gov,https://www.fueleconomy.gov/feg/Find.do?action=sbs&id=40381,Automatic (AV-S7),https://images.khmer24.co/26-05-16/subaru-forester-019-462504177890525925607123-b.jpg
13768384,ឡានលក់បងប្អូនប្រភេទMitsubishi-Monteroឆ្នាំ1993ឆ្វេងសុីនមាស៊ូតនៅសុំណុំតំលៃ4900$ចរចារបានឡាននៅហាប់តាន់,Mitsubishi,Montero,1993,4900,Used,Not reported,"Krong Siem Reab, Siem Reap",Siem Reap,SUV,Gasoline,2026-07-28,https://www.khmer24.com/en/post-adid-13768384,6,3 L,15 mpg combined (EPA),Usually 5–8; exact model/trim not identified,Exact year/make/model EPA range,"EPA values cover matching U.S.-market configurations. The imported Cambodian trim may use a different engine, transmission, battery, or test cycle.",U.S. DOE/EPA FuelEconomy.gov,https://www.fueleconomy.gov/feg/Find.do?action=sbs&id=10579&id=10580,Automatic 4-spd or Manual 5-spd,https://images.khmer24.co/26-07-14/-mitsubishi-montero-1993-4900--868323178401103377561214-b.jpg
13731875,Volkswagen Tiguan 2020 (7កៅអី),Volkswagen,Tiguan,2020,28000,Used,Not reported,"Tuol Kouk, Phnom Penh",Phnom Penh,SUV,Gasoline,2026-07-28,https://www.khmer24.com/en/post-adid-13731875,4,2 L,23–25 mpg combined (EPA),Usually 5–8; exact model/trim not identified,Exact year/make/model EPA range,"EPA values cover matching U.S.-market configurations. The imported Cambodian trim may use a different engine, transmission, battery, or test cycle.",U.S. DOE/EPA FuelEconomy.gov,https://www.fueleconomy.gov/feg/Find.do?action=sbs&id=42101&id=42104,Automatic (S8),https://images.khmer24.co/24-10-31/volkswagen-tiguan-2020-7--862400173034493912480642-b.jpg
13399780,Volvo xc90/2020 full operations,Volvo,XC90,2020,66900,Used,Not reported,"Doun Penh, Phnom Penh",Phnom Penh,SUV,Gasoline,2026-07-28,https://www.khmer24.com/en/post-adid-13399780,4,2 L,21–27 mpg combined (EPA),Usually 5–8; exact model/trim not identified,Exact year/make/model EPA range,"EPA values cover matching U.S.-market configurations. The imported Cambodian trim may use a different engine, transmission, battery, or test cycle.",U.S. DOE/EPA FuelEconomy.gov,https://www.fueleconomy.gov/feg/Find.do?action=sbs&id=41510&id=41528&id=41897,Automatic (S8),https://images.khmer24.co/25-10-08/volvo-xc90-2020-full-operations-550766175990348547209159-b.jpg
13612460,ពណ៌​កំពុង​ពេញ​និយម​ Chevrolet Spark 2014,Chevrolet,Spark,2014,7150,Used,Not reported,"Saensokh, Phnom Penh",Phnom Penh,Sedan,Gasoline,2026-07-28,https://www.khmer24.com/en/post-adid-13612460,4,1.2 L,33–34 mpg combined (EPA),Usually 4–5; exact model/trim not identified,Exact year/make/model EPA range,"EPA values cover matching U.S.-market configurations. The imported Cambodian trim may use a different engine, transmission, battery, or test cycle.",U.S. DOE/EPA FuelEconomy.gov,https://www.fueleconomy.gov/feg/Find.do?action=sbs&id=33786&id=33787,Automatic (variable gear ratios) or Manual 5-spd,https://images.khmer24.co/26-06-05/-chevrolet-spark-2014-284758178066248545044162-b.jpg
13593418,Suzuki celerio 2020,Suzuki,Celerio,2020,8900,Used,Not reported,"Saensokh, Phnom Penh",Phnom Penh,Sedan,Gasoline,2026-07-28,https://www.khmer24.com/en/post-adid-13593418,3,1.0 L,Up to 5.0 L/100 km (official regional model-family figure),5,Official manufacturer model-family range,Celerio figures vary by generation and destination market.,Suzuki Global Celerio specification,https://www.globalsuzuki.com/globalnews/2021/1110.html,5-speed manual or Auto Gear Shift,https://images.khmer24.co/26-06-01/suzuki-celerio-2020-1242937178029907834113967-b.jpg
13675782,Isuzu Dmax V-Cross 2023 Full options ប្រើបាន 72XXXkm ឡានទិញក្រុមហ៊ុន ម្ចាស់ដើមទី 1,Isuzu,D-Max,2023,34800,Used,Not reported,"Chbar Ampov, Phnom Penh",Phnom Penh,Pickup,Gasoline,2026-07-28,https://www.khmer24.com/en/post-adid-13675782,Varies by engine; exact trim not identified,Varies by engine; exact trim not identified,Official figure unavailable: seller did not identify the exact engine/trim,Usually 2–5; exact cab configuration not identified,Seller did not identify exact configuration,"The marketplace listing lacks enough model, engine, battery, or trim detail for a responsible numeric claim. The card states the limitation instead of inventing data.",Khmer24 listing,https://www.khmer24.com/en/post-adid-13675782,Varies by trim; exact gearbox not identified,https://images.khmer24.co/26-06-21/isuzu-dmax-v-cross-2023-full-options-72xxxkm-1-813499178203085460186908-b.jpg
13382926,PEUGEOT 3008 2022 Full Option,Peugeot,3008,2022,30000,Used,Not reported,"Dangkao, Phnom Penh",Phnom Penh,SUV,Gasoline,2026-07-28,https://www.khmer24.com/en/post-adid-13382926,4,1.6 L turbo gasoline family reference,Up to 12.6 km/L combined (official regional NEDC figure),5,Official manufacturer model-family range,Official regional specifications; earlier model years and imported engines can differ.,Peugeot 3008 official brochure,https://ksa.peugeot.com/content/dam/peugeot/saudi_arabia/brochure/PEUGEOT-Passenger-CAR-Brochure-3008_eng.pdf,6-speed automatic,https://images.khmer24.co/26-04-07/peugeot-3008-2022-full-option-1152487177552442961090749-b.jpg
13481871,Renault Koleos,Renault,Koleos,2018,25000,Used,Not reported,"Saensokh, Phnom Penh",Phnom Penh,Sedan,Gasoline,2026-07-28,https://www.khmer24.com/en/post-adid-13481871,Varies by engine; exact trim not identified,Varies by engine; exact trim not identified,Official figure unavailable: seller did not identify the exact engine/trim,Usually 4–5; exact model/trim not identified,Seller did not identify exact configuration,"The marketplace listing lacks enough model, engine, battery, or trim detail for a responsible numeric claim. The card states the limitation instead of inventing data.",Khmer24 listing,https://www.khmer24.com/en/post-adid-13481871,Varies by trim; exact gearbox not identified,https://images.khmer24.co/26-05-06/renault-koleos-313031177803222245413567-b.jpg
13305734,Escalade Cadillac 2025 ខ្លាញ់គោ Sport Platinum VIP seats,Cadillac,Escalade Sport Platinum VIP,2025,249000,New,Not reported,"Saensokh, Phnom Penh",Phnom Penh,SUV,Gasoline,2026-07-28,https://www.khmer24.com/en/post-adid-13305734,8,6.2 L,13–17 mpg combined (EPA),Usually 5–8; exact model/trim not identified,Exact year/make/model EPA range,"EPA values cover matching U.S.-market configurations. The imported Cambodian trim may use a different engine, transmission, battery, or test cycle.",U.S. DOE/EPA FuelEconomy.gov,https://www.fueleconomy.gov/feg/Find.do?action=sbs&id=48556&id=48620&id=48629,Automatic (S10) or Automatic 10-spd,https://images.khmer24.co/26-03-18/escalade-cadillac-2025-sport-platinum-vip-seats-233455177381898642760361-b.jpg
13722409,FOR SALE – Alfa Romeo 4C (2013),Alfa Romeo,4C,2013,59999,Used,Not reported,"Mean Chey, Phnom Penh",Phnom Penh,Sedan,Gasoline,2026-07-28,https://www.khmer24.com/en/post-adid-13722409,Varies by engine; exact trim not identified,Varies by engine; exact trim not identified,Official figure unavailable: seller did not identify the exact engine/trim,Usually 4–5; exact model/trim not identified,Seller did not identify exact configuration,"The marketplace listing lacks enough model, engine, battery, or trim detail for a responsible numeric claim. The card states the limitation instead of inventing data.",Khmer24 listing,https://www.khmer24.com/en/post-adid-13722409,Varies by trim; exact gearbox not identified,https://images.khmer24.co/26-05-02/for-sale-alfa-romeo-4c-2013--919000177771050079752098-b.jpg
13305163,Geely coolray 2026,Geely,coolray,2026,18900,Used,Not reported,"Prampir Meakkakra, Phnom Penh",Phnom Penh,SUV,Gasoline,2026-07-28,https://www.khmer24.com/en/post-adid-13305163,Varies by engine; exact trim not identified,Varies by engine; exact trim not identified,Official figure unavailable: seller did not identify the exact engine/trim,Usually 5–8; exact model/trim not identified,Seller did not identify exact configuration,"The marketplace listing lacks enough model, engine, battery, or trim detail for a responsible numeric claim. The card states the limitation instead of inventing data.",Khmer24 listing,https://www.khmer24.com/en/post-adid-13305163,Varies by trim; exact gearbox not identified,https://images.khmer24.co/26-03-18/geely-coolray-2026-975267177381309891416201-b.jpg
13724152,Changan Q05 Ultra2026,Changan,Q05,2026,22800,New,Not reported,"Chbar Ampov, Phnom Penh",Phnom Penh,Sedan,Gasoline,2026-07-28,https://www.khmer24.com/en/post-adid-13724152,Varies by engine; exact trim not identified,Varies by engine; exact trim not identified,Official figure unavailable: seller did not identify the exact engine/trim,Usually 4–5; exact model/trim not identified,Seller did not identify exact configuration,"The marketplace listing lacks enough model, engine, battery, or trim detail for a responsible numeric claim. The card states the limitation instead of inventing data.",Khmer24 listing,https://www.khmer24.com/en/post-adid-13724152,Varies by trim; exact gearbox not identified,https://images.khmer24.co/26-07-03/changan-q05-ultra2026-1285502178305302660058376-b.jpg
13749095,ឡានអគ្គីសនីLeapmotor KH,Leapmotor,KH,2026,28990,New,Not reported,"Mean Chey, Phnom Penh",Phnom Penh,Sedan,Electricity,2026-07-28,https://www.khmer24.com/en/post-adid-13749095,N/A (electric),N/A (electric),Range unavailable: seller did not identify the exact battery/model version,Usually 4–5; exact model/trim not identified,Seller did not identify exact configuration,"The marketplace listing lacks enough model, engine, battery, or trim detail for a responsible numeric claim. The card states the limitation instead of inventing data.",Khmer24 listing,https://www.khmer24.com/en/post-adid-13749095,Single-speed electric drive,https://images.khmer24.co/26-07-09/-leapmotor-kh-924490178358579028315265-b.jpg
13652491,Denza D9 DM-i 980 AWD,Denza,D9,2024,83800,New,Not reported,"Saensokh, Phnom Penh",Phnom Penh,MPV,Plug-in Hybrid,2026-07-28,https://www.khmer24.com/en/post-adid-13652491,Varies by engine; exact trim not identified,Varies by engine; exact trim not identified,Official figure unavailable: seller did not identify the exact engine/trim,Usually 5–11; exact seating layout not identified,Seller did not identify exact configuration,"The marketplace listing lacks enough model, engine, battery, or trim detail for a responsible numeric claim. The card states the limitation instead of inventing data.",Khmer24 listing,https://www.khmer24.com/en/post-adid-13652491,Varies by trim; exact gearbox not identified,https://images.khmer24.co/24-11-11/denza-d9-dm-i-980-awd-1059202173131501488337157-b.jpg
13557557,"XPeng X9 - Urgent Sale,",XPeng,X9,2025,60000,Used,Not reported,"Chbar Ampov, Phnom Penh",Phnom Penh,Sedan,Electricity,2026-07-28,https://www.khmer24.com/en/post-adid-13557557,N/A (electric),N/A (electric),535–580 km WLTP range,7,Official manufacturer model-family range,Official export-market range depends on battery and drive version.,XPENG X9 official configurator,https://store.xpeng.com/au/configurator/New_X9,Single-speed electric drive,https://images.khmer24.co/26-05-23/xpeng-x9-urgent-sale--5591177952646395263858-b.jpg
13708412,2024 zeekr 007,Zeekr,007,2024,33800,Used,Not reported,"Chbar Ampov, Phnom Penh",Phnom Penh,Sedan,Electricity,2026-07-28,https://www.khmer24.com/en/post-adid-13708412,N/A (electric),N/A (electric),Range unavailable: seller did not identify the exact battery/model version,Usually 4–5; exact model/trim not identified,Seller did not identify exact configuration,"The marketplace listing lacks enough model, engine, battery, or trim detail for a responsible numeric claim. The card states the limitation instead of inventing data.",Khmer24 listing,https://www.khmer24.com/en/post-adid-13708412,Single-speed electric drive,https://images.khmer24.co/26-06-29/2024-zeekr-007-463656178271278440183111-b.jpg
13696356,Gwm tank300,Great Wall,Tank 300,2025,48800,Used,Not reported,"Tuol Kouk, Phnom Penh",Phnom Penh,Sedan,Gasoline,2026-07-28,https://www.khmer24.com/en/post-adid-13696356,Varies by engine; exact trim not identified,Varies by engine; exact trim not identified,Official figure unavailable: seller did not identify the exact engine/trim,Usually 4–5; exact model/trim not identified,Seller did not identify exact configuration,"The marketplace listing lacks enough model, engine, battery, or trim detail for a responsible numeric claim. The card states the limitation instead of inventing data.",Khmer24 listing,https://www.khmer24.com/en/post-adid-13696356,Varies by trim; exact gearbox not identified,https://images.khmer24.co/26-06-26/gwm-tank300-262204178244459119812666-b.jpg
13740381,Jetour t2 2.0L turbo 2025 តួរវែង XWD,Jetour,T2,2025,49800,New,Not reported,"Chrouy Changva, Phnom Penh",Phnom Penh,SUV,Gasoline,2026-07-28,https://www.khmer24.com/en/post-adid-13740381,Varies by engine; exact trim not identified,Varies by engine; exact trim not identified,Official figure unavailable: seller did not identify the exact engine/trim,Usually 5–8; exact model/trim not identified,Seller did not identify exact configuration,"The marketplace listing lacks enough model, engine, battery, or trim detail for a responsible numeric claim. The card states the limitation instead of inventing data.",Khmer24 listing,https://www.khmer24.com/en/post-adid-13740381,Varies by trim; exact gearbox not identified,https://images.khmer24.co/26-07-07/jetour-t2-2-0l-turbo-2025-440602178341115689011908-b.jpg
13805236,JAC 2.5 ឆ្នាំ2025,JAC,Model not identified,2025,14900,Used,Not reported,"Boeng Keng Kang, Phnom Penh",Phnom Penh,Sedan,Gasoline,2026-07-28,https://www.khmer24.com/en/post-adid-13805236,Varies by engine; exact trim not identified,Varies by engine; exact trim not identified,Official figure unavailable: seller did not identify the exact engine/trim,Usually 4–5; exact model/trim not identified,Seller did not identify exact configuration,"The marketplace listing lacks enough model, engine, battery, or trim detail for a responsible numeric claim. The card states the limitation instead of inventing data.",Khmer24 listing,https://www.khmer24.com/en/post-adid-13805236,Varies by trim; exact gearbox not identified,https://images.khmer24.co/26-07-24/jac-2-5-2025-480403178486551197874547-b.jpg
13638589,NX 200T F Sport 2016 6ប៊ូតុង ប៉ុង2 គុជ3,Not identified,NX,2016,39500,Used,Not reported,"Saensokh, Phnom Penh",Phnom Penh,SUV,Gasoline,2026-07-28,https://www.khmer24.com/en/post-adid-13638589,Varies by engine; exact trim not identified,Varies by engine; exact trim not identified,Official figure unavailable: seller did not identify the exact engine/trim,Usually 5–8; exact model/trim not identified,Seller did not identify exact configuration,"The marketplace listing lacks enough model, engine, battery, or trim detail for a responsible numeric claim. The card states the limitation instead of inventing data.",Khmer24 listing,https://www.khmer24.com/en/post-adid-13638589,Varies by trim; exact gearbox not identified,https://images.khmer24.co/26-06-12/nx-200t-f-sport-2016-6-2-3-8583178123551047560560-b.jpg
13817656,Mercedes Benz C-Coupe AMG 2017 ( ក្រដាសពន្ធថ្មី),Mercedes-Benz,Mercedes Benz C-Coupe AMG,2017,35555,Used,Not reported,"Ruessei Kaev, Phnom Penh",Phnom Penh,Sports,Gasoline,2026-07-28,https://www.khmer24.com/en/post-adid-13817656,Varies by engine; exact trim not identified,Varies by engine; exact trim not identified,Official figure unavailable: seller did not identify the exact engine/trim,Usually 2–4; exact model/trim not identified,Seller did not identify exact configuration,"The marketplace listing lacks enough model, engine, battery, or trim detail for a responsible numeric claim. The card states the limitation instead of inventing data.",Khmer24 listing,https://www.khmer24.com/en/post-adid-13817656,Varies by trim; exact gearbox not identified,https://images.khmer24.co/26-07-27/mercedes-benz-c-coupe-amg-2017--400728178515133158540928-b.jpg
13634802,Lexus 330,Lexus,Model not identified,2004,21000,Used,Not reported,"Dangkao, Phnom Penh",Phnom Penh,Convertible,Gasoline,2026-07-28,https://www.khmer24.com/en/post-adid-13634802,Varies by engine; exact trim not identified,Varies by engine; exact trim not identified,Official figure unavailable: seller did not identify the exact engine/trim,Usually 2–4; exact model/trim not identified,Seller did not identify exact configuration,"The marketplace listing lacks enough model, engine, battery, or trim detail for a responsible numeric claim. The card states the limitation instead of inventing data.",Khmer24 listing,https://www.khmer24.com/en/post-adid-13634802,Varies by trim; exact gearbox not identified,https://images.khmer24.co/26-06-11/lexus-330-879964178115304690277418-b.jpg
13745522,Porsche Panamera 2017,Porsche,Panamera,2017,73000,Used,Not reported,"Tuol Kouk, Phnom Penh",Phnom Penh,Sedan,Gasoline,2026-07-28,https://www.khmer24.com/en/post-adid-13745522,6 or 8,2.9 L or 3 L or 4 L,21–24 mpg combined (EPA),Usually 4–5; exact model/trim not identified,Exact year/make/model EPA range,"EPA values cover matching U.S.-market configurations. The imported Cambodian trim may use a different engine, transmission, battery, or test cycle.",U.S. DOE/EPA FuelEconomy.gov,https://www.fueleconomy.gov/feg/Find.do?action=sbs&id=38593&id=38594&id=38595,Automatic (AM-S8),https://images.khmer24.co/26-07-08/porsche-panamera-2017-314368178350973718261519-b.jpg
13694576,BMW 2022 5 serri ម្ចាស់ដើមទិញខ្លាញ់គោ,BMW,5 Series,2022,48000,Used,Not reported,"Tuol Kouk, Phnom Penh",Phnom Penh,Sedan,Gasoline,2026-07-28,https://www.khmer24.com/en/post-adid-13694576,4 or 6 or 8,2 L or 3 L or 4.4 L,20–28 mpg combined (EPA),Usually 4–5; exact model/trim not identified,Exact year/make/model EPA range,"EPA values cover matching U.S.-market configurations. The imported Cambodian trim may use a different engine, transmission, battery, or test cycle.",U.S. DOE/EPA FuelEconomy.gov,https://www.fueleconomy.gov/feg/Find.do?action=sbs&id=44190&id=44191&id=44245,Automatic (S8),https://images.khmer24.co/26-06-25/bmw-2022-5-serri--679803178238881024166938-b.jpg
13307876,Mercedes Benz AMG GT S V8 4.0L,Mercedes-Benz,AMG GT,2016,108000,Used,Not reported,"Tuol Kouk, Phnom Penh",Phnom Penh,Sports,Gasoline,2026-07-28,https://www.khmer24.com/en/post-adid-13307876,8,4 L,18 mpg combined (EPA),Usually 2–4; exact model/trim not identified,Exact year/make/model EPA range,"EPA values cover matching U.S.-market configurations. The imported Cambodian trim may use a different engine, transmission, battery, or test cycle.",U.S. DOE/EPA FuelEconomy.gov,https://www.fueleconomy.gov/feg/Find.do?action=sbs&id=36193,Automatic (AM7),https://images.khmer24.co/26-03-20/mercedes-benz-amg-gt-s-v8-4-0l-359541177402574760594429-b.jpg
13491018,Toyota Alphard 2021 V6 Russia Spec,Toyota,Alphard,2021,88000,Used,Not reported,"Saensokh, Phnom Penh",Phnom Penh,MPV,Gasoline,2026-07-28,https://www.khmer24.com/en/post-adid-13491018,4 or 6,"2.4 L, 2.5 L, or 3.5 L",9.5–19.4 km/L (official Japanese test cycles; powertrain dependent),6–8 depending on grade,Official manufacturer model-family range,Official Alphard family figures span gasoline and hybrid grades. Confirm the imported vehicle's grade and test cycle.,Toyota Global Newsroom,https://global.toyota/en/newsroom/toyota/23310520.html,"Super CVT-i, e-CVT, or 6-speed automatic",https://images.khmer24.co/26-03-13/toyota-alphard-2021-v6-russia-spec-354760177339133649042174-b.jpg
13386583,Lexus LX 470 ឆ្នាំ2003 ធានាថាស្អាតបង់រំលោះ២៥ខេត្តក្រុង,Lexus,LX,2003,19500,Used,Not reported,"Krong Siem Reab, Siem Reap",Siem Reap,SUV,Gasoline,2026-07-28,https://www.khmer24.com/en/post-adid-13386583,8,4.7 L,13 mpg combined (EPA),Usually 5–8; exact model/trim not identified,Exact year/make/model EPA range,"EPA values cover matching U.S.-market configurations. The imported Cambodian trim may use a different engine, transmission, battery, or test cycle.",U.S. DOE/EPA FuelEconomy.gov,https://www.fueleconomy.gov/feg/Find.do?action=sbs&id=19201,Automatic 5-spd,https://images.khmer24.co/25-10-06/lexus-lx-470-2003--382993175972306595166291-b.jpg
13763190,Honda S2000 AP1  original,Honda,S2000,2001,50000,Used,Not reported,"Tuol Kouk, Phnom Penh",Phnom Penh,Sedan,Gasoline,2026-07-28,https://www.khmer24.com/en/post-adid-13763190,4,2 L,20 mpg combined (EPA),Usually 4–5; exact model/trim not identified,Exact year/make/model EPA range,"EPA values cover matching U.S.-market configurations. The imported Cambodian trim may use a different engine, transmission, battery, or test cycle.",U.S. DOE/EPA FuelEconomy.gov,https://www.fueleconomy.gov/feg/Find.do?action=sbs&id=16448,Manual 6-spd,https://images.khmer24.co/25-12-02/honda-s2000-ap1-original-412632176468363348022999-b.jpg
13629537,មានស្តុកភ្លាម!! V6 3.0L 2026 Ford Ranger Wildtrak,Ford,Ranger,2026,55400,New,Not reported,"Por Senchey, Phnom Penh",Phnom Penh,Pickup,Gasoline,2026-07-28,https://www.khmer24.com/en/post-adid-13629537,4 or 6,2.3 L or 2.7 L or 3 L,17–23 mpg combined (EPA),5 for double-cab passenger configuration,Exact year/make/model EPA range,"EPA values cover matching U.S.-market configurations. The imported Cambodian trim may use a different engine, transmission, battery, or test cycle.",U.S. DOE/EPA FuelEconomy.gov,https://www.fueleconomy.gov/feg/Find.do?action=sbs&id=50095&id=50105&id=50106,Automatic (S10),https://images.khmer24.co/26-06-10/-v6-3-0l-2026-ford-ranger-wildtrak-1261048178106026135641944-b.jpg
13769305,"Kia Ray $8,350 ពណ៌​ពេញនិយម​",Kia,Ray,2012,8350,Used,Not reported,"Saensokh, Phnom Penh",Phnom Penh,Hatchback,Gasoline,2026-07-28,https://www.khmer24.com/en/post-adid-13769305,Varies by engine; exact trim not identified,Varies by engine; exact trim not identified,Official figure unavailable: seller did not identify the exact engine/trim,Usually 4–5; exact model/trim not identified,Seller did not identify exact configuration,"The marketplace listing lacks enough model, engine, battery, or trim detail for a responsible numeric claim. The card states the limitation instead of inventing data.",Khmer24 listing,https://www.khmer24.com/en/post-adid-13769305,Varies by trim; exact gearbox not identified,https://images.khmer24.co/26-07-14/kia-ray-8-350--1291319178402237343289704-b.jpg
13809108,2021 មហាថ្មីខ្លាំងម្ចាស់ដេីមទី1 Mazda thunder Full option 3.2L,Mazda,BT-50,2021,29677,Used,Not reported,"Por Senchey, Phnom Penh",Phnom Penh,Sedan,Gasoline,2026-07-28,https://www.khmer24.com/en/post-adid-13809108,4 or 5,"1.9 L, 2.2 L, 3.0 L, or 3.2 L diesel",6.3–9.2 L/100 km across official generation/powertrain references,2–5 depending on cab configuration,Official manufacturer model-family range,BT-50 figures span several generations and cab configurations. Confirm the listing's engine and cab before purchase.,Mazda BT-50 official specifications,https://www.mazda.com.au/mazda-news/mazda-bt-50-20-year-history/,6-speed manual/automatic or current 8-speed automatic,https://images.khmer24.co/26-07-25/2021-1-mazda-thunder-full-option-3-2l-200717178495431230952876-b.jpg
13598600,Hyundai Tucson,Hyundai,Tucson,2019,21500,Used,Not reported,"Saensokh, Phnom Penh",Phnom Penh,SUV,Gasoline,2026-07-28,https://www.khmer24.com/en/post-adid-13598600,4,2 L or 2.4 L,23–26 mpg combined (EPA),Usually 5–8; exact model/trim not identified,Exact year/make/model EPA range,"EPA values cover matching U.S.-market configurations. The imported Cambodian trim may use a different engine, transmission, battery, or test cycle.",U.S. DOE/EPA FuelEconomy.gov,https://www.fueleconomy.gov/feg/Find.do?action=sbs&id=40854&id=40859&id=40912,Automatic (S6),https://images.khmer24.co/26-06-02/hyundai-tucson-795555178039446425218993-b.jpg
13716170,Nissan navara2016 ស៊ីនម្ចាស់ក្រុមហ៊ុន,Nissan,navara,2016,26000,Used,Not reported,"Kampong Tralach, Kampong Chhnang",Kampong Chhnang,Pickup,Gasoline,2026-07-28,https://www.khmer24.com/en/post-adid-13716170,Varies by engine; exact trim not identified,Varies by engine; exact trim not identified,Official figure unavailable: seller did not identify the exact engine/trim,Usually 2–5; exact cab configuration not identified,Seller did not identify exact configuration,"The marketplace listing lacks enough model, engine, battery, or trim detail for a responsible numeric claim. The card states the limitation instead of inventing data.",Khmer24 listing,https://www.khmer24.com/en/post-adid-13716170,Varies by trim; exact gearbox not identified,https://images.khmer24.co/26-07-01/nissan-navara--613348178288305164454368-b.jpg
13752954,28800$Soueast S07 SUV 7កៅអី សាំងសុទ្ធ,Not identified,Soueast SUV,2026,28800,New,Not reported,"Prampir Meakkakra, Phnom Penh",Phnom Penh,SUV,Gasoline,2026-07-28,https://www.khmer24.com/en/post-adid-13752954,Varies by engine; exact trim not identified,Varies by engine; exact trim not identified,Official figure unavailable: seller did not identify the exact engine/trim,Usually 5–8; exact model/trim not identified,Seller did not identify exact configuration,"The marketplace listing lacks enough model, engine, battery, or trim detail for a responsible numeric claim. The card states the limitation instead of inventing data.",Khmer24 listing,https://www.khmer24.com/en/post-adid-13752954,Varies by trim; exact gearbox not identified,https://images.khmer24.co/26-07-10/soueast-s07-28800--1280777178366859137545646-b.jpg
13725592,2022 GMC Hummer EV Pickup Edition 1 AWD,Not identified,GMC Hummer EV Pickup,2022,85754,Used,Not reported,"Saensokh, Phnom Penh",Phnom Penh,Pickup,Electricity,2026-07-28,https://www.khmer24.com/en/post-adid-13725592,N/A (electric),N/A (electric),Range unavailable: seller did not identify the exact battery/model version,Usually 2–5; exact cab configuration not identified,Seller did not identify exact configuration,"The marketplace listing lacks enough model, engine, battery, or trim detail for a responsible numeric claim. The card states the limitation instead of inventing data.",Khmer24 listing,https://www.khmer24.com/en/post-adid-13725592,Single-speed electric drive,https://images.khmer24.co/26-07-03/2022-gmc-hummer-ev-pickup-edition-1-awd-677537178307124684850704-b.jpg
13782629,លក់,Not identified,Model not identified,2024,7300,New,Not reported,"Kamboul, Phnom Penh",Phnom Penh,Sedan,Gasoline,2026-07-28,https://www.khmer24.com/en/post-adid-13782629,Varies by engine; exact trim not identified,Varies by engine; exact trim not identified,Official figure unavailable: seller did not identify the exact engine/trim,Usually 4–5; exact model/trim not identified,Seller did not identify exact configuration,"The marketplace listing lacks enough model, engine, battery, or trim detail for a responsible numeric claim. The card states the limitation instead of inventing data.",Khmer24 listing,https://www.khmer24.com/en/post-adid-13782629,Varies by trim; exact gearbox not identified,https://images.khmer24.co/26-07-18/--1279910178434662487458158-b.jpg
13413388,Alphard 2015 Hybrid ម្ចាស់ទី1 សុីន1ជុំ ម់ាញ៉េ2025,Toyota,Alphard,2015,39800,Used,Not reported,"Ruessei Kaev, Phnom Penh",Phnom Penh,MPV,Hybrid,2026-07-28,https://www.khmer24.com/en/post-adid-13413388,4 or 6,"2.4 L, 2.5 L, or 3.5 L",9.5–19.4 km/L (official Japanese test cycles; powertrain dependent),6–8 depending on grade,Official manufacturer model-family range,Official Alphard family figures span gasoline and hybrid grades. Confirm the imported vehicle's grade and test cycle.,Toyota Global Newsroom,https://global.toyota/en/newsroom/toyota/23310520.html,"Super CVT-i, e-CVT, or 6-speed automatic",https://images.khmer24.co/26-04-19/alphard-2015-hybrid-1-1-2025-504031177656296596482868-b.jpg
13705447,BMW G90 M5 Sedan 2025,BMW,M5,2025,255000,Used,Not reported,"Por Senchey, Phnom Penh",Phnom Penh,Sedan,Gasoline,2026-07-28,https://www.khmer24.com/en/post-adid-13705447,Varies by engine; exact trim not identified,Varies by engine; exact trim not identified,Official figure unavailable: seller did not identify the exact engine/trim,Usually 4–5; exact model/trim not identified,Seller did not identify exact configuration,"The marketplace listing lacks enough model, engine, battery, or trim detail for a responsible numeric claim. The card states the limitation instead of inventing data.",Khmer24 listing,https://www.khmer24.com/en/post-adid-13705447,Varies by trim; exact gearbox not identified,https://images.khmer24.co/26-06-28/bmw-g90-m5-sedan-2025-1041951178263475522999490-b.jpg
13707543,2012 gray,Not identified,gray,2012,16300,Used,Not reported,"Ruessei Kaev, Phnom Penh",Phnom Penh,Hatchback,Gasoline,2026-07-28,https://www.khmer24.com/en/post-adid-13707543,Varies by engine; exact trim not identified,Varies by engine; exact trim not identified,Official figure unavailable: seller did not identify the exact engine/trim,Usually 4–5; exact model/trim not identified,Seller did not identify exact configuration,"The marketplace listing lacks enough model, engine, battery, or trim detail for a responsible numeric claim. The card states the limitation instead of inventing data.",Khmer24 listing,https://www.khmer24.com/en/post-adid-13707543,Varies by trim; exact gearbox not identified,https://images.khmer24.co/26-06-29/2012-gray-141569178270207927003886-b.jpg
13682218,"MPV Starlight730 ថ្មីខ្លាញ់គោ 2x,xxx$",Not identified,MPV Starlight xxx,2026,27800,New,Not reported,"Ruessei Kaev, Phnom Penh",Phnom Penh,MPV,Gasoline,2026-07-28,https://www.khmer24.com/en/post-adid-13682218,Varies by engine; exact trim not identified,Varies by engine; exact trim not identified,Official figure unavailable: seller did not identify the exact engine/trim,Usually 5–11; exact seating layout not identified,Seller did not identify exact configuration,"The marketplace listing lacks enough model, engine, battery, or trim detail for a responsible numeric claim. The card states the limitation instead of inventing data.",Khmer24 listing,https://www.khmer24.com/en/post-adid-13682218,Varies by trim; exact gearbox not identified,https://images.khmer24.co/26-03-10/mpv-starlight730-2x-xxx--1276823177313542194553515-b.jpg
13469533,only 12800$ in stock BYD E3 រថយន្តអគ្គិសនីសុទ្ធ បង់ពន្ធត្រឹមត្រូវ  EV car FL-seat cooling,BYD,e3,2022,12800,Used,Not reported,"Saensokh, Phnom Penh",Phnom Penh,Sedan,Electricity,2026-07-28,https://www.khmer24.com/en/post-adid-13469533,N/A (electric),N/A (electric),Range unavailable: seller did not identify the exact battery/model version,Usually 4–5; exact model/trim not identified,Seller did not identify exact configuration,"The marketplace listing lacks enough model, engine, battery, or trim detail for a responsible numeric claim. The card states the limitation instead of inventing data.",Khmer24 listing,https://www.khmer24.com/en/post-adid-13469533,Single-speed electric drive,https://images.khmer24.co/26-05-17/only-12800-in-stock-byd-e3-ev-car-fl-seat-cooling-1149031177898993157960519-b.jpg
13597238,Ferrari 488 GTB 3.9 2018,Ferrari,488 GTB,2018,299900,Used,Not reported,"Por Senchey, Phnom Penh",Phnom Penh,Sports,Gasoline,2026-07-28,https://www.khmer24.com/en/post-adid-13597238,8,3.9 L,18 mpg combined (EPA),Usually 2–4; exact model/trim not identified,Exact year/make/model EPA range,"EPA values cover matching U.S.-market configurations. The imported Cambodian trim may use a different engine, transmission, battery, or test cycle.",U.S. DOE/EPA FuelEconomy.gov,https://www.fueleconomy.gov/feg/Find.do?action=sbs&id=38668&id=38669,Automatic (AM7),https://images.khmer24.co/26-06-02/ferrari-488-gtb-3-9-2018-1041951178037772121268034-b.jpg
13288032,LAMBORGHINI URUS 2019,Lamborghini,Urus,2019,299500,Used,Not reported,"Tuol Kouk, Phnom Penh",Phnom Penh,SUV,Gasoline,2026-07-28,https://www.khmer24.com/en/post-adid-13288032,8,4 L,14 mpg combined (EPA),Usually 5–8; exact model/trim not identified,Exact year/make/model EPA range,"EPA values cover matching U.S.-market configurations. The imported Cambodian trim may use a different engine, transmission, battery, or test cycle.",U.S. DOE/EPA FuelEconomy.gov,https://www.fueleconomy.gov/feg/Find.do?action=sbs&id=40758,Automatic (S8),https://images.khmer24.co/26-06-06/lamborghini-urus-2019-437482178072334464501292-b.jpg
13523485,Bentley Flying Spur 2015 គីឡូ តិច ឡាន នៅថ្មីស្អាត,Bentley,Flying Spur,2015,66000,Used,Not reported,"Doun Penh, Phnom Penh",Phnom Penh,Sedan,Gasoline,2026-07-28,https://www.khmer24.com/en/post-adid-13523485,8 or 12,4 L or 6 L,14–17 mpg combined (EPA),Usually 4–5; exact model/trim not identified,Exact year/make/model EPA range,"EPA values cover matching U.S.-market configurations. The imported Cambodian trim may use a different engine, transmission, battery, or test cycle.",U.S. DOE/EPA FuelEconomy.gov,https://www.fueleconomy.gov/feg/Find.do?action=sbs&id=34829&id=34927,Automatic (S8),https://images.khmer24.co/26-05-16/bentley-flying-spur-2015--525621177889623243897127-b.jpg
13159551,Maserati Levante 2017,Maserati,Levante,2017,36000,Used,Not reported,"Chrouy Changva, Phnom Penh",Phnom Penh,SUV,Gasoline,2026-07-28,https://www.khmer24.com/en/post-adid-13159551,6,3 L,16 mpg combined (EPA),Usually 5–8; exact model/trim not identified,Exact year/make/model EPA range,"EPA values cover matching U.S.-market configurations. The imported Cambodian trim may use a different engine, transmission, battery, or test cycle.",U.S. DOE/EPA FuelEconomy.gov,https://www.fueleconomy.gov/feg/Find.do?action=sbs&id=37699&id=37700,Automatic 8-spd,https://images.khmer24.co/26-02-08/maserati-levante-2017-255293177053163180020400-b.jpg
13246618,McLaren 570s up 600LT Full Carbon,McLaren,570S,2016,175000,Used,Not reported,"Tuol Kouk, Phnom Penh",Phnom Penh,Sports,Gasoline,2026-07-28,https://www.khmer24.com/en/post-adid-13246618,8,3.8 L,19 mpg combined (EPA),2,Exact year/make/model EPA range,"EPA values cover matching U.S.-market configurations. The imported Cambodian trim may use a different engine, transmission, battery, or test cycle.",U.S. DOE/EPA FuelEconomy.gov,https://www.fueleconomy.gov/feg/Find.do?action=sbs&id=37071,Automatic 7-spd,https://images.khmer24.co/26-03-04/mclaren-570s-up-600lt-full-carbon-359541177256648110574301-b.jpg
13673948,Rolls Royce Ghost,Rolls-Royce,Ghost,2014,140000,Used,Not reported,"Saensokh, Phnom Penh",Phnom Penh,Sedan,Gasoline,2026-07-28,https://www.khmer24.com/en/post-adid-13673948,12,6.6 L,15 mpg combined (EPA),Usually 4–5; exact model/trim not identified,Exact year/make/model EPA range,"EPA values cover matching U.S.-market configurations. The imported Cambodian trim may use a different engine, transmission, battery, or test cycle.",U.S. DOE/EPA FuelEconomy.gov,https://www.fueleconomy.gov/feg/Find.do?action=sbs&id=34223&id=34224,Automatic (S8),https://images.khmer24.co/26-06-21/rolls-royce-ghost-1302331178200556386270264-b.jpg
13802528,Aston Martin DBX 707 2023 new car,Aston Martin,DBX,2023,445000,New,Not reported,"Tuol Kouk, Phnom Penh",Phnom Penh,SUV,Gasoline,2026-07-28,https://www.khmer24.com/en/post-adid-13802528,8,4 L,16 mpg combined (EPA),Usually 5–8; exact model/trim not identified,Exact year/make/model EPA range,"EPA values cover matching U.S.-market configurations. The imported Cambodian trim may use a different engine, transmission, battery, or test cycle.",U.S. DOE/EPA FuelEconomy.gov,https://www.fueleconomy.gov/feg/Find.do?action=sbs&id=45321,Automatic 9-spd,https://images.khmer24.co/26-07-23/aston-martin-dbx-707-2023-new-car-678617178479222626312662-b.jpg
13502931,Subaru Forester 018,Subaru,Forester,2018,20300,Used,Not reported,"Chrouy Changva, Phnom Penh",Phnom Penh,SUV,Gasoline,2026-07-28,https://www.khmer24.com/en/post-adid-13502931,4,2 L or 2.5 L,24–28 mpg combined (EPA),Usually 5–8; exact model/trim not identified,Exact year/make/model EPA range,"EPA values cover matching U.S.-market configurations. The imported Cambodian trim may use a different engine, transmission, battery, or test cycle.",U.S. DOE/EPA FuelEconomy.gov,https://www.fueleconomy.gov/feg/Find.do?action=sbs&id=38645&id=38646&id=38647,Multiple EPA-listed transmissions,https://images.khmer24.co/26-05-11/subaru-forester-018-573864177847430259137288-b.jpg
13418032,Mitsubishi Xpander year 2019,Mitsubishi,Xpander,2019,21500,Used,Not reported,"Prampir Meakkakra, Phnom Penh",Phnom Penh,Sedan,Gasoline,2026-07-28,https://www.khmer24.com/en/post-adid-13418032,4,1.5 L,Manufacturer reports a low-consumption 1.5 L powertrain; exact market figure varies,7,Official manufacturer model-family range,Official launch specifications are for an ASEAN-market XPANDER.,Mitsubishi Motors XPANDER release,https://www.mitsubishi-motors.com/en/newsroom/newsrelease/2017/20170810_1.html,5-speed manual or 4-speed automatic,https://images.khmer24.co/26-04-20/mitsubishi-xpander-year-2019-753348177666129756845856-b.jpg
13462237,Volkswagen ID 6 cross,Volkswagen,ID.6,2025,38888,New,Not reported,"Boeng Keng Kang, Phnom Penh",Phnom Penh,Sedan,Electricity,2026-07-28,https://www.khmer24.com/en/post-adid-13462237,N/A (electric),N/A (electric),Range unavailable: seller did not identify the exact battery/model version,Usually 4–5; exact model/trim not identified,Seller did not identify exact configuration,"The marketplace listing lacks enough model, engine, battery, or trim detail for a responsible numeric claim. The card states the limitation instead of inventing data.",Khmer24 listing,https://www.khmer24.com/en/post-adid-13462237,Single-speed electric drive,https://images.khmer24.co/25-08-25/volkswagen-id-6-cross-1142948175606462078649362-b.jpg
13710094,2022 Volvo XC40 for sale,Volvo,XC40,2022,45000,Used,Not reported,"Boeng Keng Kang, Phnom Penh",Phnom Penh,SUV,Gasoline,2026-07-28,https://www.khmer24.com/en/post-adid-13710094,4,2 L,25–26 mpg combined (EPA),Usually 5–8; exact model/trim not identified,Exact year/make/model EPA range,"EPA values cover matching U.S.-market configurations. The imported Cambodian trim may use a different engine, transmission, battery, or test cycle.",U.S. DOE/EPA FuelEconomy.gov,https://www.fueleconomy.gov/feg/Find.do?action=sbs&id=44199&id=44204,Automatic (S8),https://images.khmer24.co/26-06-29/2022-volvo-xc40-for-sale-1026939178273762672440528-b.jpg
13775586,"Chevrolet Spark 2016 $9,600",Chevrolet,Spark,2016,9600,Used,Not reported,"Saensokh, Phnom Penh",Phnom Penh,Sedan,Gasoline,2026-07-28,https://www.khmer24.com/en/post-adid-13775586,4,1.4 L,33–34 mpg combined (EPA),Usually 4–5; exact model/trim not identified,Exact year/make/model EPA range,"EPA values cover matching U.S.-market configurations. The imported Cambodian trim may use a different engine, transmission, battery, or test cycle.",U.S. DOE/EPA FuelEconomy.gov,https://www.fueleconomy.gov/feg/Find.do?action=sbs&id=37095&id=37096,Automatic (variable gear ratios) or Manual 5-spd,https://images.khmer24.co/26-07-16/chevrolet-spark-2016-9-600-284758178417727899226698-b.jpg
13778721,Suzuki FRONX 2026 Engine 1.5L Hybrid,Suzuki,Fronx,2026,29000,New,Not reported,"Prampir Meakkakra, Phnom Penh",Phnom Penh,Sedan,Hybrid,2026-07-28,https://www.khmer24.com/en/post-adid-13778721,Varies by engine; exact trim not identified,Varies by engine; exact trim not identified,Official figure unavailable: seller did not identify the exact engine/trim,Usually 4–5; exact model/trim not identified,Seller did not identify exact configuration,"The marketplace listing lacks enough model, engine, battery, or trim detail for a responsible numeric claim. The card states the limitation instead of inventing data.",Khmer24 listing,https://www.khmer24.com/en/post-adid-13778721,Varies by trim; exact gearbox not identified,https://images.khmer24.co/26-07-17/suzuki-fronx-2026-engine-1-5l-hybrid-1166453178425708577788988-b.jpg
13674102,⭐ ISUZU D.max Deluxe 1.9L ឆ្នាំ 2026 ថ្មី100% ( ទិញភ្លាមបានភ្លាម)ធានាតម្លៃពិសេស,Isuzu,D-Max,2026,37500,New,Not reported,"Ruessei Kaev, Phnom Penh",Phnom Penh,Pickup,Gasoline,2026-07-28,https://www.khmer24.com/en/post-adid-13674102,Varies by engine; exact trim not identified,Varies by engine; exact trim not identified,Official figure unavailable: seller did not identify the exact engine/trim,Usually 2–5; exact cab configuration not identified,Seller did not identify exact configuration,"The marketplace listing lacks enough model, engine, battery, or trim detail for a responsible numeric claim. The card states the limitation instead of inventing data.",Khmer24 listing,https://www.khmer24.com/en/post-adid-13674102,Varies by trim; exact gearbox not identified,https://images.khmer24.co/26-03-04/-u2b50-isuzu-d-max-deluxe-3-0l-2026-100--665180177261052973028028-b.jpg
13662047,Peugeot 3008 2020 Full Options,Peugeot,3008,2020,22500,Used,Not reported,"Chbar Ampov, Phnom Penh",Phnom Penh,SUV,Gasoline,2026-07-28,https://www.khmer24.com/en/post-adid-13662047,4,1.6 L turbo gasoline family reference,Up to 12.6 km/L combined (official regional NEDC figure),5,Official manufacturer model-family range,Official regional specifications; earlier model years and imported engines can differ.,Peugeot 3008 official brochure,https://ksa.peugeot.com/content/dam/peugeot/saudi_arabia/brochure/PEUGEOT-Passenger-CAR-Brochure-3008_eng.pdf,6-speed automatic,https://images.khmer24.co/25-11-26/peugeot-3008-180441176414624986229533-b.jpg
13245962,Cadillac Escalade 2026 Onyx Package VIP,Cadillac,Escalade Onyx Package VIP,2026,259000,New,Not reported,"Mean Chey, Phnom Penh",Phnom Penh,SUV,Gasoline,2026-07-28,https://www.khmer24.com/en/post-adid-13245962,8,6.2 L,13–17 mpg combined (EPA),Usually 5–8; exact model/trim not identified,Exact year/make/model EPA range,"EPA values cover matching U.S.-market configurations. The imported Cambodian trim may use a different engine, transmission, battery, or test cycle.",U.S. DOE/EPA FuelEconomy.gov,https://www.fueleconomy.gov/feg/Find.do?action=sbs&id=49898&id=49899&id=50138,Automatic (S10) or Automatic 10-spd,https://images.khmer24.co/26-03-03/cadillac-escalade-2026-onyx-package-vip-683358177254039815023915-b.jpg
13795945,ឡានលក់ប្រញ៉ាប់លុយALFAROMEO,Alfa Romeo,ALFAROMEO,2001,4600,Used,Not reported,"Aek Phnum, Battambang",Battambang,Sedan,Gasoline,2026-07-28,https://www.khmer24.com/en/post-adid-13795945,Varies by engine; exact trim not identified,Varies by engine; exact trim not identified,Official figure unavailable: seller did not identify the exact engine/trim,Usually 4–5; exact model/trim not identified,Seller did not identify exact configuration,"The marketplace listing lacks enough model, engine, battery, or trim detail for a responsible numeric claim. The card states the limitation instead of inventing data.",Khmer24 listing,https://www.khmer24.com/en/post-adid-13795945,Varies by trim; exact gearbox not identified,https://images.khmer24.co/26-07-21/-alfaromio-625965178464173925546501-b.jpg
13476296,Geely starship7 2025  សាំង+អគ្គីសនី1575គីឡូ,Geely,Galaxy Starship 7,2025,28800,New,Not reported,"Chamkar Mon, Phnom Penh",Phnom Penh,Sedan,Gasoline,2026-07-28,https://www.khmer24.com/en/post-adid-13476296,Varies by engine; exact trim not identified,Varies by engine; exact trim not identified,Official figure unavailable: seller did not identify the exact engine/trim,Usually 4–5; exact model/trim not identified,Seller did not identify exact configuration,"The marketplace listing lacks enough model, engine, battery, or trim detail for a responsible numeric claim. The card states the limitation instead of inventing data.",Khmer24 listing,https://www.khmer24.com/en/post-adid-13476296,Varies by trim; exact gearbox not identified,https://images.khmer24.co/26-05-04/geely-starship7-2025-1575--683450177788803854908895-b.jpg
13476065,Changan UNi-T 2023,Changan,UNI-T,2023,24900,Used,Not reported,"Saensokh, Phnom Penh",Phnom Penh,Sedan,Gasoline,2026-07-28,https://www.khmer24.com/en/post-adid-13476065,Varies by engine; exact trim not identified,Varies by engine; exact trim not identified,Official figure unavailable: seller did not identify the exact engine/trim,Usually 4–5; exact model/trim not identified,Seller did not identify exact configuration,"The marketplace listing lacks enough model, engine, battery, or trim detail for a responsible numeric claim. The card states the limitation instead of inventing data.",Khmer24 listing,https://www.khmer24.com/en/post-adid-13476065,Varies by trim; exact gearbox not identified,https://images.khmer24.co/25-09-17/changan-uni-t-2023-1038597175809871148968880-b.jpg
13771330,Leapmotor C10 Global spec,Leapmotor,C10,2026,28990,New,Not reported,"Saensokh, Phnom Penh",Phnom Penh,Sedan,Electricity,2026-07-28,https://www.khmer24.com/en/post-adid-13771330,N/A (electric),N/A (electric),Range unavailable: seller did not identify the exact battery/model version,Usually 4–5; exact model/trim not identified,Seller did not identify exact configuration,"The marketplace listing lacks enough model, engine, battery, or trim detail for a responsible numeric claim. The card states the limitation instead of inventing data.",Khmer24 listing,https://www.khmer24.com/en/post-adid-13771330,Single-speed electric drive,https://images.khmer24.co/26-07-15/leapmotor-c10-global-spec-919435178408727193272529-b.jpg
13484354,Denza N8L Flagship,Denza,N8L,2025,89800,New,Not reported,"Chbar Ampov, Phnom Penh",Phnom Penh,Sedan,Gasoline,2026-07-28,https://www.khmer24.com/en/post-adid-13484354,Varies by engine; exact trim not identified,Varies by engine; exact trim not identified,Official figure unavailable: seller did not identify the exact engine/trim,Usually 4–5; exact model/trim not identified,Seller did not identify exact configuration,"The marketplace listing lacks enough model, engine, battery, or trim detail for a responsible numeric claim. The card states the limitation instead of inventing data.",Khmer24 listing,https://www.khmer24.com/en/post-adid-13484354,Varies by trim; exact gearbox not identified,https://images.khmer24.co/26-05-06/denza-n8l-flagship-1285502177805686254234852-b.jpg
13483207,ឡានលក់ (Xpeng X9),XPeng,X9,2025,55000,Used,Not reported,"Tuol Kouk, Phnom Penh",Phnom Penh,Sedan,Electricity,2026-07-28,https://www.khmer24.com/en/post-adid-13483207,N/A (electric),N/A (electric),535–580 km WLTP range,7,Official manufacturer model-family range,Official export-market range depends on battery and drive version.,XPENG X9 official configurator,https://store.xpeng.com/au/configurator/New_X9,Single-speed electric drive,https://images.khmer24.co/26-05-06/-xpeng-x9--16843177804397742384417-b.jpg
13420723,Just few hundred mileage warranty from zeekr Cambodia,Zeekr,Just few hundred mileage,2024,35000,Used,Not reported,"Ruessei Kaev, Phnom Penh",Phnom Penh,Sedan,Electricity,2026-07-28,https://www.khmer24.com/en/post-adid-13420723,N/A (electric),N/A (electric),Range unavailable: seller did not identify the exact battery/model version,Usually 4–5; exact model/trim not identified,Seller did not identify exact configuration,"The marketplace listing lacks enough model, engine, battery, or trim detail for a responsible numeric claim. The card states the limitation instead of inventing data.",Khmer24 listing,https://www.khmer24.com/en/post-adid-13420723,Single-speed electric drive,https://images.khmer24.co/26-04-21/just-few-hundred-mileage-466938177673398555853357-b.jpg
13813616,GWM Poer,Great Wall,Poer,2026,3500,New,Not reported,"Boeng Keng Kang, Phnom Penh",Phnom Penh,Sedan,Gasoline,2026-07-28,https://www.khmer24.com/en/post-adid-13813616,Varies by engine; exact trim not identified,Varies by engine; exact trim not identified,Official figure unavailable: seller did not identify the exact engine/trim,Usually 4–5; exact model/trim not identified,Seller did not identify exact configuration,"The marketplace listing lacks enough model, engine, battery, or trim detail for a responsible numeric claim. The card states the limitation instead of inventing data.",Khmer24 listing,https://www.khmer24.com/en/post-adid-13813616,Varies by trim; exact gearbox not identified,https://images.khmer24.co/26-07-26/gwm-poer-1314047178506441487596622-b.jpg
13351834,Jetour T2 Full 2025 ថ្នាំ​ស៉ីន​មួយ​ជុំ​ មហាថ្មី​,Jetour,T2,2025,50000,Used,Not reported,"Saensokh, Phnom Penh",Phnom Penh,SUV,Gasoline,2026-07-28,https://www.khmer24.com/en/post-adid-13351834,Varies by engine; exact trim not identified,Varies by engine; exact trim not identified,Official figure unavailable: seller did not identify the exact engine/trim,Usually 5–8; exact model/trim not identified,Seller did not identify exact configuration,"The marketplace listing lacks enough model, engine, battery, or trim detail for a responsible numeric claim. The card states the limitation instead of inventing data.",Khmer24 listing,https://www.khmer24.com/en/post-adid-13351834,Varies by trim; exact gearbox not identified,https://images.khmer24.co/26-03-30/jetour-t2-full-2025--66194177484541710711484-b.jpg
13454974,JAC,JAC,Model not identified,2025,38999,New,Not reported,"Saensokh, Phnom Penh",Phnom Penh,Sedan,Gasoline,2026-07-28,https://www.khmer24.com/en/post-adid-13454974,Varies by engine; exact trim not identified,Varies by engine; exact trim not identified,Official figure unavailable: seller did not identify the exact engine/trim,Usually 4–5; exact model/trim not identified,Seller did not identify exact configuration,"The marketplace listing lacks enough model, engine, battery, or trim detail for a responsible numeric claim. The card states the limitation instead of inventing data.",Khmer24 listing,https://www.khmer24.com/en/post-adid-13454974,Varies by trim; exact gearbox not identified,https://images.khmer24.co/25-10-21/jac-1070674176103880031117312-b.jpg
13320915,2011 Range Sport Diesel for sale,Not identified,Range Sport Diesel,2011,14999,Used,Not reported,"Krong Siem Reab, Siem Reap",Siem Reap,Sports,Diesel,2026-07-28,https://www.khmer24.com/en/post-adid-13320915,Varies by engine; exact trim not identified,Varies by engine; exact trim not identified,Official figure unavailable: seller did not identify the exact engine/trim,Usually 2–4; exact model/trim not identified,Seller did not identify exact configuration,"The marketplace listing lacks enough model, engine, battery, or trim detail for a responsible numeric claim. The card states the limitation instead of inventing data.",Khmer24 listing,https://www.khmer24.com/en/post-adid-13320915,Varies by trim; exact gearbox not identified,https://images.khmer24.co/26-03-22/2011-range-sport-diesel-for-sale-13573177414742193153286-b.jpg
13663419,BMW G87 M2 Coupe 2024,BMW,M2,2024,116000,Used,Not reported,"Por Senchey, Phnom Penh",Phnom Penh,Coupe,Gasoline,2026-07-28,https://www.khmer24.com/en/post-adid-13663419,Varies by engine; exact trim not identified,Varies by engine; exact trim not identified,Official figure unavailable: seller did not identify the exact engine/trim,Usually 2–5; exact model/trim not identified,Seller did not identify exact configuration,"The marketplace listing lacks enough model, engine, battery, or trim detail for a responsible numeric claim. The card states the limitation instead of inventing data.",Khmer24 listing,https://www.khmer24.com/en/post-adid-13663419,Varies by trim; exact gearbox not identified,https://images.khmer24.co/26-06-18/bmw-g87-m2-coupe-2024-1041951178175898131643156-b.jpg
13692454,2017 C-Class Cabriolet up 2023,Not identified,C-Class,2017,46800,Used,Not reported,"Tuol Kouk, Phnom Penh",Phnom Penh,Convertible,Gasoline,2026-07-28,https://www.khmer24.com/en/post-adid-13692454,Varies by engine; exact trim not identified,Varies by engine; exact trim not identified,Official figure unavailable: seller did not identify the exact engine/trim,Usually 2–4; exact model/trim not identified,Seller did not identify exact configuration,"The marketplace listing lacks enough model, engine, battery, or trim detail for a responsible numeric claim. The card states the limitation instead of inventing data.",Khmer24 listing,https://www.khmer24.com/en/post-adid-13692454,Varies by trim; exact gearbox not identified,https://images.khmer24.co/26-06-25/2017-c-class-cabriolet-up-2023-177779178236002547218384-b.jpg
13668855,Porsche 911 GT3 2016,Porsche,911,2016,175000,Used,Not reported,"Por Senchey, Phnom Penh",Phnom Penh,Sports,Gasoline,2026-07-28,https://www.khmer24.com/en/post-adid-13668855,6,3.4 L or 3.8 L or 4 L,16–23 mpg combined (EPA),Usually 2–4; exact model/trim not identified,Exact year/make/model EPA range,"EPA values cover matching U.S.-market configurations. The imported Cambodian trim may use a different engine, transmission, battery, or test cycle.",U.S. DOE/EPA FuelEconomy.gov,https://www.fueleconomy.gov/feg/Find.do?action=sbs&id=36170&id=36171&id=36172,Multiple EPA-listed transmissions,https://images.khmer24.co/26-06-19/porsche-911-gt3-2016-1041951178186299442106362-b.jpg
13802646,2023 BMW iX1 xDrive30L M Sport Package,BMW,iX1,2023,35800,Used,Not reported,"Saensokh, Phnom Penh",Phnom Penh,Sedan,Electricity,2026-07-28,https://www.khmer24.com/en/post-adid-13802646,N/A (electric),N/A (electric),Range unavailable: seller did not identify the exact battery/model version,Usually 4–5; exact model/trim not identified,Seller did not identify exact configuration,"The marketplace listing lacks enough model, engine, battery, or trim detail for a responsible numeric claim. The card states the limitation instead of inventing data.",Khmer24 listing,https://www.khmer24.com/en/post-adid-13802646,Single-speed electric drive,https://images.khmer24.co/26-07-23/2023-bmw-ix1-xdrive30l-m-sport-package-1122826178479362894342933-b.jpg
13787210,2016 Mercedes Benz AMG GT (Carbonerre full bodykit),Mercedes-Benz,AMG GT,2016,108000,Used,Not reported,"Tuol Kouk, Phnom Penh",Phnom Penh,Sports,Gasoline,2026-07-28,https://www.khmer24.com/en/post-adid-13787210,8,4 L,18 mpg combined (EPA),Usually 2–4; exact model/trim not identified,Exact year/make/model EPA range,"EPA values cover matching U.S.-market configurations. The imported Cambodian trim may use a different engine, transmission, battery, or test cycle.",U.S. DOE/EPA FuelEconomy.gov,https://www.fueleconomy.gov/feg/Find.do?action=sbs&id=36193,Automatic (AM7),https://images.khmer24.co/26-07-19/2016-mercedes-benz-amg-gt-carbonerre-full-bodykit--93496178445036836633473-b.jpg
13653966,"Toyota Prius 2008 $13,500 ចរចារ",Toyota,Prius,2008,13500,Used,Not reported,"Mean Chey, Phnom Penh",Phnom Penh,Hatchback,Hybrid,2026-07-28,https://www.khmer24.com/en/post-adid-13653966,4,1.5 L,46 mpg combined (EPA),Usually 4–5; exact model/trim not identified,Exact year/make/model EPA range,"EPA values cover matching U.S.-market configurations. The imported Cambodian trim may use a different engine, transmission, battery, or test cycle.",U.S. DOE/EPA FuelEconomy.gov,https://www.fueleconomy.gov/feg/Find.do?action=sbs&id=24882,Automatic (variable gear ratios),https://images.khmer24.co/26-06-16/toyota-prius-2008-13-500--340235178157593163295784-b.jpg
13786575,លក់Lexus RX330 ម្ចស់ដើម,Lexus,RX,2004,20500,Used,Not reported,"Saensokh, Phnom Penh",Phnom Penh,SUV,Gasoline,2026-07-28,https://www.khmer24.com/en/post-adid-13786575,6,3.3 L,19–20 mpg combined (EPA),Usually 5–8; exact model/trim not identified,Exact year/make/model EPA range,"EPA values cover matching U.S.-market configurations. The imported Cambodian trim may use a different engine, transmission, battery, or test cycle.",U.S. DOE/EPA FuelEconomy.gov,https://www.fueleconomy.gov/feg/Find.do?action=sbs&id=20206&id=20207&id=20328,Automatic (S5) or Automatic 5-spd,https://images.khmer24.co/26-07-19/-lexus-rx330--685300178444090233190630-b.jpg
13772072,Honda ens2 តម្លៃត្រឹមតែ2មុឺនស្តើង🥳,Honda,e:N Series,2025,23500,New,Not reported,"Saensokh, Phnom Penh",Phnom Penh,Sedan,Electricity,2026-07-28,https://www.khmer24.com/en/post-adid-13772072,N/A (electric),N/A (electric),Up to 545 km CLTC range for the e:NP2/e:NS2 family,5,Official manufacturer model-family range,The official range uses China's CLTC cycle. Confirm whether the listing is e:NP2 or e:NS2 and verify battery trim.,Honda Global e:NP2/e:NS2 release,https://global.honda/en/newsroom/news/2024/c240425aeng.html,Single-speed electric drive,https://images.khmer24.co/26-07-15/honda-ens2-2-ud83e-udd73-1108553178409709991611402-b.jpg
13608508,Ford Raptor 2022 សុីន១ជុំ,Ford,F-150,2022,44500,Used,Not reported,"Saensokh, Phnom Penh",Phnom Penh,Pickup,Gasoline,2026-07-28,https://www.khmer24.com/en/post-adid-13608508,6 or 8,2.7 L or 3.3 L or 3.5 L or 5 L,15–25 mpg combined (EPA),Usually 2–5; exact cab configuration not identified,Exact year/make/model EPA range,"EPA values cover matching U.S.-market configurations. The imported Cambodian trim may use a different engine, transmission, battery, or test cycle.",U.S. DOE/EPA FuelEconomy.gov,https://www.fueleconomy.gov/feg/Find.do?action=sbs&id=44865&id=44866&id=44867,Automatic (S10),https://images.khmer24.co/26-06-04/ford-raptor-2022--943057178058726010457362-b.jpg
13766577,Kia morning 015តម្លៃ $9700,Kia,Morning,2015,9700,Used,Not reported,"Saensokh, Phnom Penh",Phnom Penh,Hatchback,Gasoline,2026-07-28,https://www.khmer24.com/en/post-adid-13766577,3 or 4,1.0 L or 1.25 L,52.3–64.2 UK mpg combined (official Picanto family configurations),5,Official manufacturer model-family range,Kia Morning is sold as Picanto in other markets. Figures are a model-family range; confirm the Cambodian import's engine.,Kia Picanto official specification,https://www.kia.com/content/dam/kwcms/kme/uk/en/assets/vehicles/All-New%20Picanto/Specifications/all-new-picanto-specification.PDF,"5-speed manual, 4-speed automatic, or 5-speed AMT",https://images.khmer24.co/26-07-14/kia-morning-015-9700-616284178399374844781566-b.jpg
13439186,Mazda CX-5  2016,Mazda,CX-5,2016,20800,Used,Not reported,"Doun Penh, Phnom Penh",Phnom Penh,SUV,Gasoline,2026-07-28,https://www.khmer24.com/en/post-adid-13439186,4,2 L or 2.5 L,26–29 mpg combined (EPA),Usually 5–8; exact model/trim not identified,Exact year/make/model EPA range,"EPA values cover matching U.S.-market configurations. The imported Cambodian trim may use a different engine, transmission, battery, or test cycle.",U.S. DOE/EPA FuelEconomy.gov,https://www.fueleconomy.gov/feg/Find.do?action=sbs&id=35988&id=35989&id=35993,Automatic (S6) or Manual 6-spd,https://images.khmer24.co/26-04-25/mazda-cx-5-2016-167643177708139343301698-b.jpg
13806423,រថយ Hyundai samtafe ឆ្នាំ2025,Hyundai,samtafe,2025,67800,Used,Not reported,"Saensokh, Phnom Penh",Phnom Penh,Sedan,Gasoline,2026-07-28,https://www.khmer24.com/en/post-adid-13806423,Varies by engine; exact trim not identified,Varies by engine; exact trim not identified,Official figure unavailable: seller did not identify the exact engine/trim,Usually 4–5; exact model/trim not identified,Seller did not identify exact configuration,"The marketplace listing lacks enough model, engine, battery, or trim detail for a responsible numeric claim. The card states the limitation instead of inventing data.",Khmer24 listing,https://www.khmer24.com/en/post-adid-13806423,Varies by trim; exact gearbox not identified,https://images.khmer24.co/26-07-24/-hyundai-samtafe-2025-1269461178488006525099156-b.jpg
13792699,Nissan Patrol  រថយន្តថ្មី  (ក្រដាសពន្ធ) ម៉ាស៊ីនកម្លាំង៖ 3.5L V6 Twin Turbo នាំចូលពីប្រទេសជប៉ុន,Nissan,Patrol,2025,165000,New,Not reported,"Saensokh, Phnom Penh",Phnom Penh,SUV,Gasoline,2026-07-28,https://www.khmer24.com/en/post-adid-13792699,Varies by engine; exact trim not identified,Varies by engine; exact trim not identified,Official figure unavailable: seller did not identify the exact engine/trim,Usually 5–8; exact model/trim not identified,Seller did not identify exact configuration,"The marketplace listing lacks enough model, engine, battery, or trim detail for a responsible numeric claim. The card states the limitation instead of inventing data.",Khmer24 listing,https://www.khmer24.com/en/post-adid-13792699,Varies by trim; exact gearbox not identified,https://images.khmer24.co/26-04-08/nissan-patrol-3-5l-v6-twin-turbo--1280457177563611921098512-b.jpg
13433371,Very fuel-efficient business SUV,Not identified,Very fuel-efficient business SUV,2023,26063,Used,Not reported,"Chrouy Changva, Phnom Penh",Phnom Penh,SUV,Gasoline,2026-07-28,https://www.khmer24.com/en/post-adid-13433371,Varies by engine; exact trim not identified,Varies by engine; exact trim not identified,Official figure unavailable: seller did not identify the exact engine/trim,Usually 5–8; exact model/trim not identified,Seller did not identify exact configuration,"The marketplace listing lacks enough model, engine, battery, or trim detail for a responsible numeric claim. The card states the limitation instead of inventing data.",Khmer24 listing,https://www.khmer24.com/en/post-adid-13433371,Varies by trim; exact gearbox not identified,https://images.khmer24.co/25-08-15/very-fuel-efficient-business-suv-1152665175522456428092370-b.jpg
13499438,🛳️មកដល់ខ្មែរចុងខែ5 នេះហើយ៖Karen do 4WD 2014 តម្លៃពិសេស: ក្រដាសពន្ធប្រភេទ Pickup ប្រើម៉ាស៊ូត2.0,Not identified,Karen do WD Pickup,2014,13900,Used,Not reported,"Saensokh, Phnom Penh",Phnom Penh,Pickup,Gasoline,2026-07-28,https://www.khmer24.com/en/post-adid-13499438,Varies by engine; exact trim not identified,Varies by engine; exact trim not identified,Official figure unavailable: seller did not identify the exact engine/trim,Usually 2–5; exact cab configuration not identified,Seller did not identify exact configuration,"The marketplace listing lacks enough model, engine, battery, or trim detail for a responsible numeric claim. The card states the limitation instead of inventing data.",Khmer24 listing,https://www.khmer24.com/en/post-adid-13499438,Varies by trim; exact gearbox not identified,https://images.khmer24.co/26-05-10/-ud83d-udef3-ufe0f-5-karen-do-4wd-2014-pickup-2-0-1290997177838857796208683-b.jpg
13734168,ថ្មី95%ទើបប្រើបាន3800km,Not identified,km,2025,32800,Used,Not reported,"Ruessei Kaev, Phnom Penh",Phnom Penh,Sedan,Gasoline,2026-07-28,https://www.khmer24.com/en/post-adid-13734168,Varies by engine; exact trim not identified,Varies by engine; exact trim not identified,Official figure unavailable: seller did not identify the exact engine/trim,Usually 4–5; exact model/trim not identified,Seller did not identify exact configuration,"The marketplace listing lacks enough model, engine, battery, or trim detail for a responsible numeric claim. The card states the limitation instead of inventing data.",Khmer24 listing,https://www.khmer24.com/en/post-adid-13734168,Varies by trim; exact gearbox not identified,https://images.khmer24.co/26-07-06/-95-3800km-666012178330558633794889-b.jpg
13531746,ឡានលក់ Camry 08 Hybrid Full option ពណ័ស,Toyota,Camry,2008,17200,Used,Not reported,"Doun Penh, Phnom Penh",Phnom Penh,Sedan,Hybrid,2026-07-28,https://www.khmer24.com/en/post-adid-13531746,4,2.4 L,34 mpg combined (EPA),Usually 4–5; exact model/trim not identified,Exact year/make/model EPA range,"EPA values cover matching U.S.-market configurations. The imported Cambodian trim may use a different engine, transmission, battery, or test cycle.",U.S. DOE/EPA FuelEconomy.gov,https://www.fueleconomy.gov/feg/Find.do?action=sbs&id=24404,Automatic (variable gear ratios),https://images.khmer24.co/26-05-18/-camry-08-hybrid-full-option--620060177907141720724206-b.jpg
13702556,2026 AVATR 06T Max Sport Sedan ថ្មី ក្នុងស្តុក,Avatr,Max Sport Sedan,2026,49800,New,Not reported,"Mean Chey, Phnom Penh",Phnom Penh,Sedan,Electricity,2026-07-28,https://www.khmer24.com/en/post-adid-13702556,N/A (electric),N/A (electric),Range unavailable: seller did not identify the exact battery/model version,Usually 4–5; exact model/trim not identified,Seller did not identify exact configuration,"The marketplace listing lacks enough model, engine, battery, or trim detail for a responsible numeric claim. The card states the limitation instead of inventing data.",Khmer24 listing,https://www.khmer24.com/en/post-adid-13702556,Single-speed electric drive,https://images.khmer24.co/26-06-27/2026-avatr-06t-max-sport-sedan--784933178255557263138059-b.jpg
13589476,Prius 2012,Toyota,Prius,2012,18900,Used,Not reported,"Por Senchey, Phnom Penh",Phnom Penh,Hatchback,Hybrid,2026-07-28,https://www.khmer24.com/en/post-adid-13589476,4,1.8 L,48 mpg combined (EPA),Usually 4–5; exact model/trim not identified,Exact year/make/model EPA range,"EPA values cover matching U.S.-market configurations. The imported Cambodian trim may use a different engine, transmission, battery, or test cycle.",U.S. DOE/EPA FuelEconomy.gov,https://www.fueleconomy.gov/feg/Find.do?action=sbs&id=31767,Automatic (variable gear ratios),https://images.khmer24.co/26-05-31/prius-2012-option-3-486768178020870013768541-b.jpg
13571660,Stargazer MPV 7កៅអី 2026,Not identified,Stargazer MPV,2026,29900,New,Not reported,"Doun Penh, Phnom Penh",Phnom Penh,MPV,Gasoline,2026-07-28,https://www.khmer24.com/en/post-adid-13571660,Varies by engine; exact trim not identified,Varies by engine; exact trim not identified,Official figure unavailable: seller did not identify the exact engine/trim,Usually 5–11; exact seating layout not identified,Seller did not identify exact configuration,"The marketplace listing lacks enough model, engine, battery, or trim detail for a responsible numeric claim. The card states the limitation instead of inventing data.",Khmer24 listing,https://www.khmer24.com/en/post-adid-13571660,Varies by trim; exact gearbox not identified,https://images.khmer24.co/26-05-27/stargazer-mpv-7-2026-477448177984833095024517-b.jpg
13643503,BYD XIA 2025 មួយទឹកខ្ចី គីឡូតិចតម្លៃល្អ,BYD,Xia,2025,58500,Used,Not reported,"Chamkar Mon, Phnom Penh",Phnom Penh,Sedan,Gasoline,2026-07-28,https://www.khmer24.com/en/post-adid-13643503,Varies by engine; exact trim not identified,Varies by engine; exact trim not identified,Official figure unavailable: seller did not identify the exact engine/trim,Usually 4–5; exact model/trim not identified,Seller did not identify exact configuration,"The marketplace listing lacks enough model, engine, battery, or trim detail for a responsible numeric claim. The card states the limitation instead of inventing data.",Khmer24 listing,https://www.khmer24.com/en/post-adid-13643503,Varies by trim; exact gearbox not identified,https://images.khmer24.co/26-06-13/byd-xia-2025--236261178132985933013711-b.jpg
13187612,Ferrari 488 Spyder,Ferrari,Spyder,2017,187000,Used,Not reported,"Tuol Kouk, Phnom Penh",Phnom Penh,Sports,Gasoline,2026-07-28,https://www.khmer24.com/en/post-adid-13187612,Varies by engine; exact trim not identified,Varies by engine; exact trim not identified,Official figure unavailable: seller did not identify the exact engine/trim,Usually 2–4; exact model/trim not identified,Seller did not identify exact configuration,"The marketplace listing lacks enough model, engine, battery, or trim detail for a responsible numeric claim. The card states the limitation instead of inventing data.",Khmer24 listing,https://www.khmer24.com/en/post-adid-13187612,Varies by trim; exact gearbox not identified,https://images.khmer24.co/26-02-15/ferrari-488-spyder-686489177116454965208225-b.jpg
13358931,2025 Lamborghini Urus SE Hybrid,Lamborghini,Urus,2025,420000,Used,Not reported,"Mean Chey, Phnom Penh",Phnom Penh,SUV,Hybrid,2026-07-28,https://www.khmer24.com/en/post-adid-13358931,Varies by engine; exact trim not identified,Varies by engine; exact trim not identified,Official figure unavailable: seller did not identify the exact engine/trim,Usually 5–8; exact model/trim not identified,Seller did not identify exact configuration,"The marketplace listing lacks enough model, engine, battery, or trim detail for a responsible numeric claim. The card states the limitation instead of inventing data.",Khmer24 listing,https://www.khmer24.com/en/post-adid-13358931,Varies by trim; exact gearbox not identified,https://images.khmer24.co/26-05-31/2025-lamborghini-urus-se-hybrid-1180117178019350846318429-b.jpg
13297853,23 Bentleys for sale,Bentley,Model not identified,2023,250000,Used,Not reported,"Tuol Kouk, Phnom Penh",Phnom Penh,Sedan,Gasoline,2026-07-28,https://www.khmer24.com/en/post-adid-13297853,Varies by engine; exact trim not identified,Varies by engine; exact trim not identified,Official figure unavailable: seller did not identify the exact engine/trim,Usually 4–5; exact model/trim not identified,Seller did not identify exact configuration,"The marketplace listing lacks enough model, engine, battery, or trim detail for a responsible numeric claim. The card states the limitation instead of inventing data.",Khmer24 listing,https://www.khmer24.com/en/post-adid-13297853,Varies by trim; exact gearbox not identified,https://images.khmer24.co/26-03-16/23-bentleys-for-sale-1278377177367186932371312-i.jpg
13653235,Maserati Ghibli Q4 Twin Turbo 3.0 Ferrari Made Engine,Ferrari,Ghibli,2015,33500,Used,Not reported,"Saensokh, Phnom Penh",Phnom Penh,Sports,Gasoline,2026-07-28,https://www.khmer24.com/en/post-adid-13653235,Varies by engine; exact trim not identified,Varies by engine; exact trim not identified,Official figure unavailable: seller did not identify the exact engine/trim,Usually 2–4; exact model/trim not identified,Seller did not identify exact configuration,"The marketplace listing lacks enough model, engine, battery, or trim detail for a responsible numeric claim. The card states the limitation instead of inventing data.",Khmer24 listing,https://www.khmer24.com/en/post-adid-13653235,Varies by trim; exact gearbox not identified,https://images.khmer24.co/26-06-16/maserati-ghibli-q4-twin-turbo-3-0-ferrari-made-engine-50197178154292140210314-b.jpg
13553472,McLaren 570S 3.8 Spider 2018,McLaren,570S,2018,239000,Used,Not reported,"Por Senchey, Phnom Penh",Phnom Penh,Sports,Gasoline,2026-07-28,https://www.khmer24.com/en/post-adid-13553472,8,3.8 L,19 mpg combined (EPA),2,Exact year/make/model EPA range,"EPA values cover matching U.S.-market configurations. The imported Cambodian trim may use a different engine, transmission, battery, or test cycle.",U.S. DOE/EPA FuelEconomy.gov,https://www.fueleconomy.gov/feg/Find.do?action=sbs&id=41057&id=42709,Automatic 7-spd,https://images.khmer24.co/26-05-22/mclaren-570s-3-8-spider-2018-1041951177944181279046615-b.jpg
13542029,Rolls-Royce Cullinan,Rolls-Royce,Cullinan,2024,660000,Used,Not reported,"Doun Penh, Phnom Penh",Phnom Penh,SUV,Gasoline,2026-07-28,https://www.khmer24.com/en/post-adid-13542029,12,6.7 L,14 mpg combined (EPA),Usually 5–8; exact model/trim not identified,Exact year/make/model EPA range,"EPA values cover matching U.S.-market configurations. The imported Cambodian trim may use a different engine, transmission, battery, or test cycle.",U.S. DOE/EPA FuelEconomy.gov,https://www.fueleconomy.gov/feg/Find.do?action=sbs&id=46809&id=46810,Automatic (S8),https://images.khmer24.co/26-05-23/rolls-royce-cullinan-880755177951411832054471-b.jpg
13576123,2021 Aston Martin DBX 4.0 V8,Aston Martin,DBX,2021,185000,Used,Not reported,"Mean Chey, Phnom Penh",Phnom Penh,SUV,Gasoline,2026-07-28,https://www.khmer24.com/en/post-adid-13576123,8,4 L,15 mpg combined (EPA),Usually 5–8; exact model/trim not identified,Exact year/make/model EPA range,"EPA values cover matching U.S.-market configurations. The imported Cambodian trim may use a different engine, transmission, battery, or test cycle.",U.S. DOE/EPA FuelEconomy.gov,https://www.fueleconomy.gov/feg/Find.do?action=sbs&id=43287,Automatic 9-spd,https://images.khmer24.co/26-05-29/2021-aston-martin-dbx-4-0-v8-1180117178002770517177159-b.jpg
13694899,"Subaru Forester 2019, 50,000km",Subaru,Forester km,2019,26500,Used,Not reported,"Saensokh, Phnom Penh",Phnom Penh,SUV,Gasoline,2026-07-28,https://www.khmer24.com/en/post-adid-13694899,4,2.5 L,29 mpg combined (EPA),Usually 5–8; exact model/trim not identified,Exact year/make/model EPA range,"EPA values cover matching U.S.-market configurations. The imported Cambodian trim may use a different engine, transmission, battery, or test cycle.",U.S. DOE/EPA FuelEconomy.gov,https://www.fueleconomy.gov/feg/Find.do?action=sbs&id=40381,Automatic (AV-S7),https://images.khmer24.co/26-06-25/subaru-forester-2019-50-000km-26500--36510178239615324847684-b.jpg
13770270,ឡានលក់បងប្អូនប្រភេទMitsubishi-Montero1993មាស៊ូតសុីនតំលៃ4900$ចរចារក្រុងសៀមរាប,Mitsubishi,Montero,1993,4900,Used,Not reported,"Krong Siem Reab, Siem Reap",Siem Reap,SUV,Gasoline,2026-07-28,https://www.khmer24.com/en/post-adid-13770270,6,3 L,15 mpg combined (EPA),Usually 5–8; exact model/trim not identified,Exact year/make/model EPA range,"EPA values cover matching U.S.-market configurations. The imported Cambodian trim may use a different engine, transmission, battery, or test cycle.",U.S. DOE/EPA FuelEconomy.gov,https://www.fueleconomy.gov/feg/Find.do?action=sbs&id=10579&id=10580,Automatic 4-spd or Manual 5-spd,https://images.khmer24.co/26-07-14/-mitsubishi-montero1993-4900--868323178404577722893501-b.jpg
13533401,VOLKSWAGEN CARAVEL 2019 VIP,Volkswagen,Caravelle,2019,36500,Used,Not reported,"Ruessei Kaev, Phnom Penh",Phnom Penh,Sedan,Gasoline,2026-07-28,https://www.khmer24.com/en/post-adid-13533401,Varies by engine; exact trim not identified,Varies by engine; exact trim not identified,Official figure unavailable: seller did not identify the exact engine/trim,Usually 4–5; exact model/trim not identified,Seller did not identify exact configuration,"The marketplace listing lacks enough model, engine, battery, or trim detail for a responsible numeric claim. The card states the limitation instead of inventing data.",Khmer24 listing,https://www.khmer24.com/en/post-adid-13533401,Varies by trim; exact gearbox not identified,https://images.khmer24.co/26-05-18/volkswagen-caravel-2019-1073499177908004833368151-b.jpg
13376532,VOLVO XC60 T5 ឆ្នាំ2018 ឡានខ្លាញ់គោស្រុកខ្មែរ ហ្សីន1ជុំ,Volvo,XC60,2018,29500,Used,Not reported,"Ruessei Kaev, Phnom Penh",Phnom Penh,SUV,Gasoline,2026-07-28,https://www.khmer24.com/en/post-adid-13376532,4,2 L,23–26 mpg combined (EPA),Usually 5–8; exact model/trim not identified,Exact year/make/model EPA range,"EPA values cover matching U.S.-market configurations. The imported Cambodian trim may use a different engine, transmission, battery, or test cycle.",U.S. DOE/EPA FuelEconomy.gov,https://www.fueleconomy.gov/feg/Find.do?action=sbs&id=38806&id=38807&id=39382,Automatic (S8),https://images.khmer24.co/26-04-05/volvo-xc60-t5-2018-1--100043177537049223992771-b.jpg
13612454,តូច​តែ​គួរឲ្យ​ចាប់អារម្មណ៍​ Chevrolet Spark ពណ៌​ស,Chevrolet,Spark,2012,7350,Used,Not reported,"Saensokh, Phnom Penh",Phnom Penh,Sedan,Gasoline,2026-07-28,https://www.khmer24.com/en/post-adid-13612454,Varies by engine; exact trim not identified,Varies by engine; exact trim not identified,Official figure unavailable: seller did not identify the exact engine/trim,Usually 4–5; exact model/trim not identified,Seller did not identify exact configuration,"The marketplace listing lacks enough model, engine, battery, or trim detail for a responsible numeric claim. The card states the limitation instead of inventing data.",Khmer24 listing,https://www.khmer24.com/en/post-adid-13612454,Varies by trim; exact gearbox not identified,https://images.khmer24.co/26-06-05/-chevrolet-spark--284758178066232741732939-b.jpg
13302527,Suzuki celeriacឡានថ្មីណាស់ ម្ចាស់ដើម,Suzuki,celeriac,2013,6200,Used,Not reported,"Tuol Kouk, Phnom Penh",Phnom Penh,Sedan,Gasoline,2026-07-28,https://www.khmer24.com/en/post-adid-13302527,Varies by engine; exact trim not identified,Varies by engine; exact trim not identified,Official figure unavailable: seller did not identify the exact engine/trim,Usually 4–5; exact model/trim not identified,Seller did not identify exact configuration,"The marketplace listing lacks enough model, engine, battery, or trim detail for a responsible numeric claim. The card states the limitation instead of inventing data.",Khmer24 listing,https://www.khmer24.com/en/post-adid-13302527,Varies by trim; exact gearbox not identified,https://images.khmer24.co/26-03-17/suzuki-celeriac--1050600177375623136319526-b.jpg
13794888,"Isuzu 2,5t ឆ្នាំ2017 ក្រដាស់ពន្ធ",Isuzu,Model not identified,2017,15800,Used,Not reported,"Ruessei Kaev, Phnom Penh",Phnom Penh,Sedan,Gasoline,2026-07-28,https://www.khmer24.com/en/post-adid-13794888,Varies by engine; exact trim not identified,Varies by engine; exact trim not identified,Official figure unavailable: seller did not identify the exact engine/trim,Usually 4–5; exact model/trim not identified,Seller did not identify exact configuration,"The marketplace listing lacks enough model, engine, battery, or trim detail for a responsible numeric claim. The card states the limitation instead of inventing data.",Khmer24 listing,https://www.khmer24.com/en/post-adid-13794888,Varies by trim; exact gearbox not identified,https://images.khmer24.co/26-07-21/isuzu-2-5t-2017--923892178462041199831805-b.jpg
13727886,Peugeot 3008 2019 Full option ស្រីនមួយជុំ,Peugeot,3008,2019,20500,Used,Not reported,"Chbar Ampov, Phnom Penh",Phnom Penh,SUV,Gasoline,2026-07-28,https://www.khmer24.com/en/post-adid-13727886,4,1.6 L turbo gasoline family reference,Up to 12.6 km/L combined (official regional NEDC figure),5,Official manufacturer model-family range,Official regional specifications; earlier model years and imported engines can differ.,Peugeot 3008 official brochure,https://ksa.peugeot.com/content/dam/peugeot/saudi_arabia/brochure/PEUGEOT-Passenger-CAR-Brochure-3008_eng.pdf,6-speed automatic,https://images.khmer24.co/26-07-04/peugeot-3008-2019-full-option--36283178313883256337549-b.jpg
13567986,Cadillac Escalade 2025 ESV Sport Platinum,Cadillac,Escalade ESV Sport Platinum,2025,197000,Used,Not reported,"Tuol Kouk, Phnom Penh",Phnom Penh,SUV,Gasoline,2026-07-28,https://www.khmer24.com/en/post-adid-13567986,8,6.2 L,13–17 mpg combined (EPA),Usually 5–8; exact model/trim not identified,Exact year/make/model EPA range,"EPA values cover matching U.S.-market configurations. The imported Cambodian trim may use a different engine, transmission, battery, or test cycle.",U.S. DOE/EPA FuelEconomy.gov,https://www.fueleconomy.gov/feg/Find.do?action=sbs&id=48556&id=48620&id=48629,Automatic (S10) or Automatic 10-spd,https://images.khmer24.co/26-05-26/cadillac-escalade-2025-esv-sport-platinum-452963177976729976154589-b.jpg
13460786,Geely Galaxy Starship7 (2025)🔥,Geely,Galaxy Starship 7,2025,28800,New,Not reported,"Saensokh, Phnom Penh",Phnom Penh,Sedan,Gasoline,2026-07-28,https://www.khmer24.com/en/post-adid-13460786,Varies by engine; exact trim not identified,Varies by engine; exact trim not identified,Official figure unavailable: seller did not identify the exact engine/trim,Usually 4–5; exact model/trim not identified,Seller did not identify exact configuration,"The marketplace listing lacks enough model, engine, battery, or trim detail for a responsible numeric claim. The card states the limitation instead of inventing data.",Khmer24 listing,https://www.khmer24.com/en/post-adid-13460786,Varies by trim; exact gearbox not identified,https://images.khmer24.co/25-10-30/geely-galaxy-starship7-2025-ud83d-udd25-28-800-ud83d-udd25-ud83e-udd70-1207509176179539387401738-b.jpg
13694130,CHANGAN NEVO Q07 2026 options ultra,Changan,Q07,2026,36600,New,Not reported,"Chrouy Changva, Phnom Penh",Phnom Penh,Sedan,Gasoline,2026-07-28,https://www.khmer24.com/en/post-adid-13694130,Varies by engine; exact trim not identified,Varies by engine; exact trim not identified,Official figure unavailable: seller did not identify the exact engine/trim,Usually 4–5; exact model/trim not identified,Seller did not identify exact configuration,"The marketplace listing lacks enough model, engine, battery, or trim detail for a responsible numeric claim. The card states the limitation instead of inventing data.",Khmer24 listing,https://www.khmer24.com/en/post-adid-13694130,Varies by trim; exact gearbox not identified,https://images.khmer24.co/26-06-30/changan-nevo-q07-2026-options-ultra-1249350178278827488283796-b.jpg
13422844,Leapmotor B10 600km English,Leapmotor,B10,2025,21900,New,Not reported,"Saensokh, Phnom Penh",Phnom Penh,Sedan,Electricity,2026-07-28,https://www.khmer24.com/en/post-adid-13422844,N/A (electric),N/A (electric),Seller advertises 600 km range,Usually 4–5; exact model/trim not identified,Seller did not identify exact configuration,"The marketplace listing lacks enough model, engine, battery, or trim detail for a responsible numeric claim. The card states the limitation instead of inventing data.",Khmer24 listing,https://www.khmer24.com/en/post-adid-13422844,Single-speed electric drive,https://images.khmer24.co/25-10-22/leapmotor-b10-600km-top-option-1157157176112314482714097-c.jpg
13739393,Denza N9,Denza,N9,2025,86000,Used,Not reported,"Tuol Kouk, Phnom Penh",Phnom Penh,Sedan,Gasoline,2026-07-28,https://www.khmer24.com/en/post-adid-13739393,Varies by engine; exact trim not identified,Varies by engine; exact trim not identified,Official figure unavailable: seller did not identify the exact engine/trim,Usually 4–5; exact model/trim not identified,Seller did not identify exact configuration,"The marketplace listing lacks enough model, engine, battery, or trim detail for a responsible numeric claim. The card states the limitation instead of inventing data.",Khmer24 listing,https://www.khmer24.com/en/post-adid-13739393,Varies by trim; exact gearbox not identified,https://images.khmer24.co/26-07-07/denza-n9-1167246178340043623400860-b.jpg
13797259,Xpeng P7 Plus ធានារោងចក្រ 5ឆ្នាំ,XPeng,P7 Plus,2025,35800,Used,Not reported,"Saensokh, Phnom Penh",Phnom Penh,Sedan,Electricity,2026-07-28,https://www.khmer24.com/en/post-adid-13797259,N/A (electric),N/A (electric),Range unavailable: seller did not identify the exact battery/model version,Usually 4–5; exact model/trim not identified,Seller did not identify exact configuration,"The marketplace listing lacks enough model, engine, battery, or trim detail for a responsible numeric claim. The card states the limitation instead of inventing data.",Khmer24 listing,https://www.khmer24.com/en/post-adid-13797259,Single-speed electric drive,https://images.khmer24.co/26-07-22/xpeng-p7-plus-5--754732178468818923873438-b.jpg
13619098,Zeekr 9X Ultra black edition,Zeekr,9X,2026,139000,New,Not reported,"Boeng Keng Kang, Phnom Penh",Phnom Penh,Sedan,Plug-in Hybrid,2026-07-28,https://www.khmer24.com/en/post-adid-13619098,4,2.0 L turbo gasoline hybrid engine,Up to 380 km CLTC pure-electric range,6,Official manufacturer model-family range,"The 9X is a plug-in hybrid, not a battery-only EV. Official range uses China's CLTC cycle and varies by battery/trim.",ZEEKR 9X official release,https://www.zeekrgroup.com/en/news/202509291,SEA Super Hybrid electric-drive system,https://images.khmer24.co/26-06-07/zeekr-9x-ultra-black-edition-921678178082672998455789-b.jpg
13464782,GWM POER,Great Wall,Poer,2026,34500,New,Not reported,"Chbar Ampov, Phnom Penh",Phnom Penh,Sedan,Gasoline,2026-07-28,https://www.khmer24.com/en/post-adid-13464782,Varies by engine; exact trim not identified,Varies by engine; exact trim not identified,Official figure unavailable: seller did not identify the exact engine/trim,Usually 4–5; exact model/trim not identified,Seller did not identify exact configuration,"The marketplace listing lacks enough model, engine, battery, or trim detail for a responsible numeric claim. The card states the limitation instead of inventing data.",Khmer24 listing,https://www.khmer24.com/en/post-adid-13464782,Varies by trim; exact gearbox not identified,https://images.khmer24.co/26-05-01/gwm-poer-1095006177761771251519151-b.jpg
13381841,លក់បន្ទាន់ Jetour T2 2024 27000km ជាប់ធានាក្រុមហ៊ុន,Jetour,T2,2024,39900,Used,Not reported,"Mean Chey, Phnom Penh",Phnom Penh,SUV,Gasoline,2026-07-28,https://www.khmer24.com/en/post-adid-13381841,Varies by engine; exact trim not identified,Varies by engine; exact trim not identified,Official figure unavailable: seller did not identify the exact engine/trim,Usually 5–8; exact model/trim not identified,Seller did not identify exact configuration,"The marketplace listing lacks enough model, engine, battery, or trim detail for a responsible numeric claim. The card states the limitation instead of inventing data.",Khmer24 listing,https://www.khmer24.com/en/post-adid-13381841,Varies by trim; exact gearbox not identified,https://images.khmer24.co/26-04-06/-jetour-t2-2024-27000km--879062177548062149773157-c.jpg
13666528,💥អាចដកបានភ្លាមៗ មានក្នុងស្ដុកស្រាប់JAC T9 បច្ចេកវិទ្យាអាល្លឺម្ម៉ង់ តម្លៃ 31500$,JAC,T9,2026,31500,New,Not reported,"Saensokh, Phnom Penh",Phnom Penh,Sedan,Gasoline,2026-07-28,https://www.khmer24.com/en/post-adid-13666528,Varies by engine; exact trim not identified,Varies by engine; exact trim not identified,Official figure unavailable: seller did not identify the exact engine/trim,Usually 4–5; exact model/trim not identified,Seller did not identify exact configuration,"The marketplace listing lacks enough model, engine, battery, or trim detail for a responsible numeric claim. The card states the limitation instead of inventing data.",Khmer24 listing,https://www.khmer24.com/en/post-adid-13666528,Varies by trim; exact gearbox not identified,https://images.khmer24.co/26-06-19/-ud83d-udca5-jac-t9-31500--1226006178183551825921168-b.jpg
13783703,Range Rover Sport 2007,Land Rover,Range Rover Sport,2007,7500,Used,Not reported,"Saensokh, Phnom Penh",Phnom Penh,SUV,Gasoline,2026-07-28,https://www.khmer24.com/en/post-adid-13783703,8,4.2 L or 4.4 L,14–15 mpg combined (EPA),Usually 5–8; exact model/trim not identified,Exact year/make/model EPA range,"EPA values cover matching U.S.-market configurations. The imported Cambodian trim may use a different engine, transmission, battery, or test cycle.",U.S. DOE/EPA FuelEconomy.gov,https://www.fueleconomy.gov/feg/Find.do?action=sbs&id=23816&id=23817&id=23911,Automatic (S6),https://images.khmer24.co/26-07-18/range-rover-sport-107614178436023967406023-b.jpg
13692474,2017 C-Class Coupe AMG up 2022,Mercedes-Benz,C-Class,2017,36800,Used,Not reported,"Tuol Kouk, Phnom Penh",Phnom Penh,Sports,Gasoline,2026-07-28,https://www.khmer24.com/en/post-adid-13692474,4 or 6 or 8,2 L or 3 L or 4 L,19–30 mpg combined (EPA),Usually 2–4; exact model/trim not identified,Exact year/make/model EPA range,"EPA values cover matching U.S.-market configurations. The imported Cambodian trim may use a different engine, transmission, battery, or test cycle.",U.S. DOE/EPA FuelEconomy.gov,https://www.fueleconomy.gov/feg/Find.do?action=sbs&id=37428&id=37461&id=37913,Automatic 7-spd or Automatic 9-spd,https://images.khmer24.co/26-06-25/2017-c-class-coupe-amg-up-2022-177779178236015638602541-b.jpg
13726481,ចង់លក់កាំរី07 ហាយ ព្រិតខួប50ឆ្នាំ ព៍ណ ស កាំមៃ ហ្វូពេញ ម្ចាស់ដើម,Not identified,Model not identified,2007,13000,Used,Not reported,"Mukh Kampul, Kandal",Kandal,Convertible,Gasoline,2026-07-28,https://www.khmer24.com/en/post-adid-13726481,Varies by engine; exact trim not identified,Varies by engine; exact trim not identified,Official figure unavailable: seller did not identify the exact engine/trim,Usually 2–4; exact model/trim not identified,Seller did not identify exact configuration,"The marketplace listing lacks enough model, engine, battery, or trim detail for a responsible numeric claim. The card states the limitation instead of inventing data.",Khmer24 listing,https://www.khmer24.com/en/post-adid-13726481,Varies by trim; exact gearbox not identified,https://images.khmer24.co/26-07-03/-07-50--1283730178309228258210280-b.jpg
13599424,Porsche Macan 2015 Tax Paper Red Interior,Porsche,Macan,2015,48000,Used,Not reported,"Saensokh, Phnom Penh",Phnom Penh,SUV,Gasoline,2026-07-28,https://www.khmer24.com/en/post-adid-13599424,6,3 L or 3.6 L,19 mpg combined (EPA),Usually 5–8; exact model/trim not identified,Exact year/make/model EPA range,"EPA values cover matching U.S.-market configurations. The imported Cambodian trim may use a different engine, transmission, battery, or test cycle.",U.S. DOE/EPA FuelEconomy.gov,https://www.fueleconomy.gov/feg/Find.do?action=sbs&id=34961&id=34962,Automatic (AM-S7),https://images.khmer24.co/26-06-02/porsche-macan-2015-tax-paper-red-interior-145192178041227445547498-b.jpg
13639975,BMW 740LI,BMW,7 Series,2017,42500,Used,Not reported,"Ruessei Kaev, Phnom Penh",Phnom Penh,Sedan,Gasoline,2026-07-28,https://www.khmer24.com/en/post-adid-13639975,4 or 6 or 8 or 12,2 L or 3 L or 4.4 L or 6.6 L,16–27 mpg combined (EPA),Usually 4–5; exact model/trim not identified,Exact year/make/model EPA range,"EPA values cover matching U.S.-market configurations. The imported Cambodian trim may use a different engine, transmission, battery, or test cycle.",U.S. DOE/EPA FuelEconomy.gov,https://www.fueleconomy.gov/feg/Find.do?action=sbs&id=37306&id=37933&id=37934,Automatic (S8),https://images.khmer24.co/26-06-12/0887368696-1277660178124988718005466-b.jpg
13618340,Mercedes-CLA 45 AMG 2016 តម្លៃពិសេសនាំចូលផ្ទាល់,Mercedes-Benz,CLA-Class,2016,31500,Used,Not reported,"Saensokh, Phnom Penh",Phnom Penh,Sports,Gasoline,2026-07-28,https://www.khmer24.com/en/post-adid-13618340,4,2 L,26–30 mpg combined (EPA),Usually 2–4; exact model/trim not identified,Exact year/make/model EPA range,"EPA values cover matching U.S.-market configurations. The imported Cambodian trim may use a different engine, transmission, battery, or test cycle.",U.S. DOE/EPA FuelEconomy.gov,https://www.fueleconomy.gov/feg/Find.do?action=sbs&id=36989&id=37029&id=37030,Automatic (AM7),https://images.khmer24.co/26-06-07/mercedes-cla-45-amg-2016--423807178081509149752758-b.jpg
13546853,Toyota Pruis 2008 half full 11000$,Toyota,Pruis half,2008,11000,Used,Not reported,"Por Senchey, Phnom Penh",Phnom Penh,Sedan,Gasoline,2026-07-28,https://www.khmer24.com/en/post-adid-13546853,Varies by engine; exact trim not identified,Varies by engine; exact trim not identified,Official figure unavailable: seller did not identify the exact engine/trim,Usually 4–5; exact model/trim not identified,Seller did not identify exact configuration,"The marketplace listing lacks enough model, engine, battery, or trim detail for a responsible numeric claim. The card states the limitation instead of inventing data.",Khmer24 listing,https://www.khmer24.com/en/post-adid-13546853,Varies by trim; exact gearbox not identified,https://images.khmer24.co/26-05-21/toyota-pruis-2008-half-full-11000--1107099177933495782582959-b.jpg
13764941,Lexus 330 06/half full  ឡានស្អាតគីឡូតិច តម្លៃ23500$ ចរចា  012858994telegram,Lexus,half telegram,2006,23500,Used,Not reported,"Ruessei Kaev, Phnom Penh",Phnom Penh,Sedan,Gasoline,2026-07-28,https://www.khmer24.com/en/post-adid-13764941,Varies by engine; exact trim not identified,Varies by engine; exact trim not identified,Official figure unavailable: seller did not identify the exact engine/trim,Usually 4–5; exact model/trim not identified,Seller did not identify exact configuration,"The marketplace listing lacks enough model, engine, battery, or trim detail for a responsible numeric claim. The card states the limitation instead of inventing data.",Khmer24 listing,https://www.khmer24.com/en/post-adid-13764941,Varies by trim; exact gearbox not identified,https://images.khmer24.co/26-07-13/lexus-330-24xxx-855-12-858-994-738096178393720928732765-f.jpg
13301778,Honda Odyssey 2008 full,Honda,Odyssey,2008,12700,Used,Not reported,"Chbar Ampov, Phnom Penh",Phnom Penh,MPV,Gasoline,2026-07-28,https://www.khmer24.com/en/post-adid-13301778,6,3.5 L,18–20 mpg combined (EPA),Usually 5–11; exact seating layout not identified,Exact year/make/model EPA range,"EPA values cover matching U.S.-market configurations. The imported Cambodian trim may use a different engine, transmission, battery, or test cycle.",U.S. DOE/EPA FuelEconomy.gov,https://www.fueleconomy.gov/feg/Find.do?action=sbs&id=25116&id=25117,Automatic 5-spd,https://images.khmer24.co/26-03-17/honda-odyssey-2008-full-441172177374241665275922-b.jpg
13773549,Ford Ranger Raptor 2022 ម្ចាស់ដើម,Ford,Ranger,2022,43000,Used,Not reported,"Saensokh, Phnom Penh",Phnom Penh,Pickup,Gasoline,2026-07-28,https://www.khmer24.com/en/post-adid-13773549,4,2.3 L,19–23 mpg combined (EPA),5 for double-cab passenger configuration,Exact year/make/model EPA range,"EPA values cover matching U.S.-market configurations. The imported Cambodian trim may use a different engine, transmission, battery, or test cycle.",U.S. DOE/EPA FuelEconomy.gov,https://www.fueleconomy.gov/feg/Find.do?action=sbs&id=44986&id=44988&id=44989,Automatic (S10),https://images.khmer24.co/26-07-15/ford-ranger-raptor-2022--620583178411634531406982-b.jpg
13659033,Kia Morning 05 hf,Kia,Morning,2005,4150,Used,Not reported,"Krong Siem Reab, Siem Reap",Siem Reap,Hatchback,Gasoline,2026-07-28,https://www.khmer24.com/en/post-adid-13659033,3 or 4,1.0 L or 1.25 L,52.3–64.2 UK mpg combined (official Picanto family configurations),5,Official manufacturer model-family range,Kia Morning is sold as Picanto in other markets. Figures are a model-family range; confirm the Cambodian import's engine.,Kia Picanto official specification,https://www.kia.com/content/dam/kwcms/kme/uk/en/assets/vehicles/All-New%20Picanto/Specifications/all-new-picanto-specification.PDF,"5-speed manual, 4-speed automatic, or 5-speed AMT",https://images.khmer24.co/26-06-17/kia-morning-05-hf-382993178167236090808353-b.jpg
13798827,Mazda EZ6 2025 full option massage,Mazda,EZ-6,2025,27500,New,Not reported,"Por Senchey, Phnom Penh",Phnom Penh,Sedan,Gasoline,2026-07-28,https://www.khmer24.com/en/post-adid-13798827,Varies by engine; exact trim not identified,Varies by engine; exact trim not identified,Official figure unavailable: seller did not identify the exact engine/trim,Usually 4–5; exact model/trim not identified,Seller did not identify exact configuration,"The marketplace listing lacks enough model, engine, battery, or trim detail for a responsible numeric claim. The card states the limitation instead of inventing data.",Khmer24 listing,https://www.khmer24.com/en/post-adid-13798827,Varies by trim; exact gearbox not identified,https://images.khmer24.co/26-07-22/mazda-ez6-2025-full-option-massage-761271178470639087288950-b.jpg
13617558,Hyundai Custin VIP ប្រេីបាន 8000km មហាថ្មី​ ថ្នាំ​ស៊ីន​មួយ​ជុំ​,Hyundai,Custin,2025,33900,Used,Not reported,"Saensokh, Phnom Penh",Phnom Penh,Sedan,Gasoline,2026-07-28,https://www.khmer24.com/en/post-adid-13617558,4,1.5 L turbo gasoline,Official consumption varies by destination-market 1.5 T-GDI calibration,7,Official manufacturer model-family range,Official Philippine-market family reference; verify the Cambodian import's calibration and equipment.,Hyundai CUSTIN official brochure,https://www.hyundai.com/content/dam/hyundai/ph/en/data/marketing/brochure/product/custin/Custin-brochure-v2.pdf,8-speed automatic,https://images.khmer24.co/26-06-07/hyundai-custin-vip-8000km--66194178080537535543834-b.jpg
13689889,NISSAN NX8 2026 options Max 650km,Nissan,NX8,2026,36600,New,Not reported,"Chrouy Changva, Phnom Penh",Phnom Penh,SUV,Gasoline,2026-07-28,https://www.khmer24.com/en/post-adid-13689889,Varies by engine; exact trim not identified,Varies by engine; exact trim not identified,Official figure unavailable: seller did not identify the exact engine/trim,Usually 5–8; exact model/trim not identified,Seller did not identify exact configuration,"The marketplace listing lacks enough model, engine, battery, or trim detail for a responsible numeric claim. The card states the limitation instead of inventing data.",Khmer24 listing,https://www.khmer24.com/en/post-adid-13689889,Varies by trim; exact gearbox not identified,https://images.khmer24.co/26-06-30/nissan-nx8-2026-options-max-650km-1249350178278824110441261-b.jpg
13346189,2012 Porsche Cayenne S Hybrid Luxury SUV,Porsche,Cayenne,2012,19500,Used,Not reported,"Tuol Kouk, Phnom Penh",Phnom Penh,SUV,Hybrid,2026-07-28,https://www.khmer24.com/en/post-adid-13346189,6,3 L,21 mpg combined (EPA),Usually 5–8; exact model/trim not identified,Exact year/make/model EPA range,"EPA values cover matching U.S.-market configurations. The imported Cambodian trim may use a different engine, transmission, battery, or test cycle.",U.S. DOE/EPA FuelEconomy.gov,https://www.fueleconomy.gov/feg/Find.do?action=sbs&id=31542,Automatic 8-spd,https://images.khmer24.co/26-03-28/2012-porsche-cayenne-s-hybrid-luxury-suv-826670177468441452451210-b.jpg
13655272,ឡានជិះ6មុឺនគីឡូរជាង,Not identified,Model not identified,2019,34500,Used,Not reported,"Por Senchey, Phnom Penh",Phnom Penh,Pickup,Gasoline,2026-07-28,https://www.khmer24.com/en/post-adid-13655272,Varies by engine; exact trim not identified,Varies by engine; exact trim not identified,Official figure unavailable: seller did not identify the exact engine/trim,Usually 2–5; exact cab configuration not identified,Seller did not identify exact configuration,"The marketplace listing lacks enough model, engine, battery, or trim detail for a responsible numeric claim. The card states the limitation instead of inventing data.",Khmer24 listing,https://www.khmer24.com/en/post-adid-13655272,Varies by trim; exact gearbox not identified,https://images.khmer24.co/26-06-16/-6--1118112178159083212956098-b.jpg
13798133,Mazda ez60,Mazda,EZ-60,2025,32000,New,Not reported,"Dangkao, Phnom Penh",Phnom Penh,Sedan,Gasoline,2026-07-28,https://www.khmer24.com/en/post-adid-13798133,Varies by engine; exact trim not identified,Varies by engine; exact trim not identified,Official figure unavailable: seller did not identify the exact engine/trim,Usually 4–5; exact model/trim not identified,Seller did not identify exact configuration,"The marketplace listing lacks enough model, engine, battery, or trim detail for a responsible numeric claim. The card states the limitation instead of inventing data.",Khmer24 listing,https://www.khmer24.com/en/post-adid-13798133,Varies by trim; exact gearbox not identified,https://images.khmer24.co/26-07-22/mazda-ez60-303857178469800061982570-b.jpg
13583900,Highlander Hybrid Full Limited 2010 ពណ៌​ស​កាម៉ៃ​ ថ្នាំ​សុីន​មួយ​ជុំ​ សាច់​ដែក​ថ្មី​,Not identified,Highlander,2010,31800,Used,Not reported,"Prampir Meakkakra, Phnom Penh",Phnom Penh,SUV,Hybrid,2026-07-28,https://www.khmer24.com/en/post-adid-13583900,Varies by engine; exact trim not identified,Varies by engine; exact trim not identified,Official figure unavailable: seller did not identify the exact engine/trim,Usually 5–8; exact model/trim not identified,Seller did not identify exact configuration,"The marketplace listing lacks enough model, engine, battery, or trim detail for a responsible numeric claim. The card states the limitation instead of inventing data.",Khmer24 listing,https://www.khmer24.com/en/post-adid-13583900,Varies by trim; exact gearbox not identified,https://images.khmer24.co/26-05-29/highlander-hybrid-full-limited-2010--419007178006916287713034-b.jpg
13738079,រថយន្តសម្រាប់លក់,Not identified,Model not identified,2008,12800,Used,Not reported,"Saensokh, Phnom Penh",Phnom Penh,Sedan,Gasoline,2026-07-28,https://www.khmer24.com/en/post-adid-13738079,Varies by engine; exact trim not identified,Varies by engine; exact trim not identified,Official figure unavailable: seller did not identify the exact engine/trim,Usually 4–5; exact model/trim not identified,Seller did not identify exact configuration,"The marketplace listing lacks enough model, engine, battery, or trim detail for a responsible numeric claim. The card states the limitation instead of inventing data.",Khmer24 listing,https://www.khmer24.com/en/post-adid-13738079,Varies by trim; exact gearbox not identified,https://images.khmer24.co/26-07-07/--1307997178338569117778133-b.jpg
13656975,សម្រាប់លក់ម្ចាស់ផ្ទាល់,Not identified,Model not identified,2008,13000,Used,Not reported,"Mean Chey, Phnom Penh",Phnom Penh,Hatchback,Gasoline,2026-07-28,https://www.khmer24.com/en/post-adid-13656975,Varies by engine; exact trim not identified,Varies by engine; exact trim not identified,Official figure unavailable: seller did not identify the exact engine/trim,Usually 4–5; exact model/trim not identified,Seller did not identify exact configuration,"The marketplace listing lacks enough model, engine, battery, or trim detail for a responsible numeric claim. The card states the limitation instead of inventing data.",Khmer24 listing,https://www.khmer24.com/en/post-adid-13656975,Varies by trim; exact gearbox not identified,https://images.khmer24.co/25-08-28/--1164786175635657948964278-b.jpg
13554729,2007  Previa  MPV,Not identified,Previa MPV,2007,13500,Used,Not reported,"Saensokh, Phnom Penh",Phnom Penh,MPV,Gasoline,2026-07-28,https://www.khmer24.com/en/post-adid-13554729,Varies by engine; exact trim not identified,Varies by engine; exact trim not identified,Official figure unavailable: seller did not identify the exact engine/trim,Usually 5–11; exact seating layout not identified,Seller did not identify exact configuration,"The marketplace listing lacks enough model, engine, battery, or trim detail for a responsible numeric claim. The card states the limitation instead of inventing data.",Khmer24 listing,https://www.khmer24.com/en/post-adid-13554729,Varies by trim; exact gearbox not identified,https://images.khmer24.co/26-05-23/2007-previa-mpv-1113075177947135977670155-b.jpg
13714338,BYD ORKIDE showroom,BYD,ORKIDE showroom,2025,28800,New,Not reported,"Doun Penh, Phnom Penh",Phnom Penh,Sedan,Gasoline,2026-07-28,https://www.khmer24.com/en/post-adid-13714338,Varies by engine; exact trim not identified,Varies by engine; exact trim not identified,Official figure unavailable: seller did not identify the exact engine/trim,Usually 4–5; exact model/trim not identified,Seller did not identify exact configuration,"The marketplace listing lacks enough model, engine, battery, or trim detail for a responsible numeric claim. The card states the limitation instead of inventing data.",Khmer24 listing,https://www.khmer24.com/en/post-adid-13714338,Varies by trim; exact gearbox not identified,https://images.khmer24.co/25-12-15/-telegram-069370161--1245783176578676118205240-b.jpg
13372150,Ferrari 488 GTB 2017,Ferrari,488 GTB,2017,198000,Used,Not reported,"Tuol Kouk, Phnom Penh",Phnom Penh,Sports,Gasoline,2026-07-28,https://www.khmer24.com/en/post-adid-13372150,8,3.9 L,18 mpg combined (EPA),Usually 2–4; exact model/trim not identified,Exact year/make/model EPA range,"EPA values cover matching U.S.-market configurations. The imported Cambodian trim may use a different engine, transmission, battery, or test cycle.",U.S. DOE/EPA FuelEconomy.gov,https://www.fueleconomy.gov/feg/Find.do?action=sbs&id=37604&id=37704,Automatic (AM7),https://images.khmer24.co/26-04-04/ferrari-488-gtb-2017-231228177527082872156797-b.jpg
13406530,Lamborghini Aventador with IPE Full System Exhaust,Lamborghini,Aventador,2013,269000,Used,Not reported,"Chamkar Mon, Phnom Penh",Phnom Penh,Sports,Gasoline,2026-07-28,https://www.khmer24.com/en/post-adid-13406530,12,6.5 L,12–13 mpg combined (EPA),Usually 2–4; exact model/trim not identified,Exact year/make/model EPA range,"EPA values cover matching U.S.-market configurations. The imported Cambodian trim may use a different engine, transmission, battery, or test cycle.",U.S. DOE/EPA FuelEconomy.gov,https://www.fueleconomy.gov/feg/Find.do?action=sbs&id=33025&id=33413,Automatic (AM-S7),https://images.khmer24.co/26-04-16/lamborghini-aventador-with-ipe-full-system-exhaust-515890177631957842984304-b.jpg
13634997,BENTLEY FLYING SPUR 2015 full option,Bentley,Flying Spur,2015,58000,Used,Not reported,"Mean Chey, Phnom Penh",Phnom Penh,Sedan,Gasoline,2026-07-28,https://www.khmer24.com/en/post-adid-13634997,8 or 12,4 L or 6 L,14–17 mpg combined (EPA),Usually 4–5; exact model/trim not identified,Exact year/make/model EPA range,"EPA values cover matching U.S.-market configurations. The imported Cambodian trim may use a different engine, transmission, battery, or test cycle.",U.S. DOE/EPA FuelEconomy.gov,https://www.fueleconomy.gov/feg/Find.do?action=sbs&id=34829&id=34927,Automatic (S8),https://images.khmer24.co/23-09-01/bentley-flying-spur-2015-full-option-131729169350446420189294-b.jpg
13820269,"2014 Maserati Quattroporte Black For Sale | $25,000 Negotiable",Maserati,Quattroporte,2014,25000,Used,Not reported,"Boeng Keng Kang, Phnom Penh",Phnom Penh,Sedan,Gasoline,2026-07-28,https://www.khmer24.com/en/post-adid-13820269,6 or 8,3 L or 3.8 L,16–18 mpg combined (EPA),Usually 4–5; exact model/trim not identified,Exact year/make/model EPA range,"EPA values cover matching U.S.-market configurations. The imported Cambodian trim may use a different engine, transmission, battery, or test cycle.",U.S. DOE/EPA FuelEconomy.gov,https://www.fueleconomy.gov/feg/Find.do?action=sbs&id=34100&id=34220,Automatic 8-spd,https://images.khmer24.co/26-07-28/2014-maserati-quattroporte-black-for-sale-25-000-negotiable-837873178521288210863734-b.jpg
13640585,Mclaren 675LT Spider,McLaren,675LT,2017,239000,Used,Not reported,"Tuol Kouk, Phnom Penh",Phnom Penh,Sports,Gasoline,2026-07-28,https://www.khmer24.com/en/post-adid-13640585,Varies by engine; exact trim not identified,Varies by engine; exact trim not identified,Official figure unavailable: seller did not identify the exact engine/trim,Usually 2–4; exact model/trim not identified,Seller did not identify exact configuration,"The marketplace listing lacks enough model, engine, battery, or trim detail for a responsible numeric claim. The card states the limitation instead of inventing data.",Khmer24 listing,https://www.khmer24.com/en/post-adid-13640585,Varies by trim; exact gearbox not identified,https://images.khmer24.co/26-06-12/mclaren-675lt-spider-683358178125714356201952-b.jpg
13426205,Rolls-Royce Cullinan Mansory kit,Rolls-Royce,Cullinan,2025,590000,New,Not reported,"Saensokh, Phnom Penh",Phnom Penh,SUV,Gasoline,2026-07-28,https://www.khmer24.com/en/post-adid-13426205,12,6.7 L,14 mpg combined (EPA),Usually 5–8; exact model/trim not identified,Exact year/make/model EPA range,"EPA values cover matching U.S.-market configurations. The imported Cambodian trim may use a different engine, transmission, battery, or test cycle.",U.S. DOE/EPA FuelEconomy.gov,https://www.fueleconomy.gov/feg/Find.do?action=sbs&id=48294&id=48295,Automatic (S8),https://images.khmer24.co/26-07-14/rolls-royce-cullinan-mansory-kit-233455178399698042181022-b.jpg
13610848,"​ឡានម្ខាស់ផ្ទាល់ Matte black, Special car",Aston Martin,Matte black Special,2021,258000,Used,Not reported,"Ta Khmau, Kandal",Kandal,Sedan,Gasoline,2026-07-28,https://www.khmer24.com/en/post-adid-13610848,Varies by engine; exact trim not identified,Varies by engine; exact trim not identified,Official figure unavailable: seller did not identify the exact engine/trim,Usually 4–5; exact model/trim not identified,Seller did not identify exact configuration,"The marketplace listing lacks enough model, engine, battery, or trim detail for a responsible numeric claim. The card states the limitation instead of inventing data.",Khmer24 listing,https://www.khmer24.com/en/post-adid-13610848,Varies by trim; exact gearbox not identified,https://images.khmer24.co/26-06-05/-matte-black-special-car-542530178064175438255966-b.jpg
13646476,"Subaru Baja AWD 14,500$",Subaru,Baja AWD,2003,14500,Used,Not reported,"Tuol Kouk, Phnom Penh",Phnom Penh,Sedan,Gasoline,2026-07-28,https://www.khmer24.com/en/post-adid-13646476,4,2.5 L,20 mpg combined (EPA),Usually 4–5; exact model/trim not identified,Exact year/make/model EPA range,"EPA values cover matching U.S.-market configurations. The imported Cambodian trim may use a different engine, transmission, battery, or test cycle.",U.S. DOE/EPA FuelEconomy.gov,https://www.fueleconomy.gov/feg/Find.do?action=sbs&id=19228&id=19229,Automatic 4-spd or Manual 5-spd,https://images.khmer24.co/26-06-14/subaru-baja-14-500--889281178141034962384664-b.jpg
13559679,Mitsubishi Xforce FUll 2025 ថ្នាំ​ស៊ីន​មួយ​ជុំ​ មហាថ្មី​,Mitsubishi,Xforce,2025,29900,Used,Not reported,"Saensokh, Phnom Penh",Phnom Penh,Sedan,Gasoline,2026-07-28,https://www.khmer24.com/en/post-adid-13559679,Varies by engine; exact trim not identified,Varies by engine; exact trim not identified,Official figure unavailable: seller did not identify the exact engine/trim,Usually 4–5; exact model/trim not identified,Seller did not identify exact configuration,"The marketplace listing lacks enough model, engine, battery, or trim detail for a responsible numeric claim. The card states the limitation instead of inventing data.",Khmer24 listing,https://www.khmer24.com/en/post-adid-13559679,Varies by trim; exact gearbox not identified,https://images.khmer24.co/26-05-24/mitsubishi-xforce-full-2025--66194177959715698114578-b.jpg
13705204,ឡានម្ចាស់ដើម Volkswagen Tiguan2020 ទឹកថ្នាំនៅហ្សុីមួយជុំឡាន,Volkswagen,Tiguan,2020,25500,Used,Not reported,"Por Senchey, Phnom Penh",Phnom Penh,SUV,Gasoline,2026-07-28,https://www.khmer24.com/en/post-adid-13705204,4,2 L,23–25 mpg combined (EPA),Usually 5–8; exact model/trim not identified,Exact year/make/model EPA range,"EPA values cover matching U.S.-market configurations. The imported Cambodian trim may use a different engine, transmission, battery, or test cycle.",U.S. DOE/EPA FuelEconomy.gov,https://www.fueleconomy.gov/feg/Find.do?action=sbs&id=42101&id=42104,Automatic (S8),https://images.khmer24.co/26-06-28/-volkswagen-tiguan2020--1261978178263150991872074-b.jpg
13239647,Volvo XC90 2016 FULL-OPTION,Volvo,XC90,2016,25999,Used,Not reported,"Saensokh, Phnom Penh",Phnom Penh,SUV,Gasoline,2026-07-28,https://www.khmer24.com/en/post-adid-13239647,4,2 L,22–25 mpg combined (EPA),Usually 5–8; exact model/trim not identified,Exact year/make/model EPA range,"EPA values cover matching U.S.-market configurations. The imported Cambodian trim may use a different engine, transmission, battery, or test cycle.",U.S. DOE/EPA FuelEconomy.gov,https://www.fueleconomy.gov/feg/Find.do?action=sbs&id=36149&id=36994&id=36995,Automatic (S8),https://images.khmer24.co/26-03-02/volvo-xc90-2016-full-option-969030177242440331829546-b.jpg
13819942,Chevrolet tracker 023,Chevrolet,Tracker,2023,20200,Used,Not reported,"Dangkao, Phnom Penh",Phnom Penh,Sedan,Gasoline,2026-07-28,https://www.khmer24.com/en/post-adid-13819942,Varies by engine; exact trim not identified,Varies by engine; exact trim not identified,Official figure unavailable: seller did not identify the exact engine/trim,Usually 4–5; exact model/trim not identified,Seller did not identify exact configuration,"The marketplace listing lacks enough model, engine, battery, or trim detail for a responsible numeric claim. The card states the limitation instead of inventing data.",Khmer24 listing,https://www.khmer24.com/en/post-adid-13819942,Varies by trim; exact gearbox not identified,https://images.khmer24.co/26-07-28/chevrolet-tracker-023-657764178520976875923529-b.jpg
13448576,Suzuki sidekick,Suzuki,sidekick,1993,2800,Used,Not reported,"Ta Khmau, Kandal",Kandal,Sedan,Gasoline,2026-07-28,https://www.khmer24.com/en/post-adid-13448576,4,1.6 L,21–23 mpg combined (EPA),Usually 4–5; exact model/trim not identified,Exact year/make/model EPA range,"EPA values cover matching U.S.-market configurations. The imported Cambodian trim may use a different engine, transmission, battery, or test cycle.",U.S. DOE/EPA FuelEconomy.gov,https://www.fueleconomy.gov/feg/Find.do?action=sbs&id=10528&id=10529&id=10530,Multiple EPA-listed transmissions,https://images.khmer24.co/26-04-27/cars-for-sale-325708177727144610996892-b.jpg
13351494,Isuzu D.nax Deluxe 2026 ថ្មី100%,Isuzu,nax Deluxe,2026,37900,New,Not reported,"Saensokh, Phnom Penh",Phnom Penh,Sedan,Gasoline,2026-07-28,https://www.khmer24.com/en/post-adid-13351494,Varies by engine; exact trim not identified,Varies by engine; exact trim not identified,Official figure unavailable: seller did not identify the exact engine/trim,Usually 4–5; exact model/trim not identified,Seller did not identify exact configuration,"The marketplace listing lacks enough model, engine, battery, or trim detail for a responsible numeric claim. The card states the limitation instead of inventing data.",Khmer24 listing,https://www.khmer24.com/en/post-adid-13351494,Varies by trim; exact gearbox not identified,https://images.khmer24.co/26-03-30/isuzu-d-nax-deluxe-2026-100--266247177484247976757721-b.jpg
13661337,PEUGEOT 408 Allure,Peugeot,408,2025,32900,New,Not reported,"Boeng Keng Kang, Phnom Penh",Phnom Penh,Sedan,Gasoline,2026-07-28,https://www.khmer24.com/en/post-adid-13661337,Varies by engine; exact trim not identified,Varies by engine; exact trim not identified,Official figure unavailable: seller did not identify the exact engine/trim,Usually 4–5; exact model/trim not identified,Seller did not identify exact configuration,"The marketplace listing lacks enough model, engine, battery, or trim detail for a responsible numeric claim. The card states the limitation instead of inventing data.",Khmer24 listing,https://www.khmer24.com/en/post-adid-13661337,Varies by trim; exact gearbox not identified,https://images.khmer24.co/26-06-17/peugeot-408-allure-1271980178170315086123682-b.jpg
13780621,🚙ESCALADE CADILLAC  2016  លក់,Cadillac,ESCALADE,2016,47500,Used,Not reported,"Saensokh, Phnom Penh",Phnom Penh,SUV,Gasoline,2026-07-28,https://www.khmer24.com/en/post-adid-13780621,8,6.2 L,17 mpg combined (EPA),Usually 5–8; exact model/trim not identified,Exact year/make/model EPA range,"EPA values cover matching U.S.-market configurations. The imported Cambodian trim may use a different engine, transmission, battery, or test cycle.",U.S. DOE/EPA FuelEconomy.gov,https://www.fueleconomy.gov/feg/Find.do?action=sbs&id=36691&id=36698,Automatic 8-spd,https://images.khmer24.co/26-07-17/-ud83d-ude99escalade-cadillac-2016--1310217178428177487252868-b.jpg
13476299,Geely starship7 2025  សាំង+អគ្គីសនី1575គីឡូអគ្គីសនីមួយពេញបាន 135km,Geely,Galaxy Starship 7,2025,28800,New,Not reported,"Chamkar Mon, Phnom Penh",Phnom Penh,Sedan,Gasoline,2026-07-28,https://www.khmer24.com/en/post-adid-13476299,Varies by engine; exact trim not identified,Varies by engine; exact trim not identified,Official figure unavailable: seller did not identify the exact engine/trim,Usually 4–5; exact model/trim not identified,Seller did not identify exact configuration,"The marketplace listing lacks enough model, engine, battery, or trim detail for a responsible numeric claim. The card states the limitation instead of inventing data.",Khmer24 listing,https://www.khmer24.com/en/post-adid-13476299,Varies by trim; exact gearbox not identified,https://images.khmer24.co/26-05-04/geely-starship7-2025-1575-135km-683450177788813758122687-b.jpg
13755446,Changan Q5 506km,Changan,Q05,2026,22800,New,Not reported,"Saensokh, Phnom Penh",Phnom Penh,Sedan,Gasoline,2026-07-28,https://www.khmer24.com/en/post-adid-13755446,Varies by engine; exact trim not identified,Varies by engine; exact trim not identified,Official figure unavailable: seller did not identify the exact engine/trim,Usually 4–5; exact model/trim not identified,Seller did not identify exact configuration,"The marketplace listing lacks enough model, engine, battery, or trim detail for a responsible numeric claim. The card states the limitation instead of inventing data.",Khmer24 listing,https://www.khmer24.com/en/post-adid-13755446,Varies by trim; exact gearbox not identified,https://images.khmer24.co/26-07-11/changan-q5-506km-1193388178373618183071380-b.jpg
13771349,Leapmotor B10 Global Spec,Leapmotor,B10,2026,26888,New,Not reported,"Saensokh, Phnom Penh",Phnom Penh,Sedan,Electricity,2026-07-28,https://www.khmer24.com/en/post-adid-13771349,N/A (electric),N/A (electric),Range unavailable: seller did not identify the exact battery/model version,Usually 4–5; exact model/trim not identified,Seller did not identify exact configuration,"The marketplace listing lacks enough model, engine, battery, or trim detail for a responsible numeric claim. The card states the limitation instead of inventing data.",Khmer24 listing,https://www.khmer24.com/en/post-adid-13771349,Single-speed electric drive,https://images.khmer24.co/26-07-15/leapmotor-b10-global-spec-919435178408744262225231-b.jpg
13697506,🔱 កម្រខ្លាំងOptionកប់​ 2025 Denza N9 Flagship Black Edition ប្រេីបានជាង 15xxxkm,Denza,N9,2025,85500,Used,Not reported,"Boeng Keng Kang, Phnom Penh",Phnom Penh,Sedan,Gasoline,2026-07-28,https://www.khmer24.com/en/post-adid-13697506,Varies by engine; exact trim not identified,Varies by engine; exact trim not identified,Official figure unavailable: seller did not identify the exact engine/trim,Usually 4–5; exact model/trim not identified,Seller did not identify exact configuration,"The marketplace listing lacks enough model, engine, battery, or trim detail for a responsible numeric claim. The card states the limitation instead of inventing data.",Khmer24 listing,https://www.khmer24.com/en/post-adid-13697506,Varies by trim; exact gearbox not identified,https://images.khmer24.co/26-06-26/-ud83d-udd31-option-2025-denza-n9-flagship-black-edition-15xxxkm-1151712178245645982392776-b.jpg
13642443,XPeng P7 Ultra Long Range 820km,XPeng,Ultra Long Range km,2025,45000,New,Not reported,"Tuol Kouk, Phnom Penh",Phnom Penh,Sedan,Electricity,2026-07-28,https://www.khmer24.com/en/post-adid-13642443,N/A (electric),N/A (electric),Seller advertises 820 km range,Usually 4–5; exact model/trim not identified,Seller did not identify exact configuration,"The marketplace listing lacks enough model, engine, battery, or trim detail for a responsible numeric claim. The card states the limitation instead of inventing data.",Khmer24 listing,https://www.khmer24.com/en/post-adid-13642443,Single-speed electric drive,https://images.khmer24.co/26-06-13/xpeng-p7-ultra-long-range-820km-783260178131848725551988-b.jpg
13662885,2026 ZEEKR 9X Ultra 70kwh,Zeekr,9X,2026,149000,New,Not reported,"Chamkar Mon, Phnom Penh",Phnom Penh,Sedan,Plug-in Hybrid,2026-07-28,https://www.khmer24.com/en/post-adid-13662885,4,2.0 L turbo gasoline hybrid engine,Up to 380 km CLTC pure-electric range,6,Official manufacturer model-family range,"The 9X is a plug-in hybrid, not a battery-only EV. Official range uses China's CLTC cycle and varies by battery/trim.",ZEEKR 9X official release,https://www.zeekrgroup.com/en/news/202509291,SEA Super Hybrid electric-drive system,https://images.khmer24.co/26-06-18/2026-zeekr-9x-ultra-70kwh-1236799178175312854407213-b.jpg
13345138,🚙 2025 GWM Tank 300 (Black) – For Sale,Great Wall,Tank 300,2025,53000,New,Not reported,"Chbar Ampov, Phnom Penh",Phnom Penh,Sedan,Gasoline,2026-07-28,https://www.khmer24.com/en/post-adid-13345138,Varies by engine; exact trim not identified,Varies by engine; exact trim not identified,Official figure unavailable: seller did not identify the exact engine/trim,Usually 4–5; exact model/trim not identified,Seller did not identify exact configuration,"The marketplace listing lacks enough model, engine, battery, or trim detail for a responsible numeric claim. The card states the limitation instead of inventing data.",Khmer24 listing,https://www.khmer24.com/en/post-adid-13345138,Varies by trim; exact gearbox not identified,https://images.khmer24.co/26-03-28/-ud83d-ude99-2025-gwm-tank-300-black-for-sale-1109538177466956485449324-b.jpg
13159260,Jetour X50 ឆ្នាំ 2026,Jetour,X50,2026,21399,New,Not reported,"Chrouy Changva, Phnom Penh",Phnom Penh,SUV,Gasoline,2026-07-28,https://www.khmer24.com/en/post-adid-13159260,Varies by engine; exact trim not identified,Varies by engine; exact trim not identified,Official figure unavailable: seller did not identify the exact engine/trim,Usually 5–8; exact model/trim not identified,Seller did not identify exact configuration,"The marketplace listing lacks enough model, engine, battery, or trim detail for a responsible numeric claim. The card states the limitation instead of inventing data.",Khmer24 listing,https://www.khmer24.com/en/post-adid-13159260,Varies by trim; exact gearbox not identified,https://images.khmer24.co/25-07-20/jetour-x50-98618175303025741122256-b.jpg
13449143,JAC 2.5,JAC,Model not identified,2026,19800,New,Not reported,"Saensokh, Phnom Penh",Phnom Penh,Sedan,Gasoline,2026-07-28,https://www.khmer24.com/en/post-adid-13449143,Varies by engine; exact trim not identified,Varies by engine; exact trim not identified,Official figure unavailable: seller did not identify the exact engine/trim,Usually 4–5; exact model/trim not identified,Seller did not identify exact configuration,"The marketplace listing lacks enough model, engine, battery, or trim detail for a responsible numeric claim. The card states the limitation instead of inventing data.",Khmer24 listing,https://www.khmer24.com/en/post-adid-13449143,Varies by trim; exact gearbox not identified,https://images.khmer24.co/26-04-27/jac-2-5-1070674177727735460440199-b.jpg
13766648,Range Rover Sport 2008 want to sell,Land Rover,Range Rover Sport want,2008,11500,Used,Not reported,"Dangkao, Phnom Penh",Phnom Penh,SUV,Gasoline,2026-07-28,https://www.khmer24.com/en/post-adid-13766648,8,4.2 L or 4.4 L,14–15 mpg combined (EPA),Usually 5–8; exact model/trim not identified,Exact year/make/model EPA range,"EPA values cover matching U.S.-market configurations. The imported Cambodian trim may use a different engine, transmission, battery, or test cycle.",U.S. DOE/EPA FuelEconomy.gov,https://www.fueleconomy.gov/feg/Find.do?action=sbs&id=24119&id=24120&id=24121,Automatic (S6),https://images.khmer24.co/26-07-14/range-rover-sport-2008-want-to-sell-36854178399443489600376-b.jpg
13819913,2025 l GLE 53 AMG Coupe l 5000 km l 99.99% New,Mercedes-Benz,GLE,2025,169000,Used,Not reported,"Chamkar Mon, Phnom Penh",Phnom Penh,SUV,Gasoline,2026-07-28,https://www.khmer24.com/en/post-adid-13819913,4 or 6 or 8,2 L or 3 L or 4 L,16–23 mpg combined (EPA),Usually 5–8; exact model/trim not identified,Exact year/make/model EPA range,"EPA values cover matching U.S.-market configurations. The imported Cambodian trim may use a different engine, transmission, battery, or test cycle.",U.S. DOE/EPA FuelEconomy.gov,https://www.fueleconomy.gov/feg/Find.do?action=sbs&id=48106&id=48134&id=48135,Automatic 9-spd,https://images.khmer24.co/26-07-28/2025-l-gle-53-amg-coupe-l-5000-km-l-99-99-new-721389178520948066782651-b.jpg
13550082,Car For Sale,Not identified,Model not identified,2015,28000,Used,Not reported,"Chamkar Mon, Phnom Penh",Phnom Penh,Convertible,Gasoline,2026-07-28,https://www.khmer24.com/en/post-adid-13550082,Varies by engine; exact trim not identified,Varies by engine; exact trim not identified,Official figure unavailable: seller did not identify the exact engine/trim,Usually 2–4; exact model/trim not identified,Seller did not identify exact configuration,"The marketplace listing lacks enough model, engine, battery, or trim detail for a responsible numeric claim. The card states the limitation instead of inventing data.",Khmer24 listing,https://www.khmer24.com/en/post-adid-13550082,Varies by trim; exact gearbox not identified,https://images.khmer24.co/26-05-21/car-for-sale-1155341177938254964461548-b.jpg
13365988,2015 Porsche Panamera S Hybrid,Porsche,Panamera,2015,52000,Used,Not reported,"Tuol Kouk, Phnom Penh",Phnom Penh,Sedan,Hybrid,2026-07-28,https://www.khmer24.com/en/post-adid-13365988,Varies by engine; exact trim not identified,Varies by engine; exact trim not identified,Official figure unavailable: seller did not identify the exact engine/trim,Usually 4–5; exact model/trim not identified,Seller did not identify exact configuration,"The marketplace listing lacks enough model, engine, battery, or trim detail for a responsible numeric claim. The card states the limitation instead of inventing data.",Khmer24 listing,https://www.khmer24.com/en/post-adid-13365988,Varies by trim; exact gearbox not identified,https://images.khmer24.co/26-04-02/2015-porsche-panamera-s-hybrid-826670177512405055110612-b.jpg
13609813,2023 BMW iX1 xDrive30L M Sport Package,BMW,iX1,2023,33000,Used,Not reported,"Saensokh, Phnom Penh",Phnom Penh,Sedan,Electricity,2026-07-28,https://www.khmer24.com/en/post-adid-13609813,N/A (electric),N/A (electric),Range unavailable: seller did not identify the exact battery/model version,Usually 4–5; exact model/trim not identified,Seller did not identify exact configuration,"The marketplace listing lacks enough model, engine, battery, or trim detail for a responsible numeric claim. The card states the limitation instead of inventing data.",Khmer24 listing,https://www.khmer24.com/en/post-adid-13609813,Single-speed electric drive,https://images.khmer24.co/26-06-05/2023-bmw-ix1-xdrive30l-m-sport-package-1122826178063064799959862-b.jpg
13465603,Mercedes Benz CLA 45 AMG 2014 តម្លៃ​ ធូរ​​ ធូរ 24500$,Mercedes-Benz,CLA-Class,2014,24500,Used,Not reported,"Saensokh, Phnom Penh",Phnom Penh,Sports,Gasoline,2026-07-28,https://www.khmer24.com/en/post-adid-13465603,4,2 L,26–30 mpg combined (EPA),Usually 2–4; exact model/trim not identified,Exact year/make/model EPA range,"EPA values cover matching U.S.-market configurations. The imported Cambodian trim may use a different engine, transmission, battery, or test cycle.",U.S. DOE/EPA FuelEconomy.gov,https://www.fueleconomy.gov/feg/Find.do?action=sbs&id=34455&id=34571&id=34786,Automatic (AM7),https://images.khmer24.co/26-05-01/mercedes-benz-cla-45-amg-2014-24500--195713177762807424492188-b.jpg
13795714,Toyota arlphard 2014 option G,Toyota,arlphard,2014,23800,Used,Not reported,"Popnhea Lueu, Kandal",Kandal,Sedan,Gasoline,2026-07-28,https://www.khmer24.com/en/post-adid-13795714,Varies by engine; exact trim not identified,Varies by engine; exact trim not identified,Official figure unavailable: seller did not identify the exact engine/trim,Usually 4–5; exact model/trim not identified,Seller did not identify exact configuration,"The marketplace listing lacks enough model, engine, battery, or trim detail for a responsible numeric claim. The card states the limitation instead of inventing data.",Khmer24 listing,https://www.khmer24.com/en/post-adid-13795714,Varies by trim; exact gearbox not identified,https://images.khmer24.co/26-07-25/toyota-arlphard-2014-option-g-541837178494725456081769-b.jpg
13705893,Lexus CT200H,Lexus,CT,2012,14500,Used,Not reported,"Por Senchey, Phnom Penh",Phnom Penh,Sedan,Gasoline,2026-07-28,https://www.khmer24.com/en/post-adid-13705893,4,1.8 L,42 mpg combined (EPA),Usually 4–5; exact model/trim not identified,Exact year/make/model EPA range,"EPA values cover matching U.S.-market configurations. The imported Cambodian trim may use a different engine, transmission, battery, or test cycle.",U.S. DOE/EPA FuelEconomy.gov,https://www.fueleconomy.gov/feg/Find.do?action=sbs&id=31693,Automatic (variable gear ratios),https://images.khmer24.co/26-06-28/lexus-ct200h-930169178264282684510628-b.jpg
13732032,"Honda CR-V.,ឆ្នាំ97",Honda,CR-V,1997,3800,Used,Not reported,"Chbar Ampov, Phnom Penh",Phnom Penh,SUV,Gasoline,2026-07-28,https://www.khmer24.com/en/post-adid-13732032,4,2 L,21 mpg combined (EPA),Usually 5–8; exact model/trim not identified,Exact year/make/model EPA range,"EPA values cover matching U.S.-market configurations. The imported Cambodian trim may use a different engine, transmission, battery, or test cycle.",U.S. DOE/EPA FuelEconomy.gov,https://www.fueleconomy.gov/feg/Find.do?action=sbs&id=29573,Automatic 4-spd,https://images.khmer24.co/26-07-05/honda-cr-v-97-659015178323739967146102-b.jpg
13610171,Ford Ranger XLT 2023Full option Bi-Turbo,Ford,Ranger,2023,37500,Used,Not reported,"Tuol Kouk, Phnom Penh",Phnom Penh,Pickup,Gasoline,2026-07-28,https://www.khmer24.com/en/post-adid-13610171,4,2.3 L,19–23 mpg combined (EPA),5 for double-cab passenger configuration,Exact year/make/model EPA range,"EPA values cover matching U.S.-market configurations. The imported Cambodian trim may use a different engine, transmission, battery, or test cycle.",U.S. DOE/EPA FuelEconomy.gov,https://www.fueleconomy.gov/feg/Find.do?action=sbs&id=46167&id=46168&id=46186,Automatic (S10),https://images.khmer24.co/26-06-05/ford-ranger-xlt-2023full-option-bi-turbo-661820178063429856146766-b.jpg
13690170,Kia morning F Sports 2014 smart key,Kia,Morning,2014,9200,Used,Not reported,"Por Senchey, Phnom Penh",Phnom Penh,Hatchback,Gasoline,2026-07-28,https://www.khmer24.com/en/post-adid-13690170,3 or 4,1.0 L or 1.25 L,52.3–64.2 UK mpg combined (official Picanto family configurations),5,Official manufacturer model-family range,Kia Morning is sold as Picanto in other markets. Figures are a model-family range; confirm the Cambodian import's engine.,Kia Picanto official specification,https://www.kia.com/content/dam/kwcms/kme/uk/en/assets/vehicles/All-New%20Picanto/Specifications/all-new-picanto-specification.PDF,"5-speed manual, 4-speed automatic, or 5-speed AMT",https://images.khmer24.co/26-06-24/kia-morning-f-sports-2014-smart-key-1017782178229520639020728-b.jpg
13329991,Mazda EZ-60 EREV អគ្គិសនីលាយសាំង,Mazda,EZ-60,2025,44000,New,Not reported,"Chamkar Mon, Phnom Penh",Phnom Penh,Sedan,Gasoline,2026-07-28,https://www.khmer24.com/en/post-adid-13329991,Varies by engine; exact trim not identified,Varies by engine; exact trim not identified,Official figure unavailable: seller did not identify the exact engine/trim,Usually 4–5; exact model/trim not identified,Seller did not identify exact configuration,"The marketplace listing lacks enough model, engine, battery, or trim detail for a responsible numeric claim. The card states the limitation instead of inventing data.",Khmer24 listing,https://www.khmer24.com/en/post-adid-13329991,Varies by trim; exact gearbox not identified,https://images.khmer24.co/26-03-24/mazda-ez-60-erev--608552177433650120877886-b.jpg
13650002,Hyundai Staria VIP 7 seats,Hyundai,Staria,2025,55900,New,Not reported,"Doun Penh, Phnom Penh",Phnom Penh,MPV,Gasoline,2026-07-28,https://www.khmer24.com/en/post-adid-13650002,4 or 6,2.2 L diesel or 3.5 L gasoline,Official consumption varies by 2.2 diesel or 3.5 gasoline market trim,"3, 7, 10, or 11 depending on configuration",Official manufacturer model-family range,The seller must confirm whether the listing is a passenger or cargo version and identify its market specification.,Hyundai STARIA official brochure,https://www.hyundai.com/content/dam/hyundai/ph/en/data/marketing/brochure/product/staria-2021/staria-0702622.pdf,6-speed manual or 8-speed automatic,https://images.khmer24.co/26-06-15/hyundai-staria-vip-7-seats-394980178149503475761089-b.jpg
13723887,Nissan NX8 (EV2026) Max option Range 650km,Nissan,NX8,2026,38800,New,Not reported,"Chrouy Changva, Phnom Penh",Phnom Penh,SUV,Gasoline,2026-07-28,https://www.khmer24.com/en/post-adid-13723887,Varies by engine; exact trim not identified,Varies by engine; exact trim not identified,Seller advertises 650 km range,Usually 5–8; exact model/trim not identified,Seller did not identify exact configuration,"The marketplace listing lacks enough model, engine, battery, or trim detail for a responsible numeric claim. The card states the limitation instead of inventing data.",Khmer24 listing,https://www.khmer24.com/en/post-adid-13723887,Varies by trim; exact gearbox not identified,https://images.khmer24.co/26-07-03/nissan-nx8-ev2026-max-option-1247384178305069958128162-b.jpg
13675989,2005 Lexus RX 300 SUV for Sale,Lexus,RX,2005,19500,Used,Not reported,"Ta Khmau, Kandal",Kandal,SUV,Gasoline,2026-07-28,https://www.khmer24.com/en/post-adid-13675989,6,3.3 L,18–20 mpg combined (EPA),Usually 5–8; exact model/trim not identified,Exact year/make/model EPA range,"EPA values cover matching U.S.-market configurations. The imported Cambodian trim may use a different engine, transmission, battery, or test cycle.",U.S. DOE/EPA FuelEconomy.gov,https://www.fueleconomy.gov/feg/Find.do?action=sbs&id=21318&id=21319&id=21433,Automatic (S5) or Automatic 5-spd,https://images.khmer24.co/26-06-21/2005-lexus-rx-300-suv-for-sale-937838178203391866974405-b.jpg
13753231,Rely R8 Pick-up Option Comfort,Not identified,Rely Pick-up Comfort,2026,31800,New,Not reported,"Chrouy Changva, Phnom Penh",Phnom Penh,Pickup,Gasoline,2026-07-28,https://www.khmer24.com/en/post-adid-13753231,Varies by engine; exact trim not identified,Varies by engine; exact trim not identified,Official figure unavailable: seller did not identify the exact engine/trim,Usually 2–5; exact cab configuration not identified,Seller did not identify exact configuration,"The marketplace listing lacks enough model, engine, battery, or trim detail for a responsible numeric claim. The card states the limitation instead of inventing data.",Khmer24 listing,https://www.khmer24.com/en/post-adid-13753231,Varies by trim; exact gearbox not identified,https://images.khmer24.co/26-07-10/rely-r8-pick-up-option-comfort-1302893178367151423160927-b.jpg
13808922,2026 Avatr 07 Elite បើកទូថ្ងៃទី12 ខែ8,Avatr,07,2026,37900,New,Not reported,"Dangkao, Phnom Penh",Phnom Penh,Sedan,Electricity,2026-07-28,https://www.khmer24.com/en/post-adid-13808922,N/A (electric),N/A (electric),Range unavailable: seller did not identify the exact battery/model version,Usually 4–5; exact model/trim not identified,Seller did not identify exact configuration,"The marketplace listing lacks enough model, engine, battery, or trim detail for a responsible numeric claim. The card states the limitation instead of inventing data.",Khmer24 listing,https://www.khmer24.com/en/post-adid-13808922,Single-speed electric drive,https://images.khmer24.co/26-07-25/2026-avatr-07-elite-12-8-1280029178495185130908541-b.jpg
13655126,Camry hybrid 2009 Full Option,Toyota,Camry,2009,16250,Used,Not reported,"Dangkao, Phnom Penh",Phnom Penh,Sedan,Hybrid,2026-07-28,https://www.khmer24.com/en/post-adid-13655126,4,2.4 L,34 mpg combined (EPA),Usually 4–5; exact model/trim not identified,Exact year/make/model EPA range,"EPA values cover matching U.S.-market configurations. The imported Cambodian trim may use a different engine, transmission, battery, or test cycle.",U.S. DOE/EPA FuelEconomy.gov,https://www.fueleconomy.gov/feg/Find.do?action=sbs&id=25278,Automatic (variable gear ratios),https://images.khmer24.co/26-06-16/camry-hybrid-2009-full-option-696455178158874650646058-b.jpg
13687148,Pruis 012 option2 ក្រដាស់ពន្ធ,Not identified,Pruis,2012,17600,Used,Not reported,"Saensokh, Phnom Penh",Phnom Penh,Sedan,Gasoline,2026-07-28,https://www.khmer24.com/en/post-adid-13687148,Varies by engine; exact trim not identified,Varies by engine; exact trim not identified,Official figure unavailable: seller did not identify the exact engine/trim,Usually 4–5; exact model/trim not identified,Seller did not identify exact configuration,"The marketplace listing lacks enough model, engine, battery, or trim detail for a responsible numeric claim. The card states the limitation instead of inventing data.",Khmer24 listing,https://www.khmer24.com/en/post-adid-13687148,Varies by trim; exact gearbox not identified,https://images.khmer24.co/26-06-24/pruis-012-option2--732024178227078589288925-b.jpg
13304815,ឡានលក់013អប់សិន3ក្នុងលឿង,Not identified,Model not identified,2013,19900,Used,Not reported,"Tuol Kouk, Phnom Penh",Phnom Penh,Hatchback,Gasoline,2026-07-28,https://www.khmer24.com/en/post-adid-13304815,Varies by engine; exact trim not identified,Varies by engine; exact trim not identified,Official figure unavailable: seller did not identify the exact engine/trim,Usually 4–5; exact model/trim not identified,Seller did not identify exact configuration,"The marketplace listing lacks enough model, engine, battery, or trim detail for a responsible numeric claim. The card states the limitation instead of inventing data.",Khmer24 listing,https://www.khmer24.com/en/post-adid-13304815,Varies by trim; exact gearbox not identified,https://images.khmer24.co/26-03-18/-013-3--83086177380931670614471-b.jpg
13528085,Denza D9 DM-i 2025  luxury 7-seater plug- in hybrid MPV 1.5T engine,Denza,D9,2025,78500,New,Not reported,"Prampir Meakkakra, Phnom Penh",Phnom Penh,MPV,Plug-in Hybrid,2026-07-28,https://www.khmer24.com/en/post-adid-13528085,Varies by engine; exact trim not identified,Varies by engine; exact trim not identified,Official figure unavailable: seller did not identify the exact engine/trim,Usually 5–11; exact seating layout not identified,Seller did not identify exact configuration,"The marketplace listing lacks enough model, engine, battery, or trim detail for a responsible numeric claim. The card states the limitation instead of inventing data.",Khmer24 listing,https://www.khmer24.com/en/post-adid-13528085,Varies by trim; exact gearbox not identified,https://images.khmer24.co/26-05-17/denza-d9-dm-i-2025-luxury-7-seater-plug-in-hybrid-mpv-1-5t-engine-1072003177899427494404683-b.jpg
13532525,Car For sale BYD ATTO 3,BYD,Atto 3,2024,23000,Used,Not reported,"Chbar Ampov, Phnom Penh",Phnom Penh,Sedan,Electricity,2026-07-28,https://www.khmer24.com/en/post-adid-13532525,N/A (electric),N/A (electric),345–420 km WLTP range,5,Official manufacturer model-family range,Range depends on battery version; verify the Cambodian vehicle's battery capacity.,BYD ATTO 3 official brochure,https://www.byd.com/content/dam/byd-site/au/product/atto3/new-added%282024%29/24_atto3/20240603_2024%20ATTO%203%20brochure.pdf,Single-speed electric drive,https://images.khmer24.co/26-05-18/car-for-sale-byd-atto-3-1286755177907593928290250-b.jpg
13615067,Ferrari 458 Option : Italia Year: 2013,Ferrari,Italia Year:,2013,135000,Used,Not reported,"Saensokh, Phnom Penh",Phnom Penh,Sports,Gasoline,2026-07-28,https://www.khmer24.com/en/post-adid-13615067,Varies by engine; exact trim not identified,Varies by engine; exact trim not identified,Official figure unavailable: seller did not identify the exact engine/trim,Usually 2–4; exact model/trim not identified,Seller did not identify exact configuration,"The marketplace listing lacks enough model, engine, battery, or trim detail for a responsible numeric claim. The card states the limitation instead of inventing data.",Khmer24 listing,https://www.khmer24.com/en/post-adid-13615067,Varies by trim; exact gearbox not identified,https://images.khmer24.co/26-06-06/ferrari-458-option-italia-year-2013-1156332178073131982495291-b.jpg
13773632,Lamborghini Aventador LP700-4 V12,Lamborghini,Aventador,2012,219000,Used,Not reported,"Saensokh, Phnom Penh",Phnom Penh,Sports,Gasoline,2026-07-28,https://www.khmer24.com/en/post-adid-13773632,12,6.5 L,13 mpg combined (EPA),Usually 2–4; exact model/trim not identified,Exact year/make/model EPA range,"EPA values cover matching U.S.-market configurations. The imported Cambodian trim may use a different engine, transmission, battery, or test cycle.",U.S. DOE/EPA FuelEconomy.gov,https://www.fueleconomy.gov/feg/Find.do?action=sbs&id=31087,Automatic (S7),https://images.khmer24.co/26-01-17/lamborghini-aventador-lp700-4-v12-247840176861949091100625-b.jpg
13612046,Bentley Continental GT,Bentley,Continental GT,2013,35000,Used,Not reported,"Ruessei Kaev, Phnom Penh",Phnom Penh,Sedan,Gasoline,2026-07-28,https://www.khmer24.com/en/post-adid-13612046,8 or 12,4 L or 6 L,14–18 mpg combined (EPA),Usually 4–5; exact model/trim not identified,Exact year/make/model EPA range,"EPA values cover matching U.S.-market configurations. The imported Cambodian trim may use a different engine, transmission, battery, or test cycle.",U.S. DOE/EPA FuelEconomy.gov,https://www.fueleconomy.gov/feg/Find.do?action=sbs&id=32362&id=32363&id=33313,Automatic (S6) or Automatic (S8),https://images.khmer24.co/26-06-05/bentley-continental-gt-101219178065391082822936-b.jpg
13593934,Maserati Quattroporte Gransport 2021,Maserati,Quattroporte,2021,68000,Used,Not reported,"Chamkar Mon, Phnom Penh",Phnom Penh,Sedan,Gasoline,2026-07-28,https://www.khmer24.com/en/post-adid-13593934,6 or 8,3 L or 3.8 L,16–19 mpg combined (EPA),Usually 4–5; exact model/trim not identified,Exact year/make/model EPA range,"EPA values cover matching U.S.-market configurations. The imported Cambodian trim may use a different engine, transmission, battery, or test cycle.",U.S. DOE/EPA FuelEconomy.gov,https://www.fueleconomy.gov/feg/Find.do?action=sbs&id=43182&id=43183&id=43184,Automatic 8-spd,https://images.khmer24.co/26-06-01/maserati-quattroporte-gransport-2021-538814178030495971647643-b.jpg
13672194,McLaren 650S 3.8 Spider 2015,McLaren,650S,2015,138000,Used,Not reported,"Por Senchey, Phnom Penh",Phnom Penh,Sports,Gasoline,2026-07-28,https://www.khmer24.com/en/post-adid-13672194,8,3.8 L,18 mpg combined (EPA),Usually 2–4; exact model/trim not identified,Exact year/make/model EPA range,"EPA values cover matching U.S.-market configurations. The imported Cambodian trim may use a different engine, transmission, battery, or test cycle.",U.S. DOE/EPA FuelEconomy.gov,https://www.fueleconomy.gov/feg/Find.do?action=sbs&id=35604&id=35605,Automatic 7-spd,https://images.khmer24.co/26-06-20/mclaren-650s-3-8-spider-2015-1041951178194111786443752-b.jpg
13798679,Rolls Royce Witaith 2015 V12,Rolls-Royce,Wraith,2015,128000,Used,Not reported,"Chrouy Changva, Phnom Penh",Phnom Penh,Sedan,Gasoline,2026-07-28,https://www.khmer24.com/en/post-adid-13798679,12,6.6 L,15 mpg combined (EPA),Usually 4–5; exact model/trim not identified,Exact year/make/model EPA range,"EPA values cover matching U.S.-market configurations. The imported Cambodian trim may use a different engine, transmission, battery, or test cycle.",U.S. DOE/EPA FuelEconomy.gov,https://www.fueleconomy.gov/feg/Find.do?action=sbs&id=35628,Automatic (S8),https://images.khmer24.co/26-07-22/rolls-royce-witaith-2015-v12-478601178470496859051935-b.jpg
13735479,Aston DBX 2021,Aston Martin,DBX,2021,198000,Used,Not reported,"Prampir Meakkakra, Phnom Penh",Phnom Penh,SUV,Gasoline,2026-07-28,https://www.khmer24.com/en/post-adid-13735479,8,4 L,15 mpg combined (EPA),Usually 5–8; exact model/trim not identified,Exact year/make/model EPA range,"EPA values cover matching U.S.-market configurations. The imported Cambodian trim may use a different engine, transmission, battery, or test cycle.",U.S. DOE/EPA FuelEconomy.gov,https://www.fueleconomy.gov/feg/Find.do?action=sbs&id=43287,Automatic 9-spd,https://images.khmer24.co/26-07-06/aston-dbx-2021-484363178331729597141931-b.jpg
13806985,Car For Sale Subaru Forester 2018 🚙🚙,Subaru,Forester,2018,19500,Used,Not reported,"Mean Chey, Phnom Penh",Phnom Penh,SUV,Gasoline,2026-07-28,https://www.khmer24.com/en/post-adid-13806985,4,2 L or 2.5 L,24–28 mpg combined (EPA),Usually 5–8; exact model/trim not identified,Exact year/make/model EPA range,"EPA values cover matching U.S.-market configurations. The imported Cambodian trim may use a different engine, transmission, battery, or test cycle.",U.S. DOE/EPA FuelEconomy.gov,https://www.fueleconomy.gov/feg/Find.do?action=sbs&id=38645&id=38646&id=38647,Multiple EPA-listed transmissions,https://images.khmer24.co/26-07-24/car-for-sale-subaru-forester-2018-ud83d-ude99-ud83d-ude99-107062178488793785323657-b.jpg
13622045,mitsubishi triton 2020,Mitsubishi,Triton,2020,32000,Used,Not reported,"Chamkar Mon, Phnom Penh",Phnom Penh,Pickup,Gasoline,2026-07-28,https://www.khmer24.com/en/post-adid-13622045,Varies by engine; exact trim not identified,Varies by engine; exact trim not identified,Official figure unavailable: seller did not identify the exact engine/trim,Usually 2–5; exact cab configuration not identified,Seller did not identify exact configuration,"The marketplace listing lacks enough model, engine, battery, or trim detail for a responsible numeric claim. The card states the limitation instead of inventing data.",Khmer24 listing,https://www.khmer24.com/en/post-adid-13622045,Varies by trim; exact gearbox not identified,https://images.khmer24.co/26-06-08/mitsubishi-triton-2020-1299011178089929365460777-b.jpg
13570413,Volkswagen Multivan 2018 VIP តួវែង Urgent Sale!!!,Volkswagen,Multivan,2018,23500,Used,Not reported,"Prampir Meakkakra, Phnom Penh",Phnom Penh,Sedan,Gasoline,2026-07-28,https://www.khmer24.com/en/post-adid-13570413,Varies by engine; exact trim not identified,Varies by engine; exact trim not identified,Official figure unavailable: seller did not identify the exact engine/trim,Usually 4–5; exact model/trim not identified,Seller did not identify exact configuration,"The marketplace listing lacks enough model, engine, battery, or trim detail for a responsible numeric claim. The card states the limitation instead of inventing data.",Khmer24 listing,https://www.khmer24.com/en/post-adid-13570413,Varies by trim; exact gearbox not identified,https://images.khmer24.co/26-05-26/volkswagen-multivan-2018-vip-urgent-sale--161190177980095096132700-b.jpg
13775963,Volvo XC60 ឆ្នាំ2020 PP,Volvo,XC60,2020,29500,Used,Not reported,"Por Senchey, Phnom Penh",Phnom Penh,SUV,Gasoline,2026-07-28,https://www.khmer24.com/en/post-adid-13775963,4,2 L,23–27 mpg combined (EPA),Usually 5–8; exact model/trim not identified,Exact year/make/model EPA range,"EPA values cover matching U.S.-market configurations. The imported Cambodian trim may use a different engine, transmission, battery, or test cycle.",U.S. DOE/EPA FuelEconomy.gov,https://www.fueleconomy.gov/feg/Find.do?action=sbs&id=41502&id=41508&id=41522,Automatic (S8),https://images.khmer24.co/26-07-16/volvo-xc60-2020-pp-514780178418299455638772-b.jpg
13692481,ឡានលក់ម្ចាស់ផ្ទាល់ Chevrolet Tracker 2022 ( 2ម៉ឺនស្តេីង),Chevrolet,Tracker,2022,21500,Used,Not reported,"Mean Chey, Phnom Penh",Phnom Penh,Sedan,Gasoline,2026-07-28,https://www.khmer24.com/en/post-adid-13692481,Varies by engine; exact trim not identified,Varies by engine; exact trim not identified,Official figure unavailable: seller did not identify the exact engine/trim,Usually 4–5; exact model/trim not identified,Seller did not identify exact configuration,"The marketplace listing lacks enough model, engine, battery, or trim detail for a responsible numeric claim. The card states the limitation instead of inventing data.",Khmer24 listing,https://www.khmer24.com/en/post-adid-13692481,Varies by trim; exact gearbox not identified,https://images.khmer24.co/26-06-25/-chevrolet-tracker-2022-2--1111901178236020749017477-b.jpg
13795313,ឡានលក់ Suzuki Celerio 2020,Suzuki,Celerio,2020,6900,Used,Not reported,"Mean Chey, Phnom Penh",Phnom Penh,Sedan,Gasoline,2026-07-28,https://www.khmer24.com/en/post-adid-13795313,3,1.0 L,Up to 5.0 L/100 km (official regional model-family figure),5,Official manufacturer model-family range,Celerio figures vary by generation and destination market.,Suzuki Global Celerio specification,https://www.globalsuzuki.com/globalnews/2021/1110.html,5-speed manual or Auto Gear Shift,https://images.khmer24.co/26-07-21/-suzuki-celerio-2020-930755178462618977451107-b.jpg
13793662,"Isuzu តម្លៃ$37,999",Isuzu,Model not identified,2026,37999,New,Not reported,"Por Senchey, Phnom Penh",Phnom Penh,Sedan,Gasoline,2026-07-28,https://www.khmer24.com/en/post-adid-13793662,Varies by engine; exact trim not identified,Varies by engine; exact trim not identified,Official figure unavailable: seller did not identify the exact engine/trim,Usually 4–5; exact model/trim not identified,Seller did not identify exact configuration,"The marketplace listing lacks enough model, engine, battery, or trim detail for a responsible numeric claim. The card states the limitation instead of inventing data.",Khmer24 listing,https://www.khmer24.com/en/post-adid-13793662,Varies by trim; exact gearbox not identified,https://images.khmer24.co/26-07-21/isuzu-37-999-987607178460625678066692-b.jpg
13667147,🚗 លក់ Peugeot 5008 ស៊េរី 2021 – ឡានប្រើផ្ទាល់ខ្លួន ស្អាតដូចថ្មី 🚗,Peugeot,5008,2021,27000,Used,Not reported,"Dangkao, Phnom Penh",Phnom Penh,SUV,Gasoline,2026-07-28,https://www.khmer24.com/en/post-adid-13667147,Varies by engine; exact trim not identified,Varies by engine; exact trim not identified,Official figure unavailable: seller did not identify the exact engine/trim,Usually 5–8; exact model/trim not identified,Seller did not identify exact configuration,"The marketplace listing lacks enough model, engine, battery, or trim detail for a responsible numeric claim. The card states the limitation instead of inventing data.",Khmer24 listing,https://www.khmer24.com/en/post-adid-13667147,Varies by trim; exact gearbox not identified,https://images.khmer24.co/26-06-19/-ud83d-ude97-peugeot-5008-2021-ud83d-ude97-191656178184131221594195-b.jpg
13614454,Cadillac Escalade ESV Sport platinum 2026,Cadillac,Escalade ESV Sport platinum,2026,245000,New,Not reported,"Tuol Kouk, Phnom Penh",Phnom Penh,SUV,Gasoline,2026-07-28,https://www.khmer24.com/en/post-adid-13614454,8,6.2 L,13–17 mpg combined (EPA),Usually 5–8; exact model/trim not identified,Exact year/make/model EPA range,"EPA values cover matching U.S.-market configurations. The imported Cambodian trim may use a different engine, transmission, battery, or test cycle.",U.S. DOE/EPA FuelEconomy.gov,https://www.fueleconomy.gov/feg/Find.do?action=sbs&id=49898&id=49899&id=50138,Automatic (S10) or Automatic 10-spd,https://images.khmer24.co/26-06-06/cadillac-escalade-esv-sport-platinum-2026-437482178072350927596136-b.jpg
13334623,Geely Radar PHEV 4WD🔥0976350650,Geely,Radar,2025,38800,New,Not reported,"Saensokh, Phnom Penh",Phnom Penh,Sedan,Plug-in Hybrid,2026-07-28,https://www.khmer24.com/en/post-adid-13334623,Varies by engine; exact trim not identified,Varies by engine; exact trim not identified,Official figure unavailable: seller did not identify the exact engine/trim,Usually 4–5; exact model/trim not identified,Seller did not identify exact configuration,"The marketplace listing lacks enough model, engine, battery, or trim detail for a responsible numeric claim. The card states the limitation instead of inventing data.",Khmer24 listing,https://www.khmer24.com/en/post-adid-13334623,Varies by trim; exact gearbox not identified,https://images.khmer24.co/26-03-25/geely-radar-phev-4wd-ud83d-udd250976350650-1207509177442666612180633-b.jpg
13618820,Changan Q05 506km option ultra,Changan,Q05,2026,22800,New,Not reported,"Saensokh, Phnom Penh",Phnom Penh,Sedan,Gasoline,2026-07-28,https://www.khmer24.com/en/post-adid-13618820,Varies by engine; exact trim not identified,Varies by engine; exact trim not identified,Official figure unavailable: seller did not identify the exact engine/trim,Usually 4–5; exact model/trim not identified,Seller did not identify exact configuration,"The marketplace listing lacks enough model, engine, battery, or trim detail for a responsible numeric claim. The card states the limitation instead of inventing data.",Khmer24 listing,https://www.khmer24.com/en/post-adid-13618820,Varies by trim; exact gearbox not identified,https://images.khmer24.co/26-06-07/changan-q05-506km-option-ultra-1095235178082223783810911-b.jpg
13572474,Leapmotor C10 ឆ្នាំ 2026 Global Spec ជិះបានចម្ងាយ 530km មានធានាច្បាស់លាស់ពីក្រុមហ៊ុននាំចូលផ្លូវការ,Leapmotor,C10,2026,28900,New,Not reported,"Mean Chey, Phnom Penh",Phnom Penh,Sedan,Electricity,2026-07-28,https://www.khmer24.com/en/post-adid-13572474,N/A (electric),N/A (electric),Seller advertises 530 km range,Usually 4–5; exact model/trim not identified,Seller did not identify exact configuration,"The marketplace listing lacks enough model, engine, battery, or trim detail for a responsible numeric claim. The card states the limitation instead of inventing data.",Khmer24 listing,https://www.khmer24.com/en/post-adid-13572474,Single-speed electric drive,https://images.khmer24.co/26-05-27/leapmotor-c10-2026-global-spec-530km--929196177985424534172498-b.jpg
13790790,2025 Denza N9 Full Option,Denza,N9,2025,80000,Used,Not reported,"Tuol Kouk, Phnom Penh",Phnom Penh,Sedan,Gasoline,2026-07-28,https://www.khmer24.com/en/post-adid-13790790,Varies by engine; exact trim not identified,Varies by engine; exact trim not identified,Official figure unavailable: seller did not identify the exact engine/trim,Usually 4–5; exact model/trim not identified,Seller did not identify exact configuration,"The marketplace listing lacks enough model, engine, battery, or trim detail for a responsible numeric claim. The card states the limitation instead of inventing data.",Khmer24 listing,https://www.khmer24.com/en/post-adid-13790790,Varies by trim; exact gearbox not identified,https://images.khmer24.co/26-05-13/2025-denza-n9-full-option-1289020177862884766647506-b.jpg
13569815,Brand New Xpeng GX 2026,XPeng,GX,2026,58800,New,Not reported,"Boeng Keng Kang, Phnom Penh",Phnom Penh,Sedan,Electricity,2026-07-28,https://www.khmer24.com/en/post-adid-13569815,N/A (electric),N/A (electric),Range unavailable: seller did not identify the exact battery/model version,Usually 4–5; exact model/trim not identified,Seller did not identify exact configuration,"The marketplace listing lacks enough model, engine, battery, or trim detail for a responsible numeric claim. The card states the limitation instead of inventing data.",Khmer24 listing,https://www.khmer24.com/en/post-adid-13569815,Single-speed electric drive,https://images.khmer24.co/26-05-26/brand-new-xpeng-gx-2026-284811177978919923618744-b.jpg
13624812,ZEEKR 9X 2026,Zeekr,9X,2026,138800,New,Not reported,"Chamkar Mon, Phnom Penh",Phnom Penh,Sedan,Plug-in Hybrid,2026-07-28,https://www.khmer24.com/en/post-adid-13624812,4,2.0 L turbo gasoline hybrid engine,Up to 380 km CLTC pure-electric range,6,Official manufacturer model-family range,"The 9X is a plug-in hybrid, not a battery-only EV. Official range uses China's CLTC cycle and varies by battery/trim.",ZEEKR 9X official release,https://www.zeekrgroup.com/en/news/202509291,SEA Super Hybrid electric-drive system,https://images.khmer24.co/26-04-09/zeekr-9x-2026-1236799177570347121856429-b.jpg
13625651,GWM tank300,Great Wall,Tank 300,2025,48800,Used,Not reported,"Tuol Kouk, Phnom Penh",Phnom Penh,Sedan,Gasoline,2026-07-28,https://www.khmer24.com/en/post-adid-13625651,Varies by engine; exact trim not identified,Varies by engine; exact trim not identified,Official figure unavailable: seller did not identify the exact engine/trim,Usually 4–5; exact model/trim not identified,Seller did not identify exact configuration,"The marketplace listing lacks enough model, engine, battery, or trim detail for a responsible numeric claim. The card states the limitation instead of inventing data.",Khmer24 listing,https://www.khmer24.com/en/post-adid-13625651,Varies by trim; exact gearbox not identified,https://images.khmer24.co/26-06-09/gwm-tank300-262204178097872375273574-b.jpg
13586356,ទេីបកាត់បាន!2025 JETOUR T2 4WD ​ឡានរបស់ក្រុមហ៊ុន​ KNN មានធានារយះពេល5ឆ្នាំ,Jetour,T2,2025,49999,Used,Not reported,"Ruessei Kaev, Phnom Penh",Phnom Penh,SUV,Gasoline,2026-07-28,https://www.khmer24.com/en/post-adid-13586356,Varies by engine; exact trim not identified,Varies by engine; exact trim not identified,Official figure unavailable: seller did not identify the exact engine/trim,Usually 5–8; exact model/trim not identified,Seller did not identify exact configuration,"The marketplace listing lacks enough model, engine, battery, or trim detail for a responsible numeric claim. The card states the limitation instead of inventing data.",Khmer24 listing,https://www.khmer24.com/en/post-adid-13586356,Varies by trim; exact gearbox not identified,https://images.khmer24.co/26-03-30/-2025-jetour-t2-4wd-knn-5--935928177484299293376137-b.jpg
13502625,JAC EV,JAC,EV,2026,29999,New,Not reported,"Saensokh, Phnom Penh",Phnom Penh,Sedan,Electricity,2026-07-28,https://www.khmer24.com/en/post-adid-13502625,N/A (electric),N/A (electric),Range unavailable: seller did not identify the exact battery/model version,Usually 4–5; exact model/trim not identified,Seller did not identify exact configuration,"The marketplace listing lacks enough model, engine, battery, or trim detail for a responsible numeric claim. The card states the limitation instead of inventing data.",Khmer24 listing,https://www.khmer24.com/en/post-adid-13502625,Single-speed electric drive,https://images.khmer24.co/26-05-11/jac-ev-1070674177847234851428743-b.jpg
13286567,NX200t 2015 F-sport,Not identified,NX,2015,34800,Used,Not reported,"Saensokh, Phnom Penh",Phnom Penh,SUV,Gasoline,2026-07-28,https://www.khmer24.com/en/post-adid-13286567,Varies by engine; exact trim not identified,Varies by engine; exact trim not identified,Official figure unavailable: seller did not identify the exact engine/trim,Usually 5–8; exact model/trim not identified,Seller did not identify exact configuration,"The marketplace listing lacks enough model, engine, battery, or trim detail for a responsible numeric claim. The card states the limitation instead of inventing data.",Khmer24 listing,https://www.khmer24.com/en/post-adid-13286567,Varies by trim; exact gearbox not identified,https://images.khmer24.co/26-03-14/nx200t-2015-f-sport-1251676177344670589922526-b.jpg
13694570,C coupe 2016 AMG Up C63 coupe,Mercedes-Benz,C-Class,2016,39000,Used,Not reported,"Tuol Kouk, Phnom Penh",Phnom Penh,Sports,Gasoline,2026-07-28,https://www.khmer24.com/en/post-adid-13694570,4 or 6 or 8,2 L or 3 L or 4 L,20–30 mpg combined (EPA),Usually 2–4; exact model/trim not identified,Exact year/make/model EPA range,"EPA values cover matching U.S.-market configurations. The imported Cambodian trim may use a different engine, transmission, battery, or test cycle.",U.S. DOE/EPA FuelEconomy.gov,https://www.fueleconomy.gov/feg/Find.do?action=sbs&id=36659&id=36737&id=36738,Automatic 7-spd,https://images.khmer24.co/26-06-25/c-coupe-2016-amg-up-c63-coupe-679803178238873136787290-b.jpg
13311604,Ford Mustang 2018 full option,Ford,Mustang,2018,19999,Used,Not reported,"Saensokh, Phnom Penh",Phnom Penh,Sports,Gasoline,2026-07-28,https://www.khmer24.com/en/post-adid-13311604,4 or 8,2.3 L or 5 L or 5.2 L,16–25 mpg combined (EPA),Usually 2–4; exact model/trim not identified,Exact year/make/model EPA range,"EPA values cover matching U.S.-market configurations. The imported Cambodian trim may use a different engine, transmission, battery, or test cycle.",U.S. DOE/EPA FuelEconomy.gov,https://www.fueleconomy.gov/feg/Find.do?action=sbs&id=39642&id=39643&id=39644,Automatic (S10) or Manual 6-spd,https://images.khmer24.co/26-03-19/ford-mustang-2018-full-option-624472177392167584257353-b.jpg
13399417,Porsche 981 cayman (up GT4),Porsche,718,2014,51000,Used,Not reported,"Chbar Ampov, Phnom Penh",Phnom Penh,Sports,Gasoline,2026-07-28,https://www.khmer24.com/en/post-adid-13399417,Varies by engine; exact trim not identified,Varies by engine; exact trim not identified,Official figure unavailable: seller did not identify the exact engine/trim,Usually 2–4; exact model/trim not identified,Seller did not identify exact configuration,"The marketplace listing lacks enough model, engine, battery, or trim detail for a responsible numeric claim. The card states the limitation instead of inventing data.",Khmer24 listing,https://www.khmer24.com/en/post-adid-13399417,Varies by trim; exact gearbox not identified,https://images.khmer24.co/24-04-01/porsche-981-cayman-up-gt4--877226171196849617403113-b.jpg
13664248,2016 BMW 740Li European Spec Full option,BMW,7 Series,2016,53000,Used,Not reported,"Saensokh, Phnom Penh",Phnom Penh,Sedan,Gasoline,2026-07-28,https://www.khmer24.com/en/post-adid-13664248,6 or 8,3 L or 4.4 L,19–24 mpg combined (EPA),Usually 4–5; exact model/trim not identified,Exact year/make/model EPA range,"EPA values cover matching U.S.-market configurations. The imported Cambodian trim may use a different engine, transmission, battery, or test cycle.",U.S. DOE/EPA FuelEconomy.gov,https://www.fueleconomy.gov/feg/Find.do?action=sbs&id=36903&id=36904&id=37165,Automatic (S8),https://images.khmer24.co/26-06-18/2016-bmw-740li-407907178176966958438084-b.jpg
13719391,Mercedes Benz 2015 C300 AMG 4Matic ហ្សីនមួយជុំគឺឡូម៉ាយ5000 ម៉ាយអត់បុកអត់ច្រះ,Mercedes-Benz,C-Class,2015,30500,Used,Not reported,"Prampir Meakkakra, Phnom Penh",Phnom Penh,Sports,Gasoline,2026-07-28,https://www.khmer24.com/en/post-adid-13719391,4 or 6 or 8,1.8 L or 2 L or 3 L or 3.5 L or 4 L or 6.2 L,15–28 mpg combined (EPA),Usually 2–4; exact model/trim not identified,Exact year/make/model EPA range,"EPA values cover matching U.S.-market configurations. The imported Cambodian trim may use a different engine, transmission, battery, or test cycle.",U.S. DOE/EPA FuelEconomy.gov,https://www.fueleconomy.gov/feg/Find.do?action=sbs&id=35256&id=35257&id=35290,Automatic 7-spd,https://images.khmer24.co/26-07-02/mercedes-benz-2015-c300-amg-4matic-5000--783237178296077394147123-b.jpg
13567523,Toyota Alphard 🤍 (​ ពណ៌​ស🤍) ​​ V4 2.5L(ម៉ាស៊ីន​សាំង​​),Toyota,Alphard,2016,43500,Used,Not reported,"Tuol Kouk, Phnom Penh",Phnom Penh,MPV,Gasoline,2026-07-28,https://www.khmer24.com/en/post-adid-13567523,4 or 6,"2.4 L, 2.5 L, or 3.5 L",9.5–19.4 km/L (official Japanese test cycles; powertrain dependent),6–8 depending on grade,Official manufacturer model-family range,Official Alphard family figures span gasoline and hybrid grades. Confirm the imported vehicle's grade and test cycle.,Toyota Global Newsroom,https://global.toyota/en/newsroom/toyota/23310520.html,"Super CVT-i, e-CVT, or 6-speed automatic",https://images.khmer24.co/26-05-26/toyota-alphard-ud83e-udd0d-ud83e-udd0d-v4-2-5l--718011177976338157907684-b.jpg
13776764,Lexus Rx300,Lexus,RX,2000,10000,Used,Not reported,"Saensokh, Phnom Penh",Phnom Penh,SUV,Gasoline,2026-07-28,https://www.khmer24.com/en/post-adid-13776764,6,3 L,18–19 mpg combined (EPA),Usually 5–8; exact model/trim not identified,Exact year/make/model EPA range,"EPA values cover matching U.S.-market configurations. The imported Cambodian trim may use a different engine, transmission, battery, or test cycle.",U.S. DOE/EPA FuelEconomy.gov,https://www.fueleconomy.gov/feg/Find.do?action=sbs&id=16038&id=16039,Automatic 4-spd,https://images.khmer24.co/26-07-16/lexus-rx300-1237628178419299025552028-b.jpg
13797338,HONDA CR-V 2017,Honda,CR-V,2017,17800,Used,Not reported,"Chrouy Changva, Phnom Penh",Phnom Penh,SUV,Gasoline,2026-07-28,https://www.khmer24.com/en/post-adid-13797338,4,1.5 L or 2.4 L,27–30 mpg combined (EPA),Usually 5–8; exact model/trim not identified,Exact year/make/model EPA range,"EPA values cover matching U.S.-market configurations. The imported Cambodian trim may use a different engine, transmission, battery, or test cycle.",U.S. DOE/EPA FuelEconomy.gov,https://www.fueleconomy.gov/feg/Find.do?action=sbs&id=38448&id=38449&id=38452,Automatic (variable gear ratios),https://images.khmer24.co/26-07-22/honda-cr-v-2017-371856178468895324872417-b.jpg
13668034,Ford Ranger Wildtrak 2026,Ford,Ranger,2026,51900,Used,Not reported,"Saensokh, Phnom Penh",Phnom Penh,Pickup,Gasoline,2026-07-28,https://www.khmer24.com/en/post-adid-13668034,4 or 6,2.3 L or 2.7 L or 3 L,17–23 mpg combined (EPA),5 for double-cab passenger configuration,Exact year/make/model EPA range,"EPA values cover matching U.S.-market configurations. The imported Cambodian trim may use a different engine, transmission, battery, or test cycle.",U.S. DOE/EPA FuelEconomy.gov,https://www.fueleconomy.gov/feg/Find.do?action=sbs&id=50095&id=50105&id=50106,Automatic (S10),https://images.khmer24.co/26-06-19/ford-ranger-wildtrak-2026-1038597178185275180390165-b.jpg
13421178,Kia Morning 2012 full 8100$ ចរចារ,Kia,Morning,2012,8100,Used,Not reported,"Saensokh, Phnom Penh",Phnom Penh,Hatchback,Gasoline,2026-07-28,https://www.khmer24.com/en/post-adid-13421178,3 or 4,1.0 L or 1.25 L,52.3–64.2 UK mpg combined (official Picanto family configurations),5,Official manufacturer model-family range,Kia Morning is sold as Picanto in other markets. Figures are a model-family range; confirm the Cambodian import's engine.,Kia Picanto official specification,https://www.kia.com/content/dam/kwcms/kme/uk/en/assets/vehicles/All-New%20Picanto/Specifications/all-new-picanto-specification.PDF,"5-speed manual, 4-speed automatic, or 5-speed AMT",https://images.khmer24.co/26-04-21/kia-morning-2012-full-8100--500708177673803438323911-b.jpg
13811115,Mazda Cx30 Full Option ប្រភេទឡានស្អាត,Mazda,CX-30,2020,23800,Used,Not reported,"Dangkao, Phnom Penh",Phnom Penh,Sedan,Gasoline,2026-07-28,https://www.khmer24.com/en/post-adid-13811115,4,2.5 L,26–28 mpg combined (EPA),Usually 4–5; exact model/trim not identified,Exact year/make/model EPA range,"EPA values cover matching U.S.-market configurations. The imported Cambodian trim may use a different engine, transmission, battery, or test cycle.",U.S. DOE/EPA FuelEconomy.gov,https://www.fueleconomy.gov/feg/Find.do?action=sbs&id=42366&id=42367&id=42424,Automatic (S6),https://images.khmer24.co/26-07-25/mazda-cx30-full-option--294001178499082196752693-b.jpg
13662641,Hyundai H1 2019,Hyundai,Starex,2019,18900,Used,Not reported,"Doun Penh, Phnom Penh",Phnom Penh,Sedan,Gasoline,2026-07-28,https://www.khmer24.com/en/post-adid-13662641,Varies by engine; exact trim not identified,Varies by engine; exact trim not identified,Official figure unavailable: seller did not identify the exact engine/trim,Usually 4–5; exact model/trim not identified,Seller did not identify exact configuration,"The marketplace listing lacks enough model, engine, battery, or trim detail for a responsible numeric claim. The card states the limitation instead of inventing data.",Khmer24 listing,https://www.khmer24.com/en/post-adid-13662641,Varies by trim; exact gearbox not identified,https://images.khmer24.co/26-06-18/hyundai-h1-2019-305903178175074418549333-b.jpg
13464819,Nissan Frontier 05 P1 ហ្កាស់រួចឯកសារគ្រប់,Nissan,Frontier,2005,11500,Used,Not reported,"Saensokh, Phnom Penh",Phnom Penh,Sedan,Gasoline,2026-07-28,https://www.khmer24.com/en/post-adid-13464819,4 or 6,2.5 L or 4 L,16–21 mpg combined (EPA),Usually 4–5; exact model/trim not identified,Exact year/make/model EPA range,"EPA values cover matching U.S.-market configurations. The imported Cambodian trim may use a different engine, transmission, battery, or test cycle.",U.S. DOE/EPA FuelEconomy.gov,https://www.fueleconomy.gov/feg/Find.do?action=sbs&id=21570&id=21571&id=21572,Multiple EPA-listed transmissions,https://images.khmer24.co/26-05-01/nissan-frontier-05-p1--403955177761821869903983-b.jpg
13292428,Honda HRV SUV 2019 full I-VTEC Econ,Honda,HR-V,2019,19900,Used,Not reported,"Ruessei Kaev, Phnom Penh",Phnom Penh,SUV,Gasoline,2026-07-28,https://www.khmer24.com/en/post-adid-13292428,4,1.8 L,28–30 mpg combined (EPA),Usually 5–8; exact model/trim not identified,Exact year/make/model EPA range,"EPA values cover matching U.S.-market configurations. The imported Cambodian trim may use a different engine, transmission, battery, or test cycle.",U.S. DOE/EPA FuelEconomy.gov,https://www.fueleconomy.gov/feg/Find.do?action=sbs&id=40420&id=40421&id=40422,Automatic (AV-S7) or Automatic (variable gear ratios),https://images.khmer24.co/26-03-15/honda-hrv-suv-2019-full-i-vtec-econ-85027177356220791750159-b.jpg
13649035,Hilux Travo មកដល់ខ្មែរហើយ,Not identified,Hilux,2027,51100,New,Not reported,"Mean Chey, Phnom Penh",Phnom Penh,Pickup,Gasoline,2026-07-28,https://www.khmer24.com/en/post-adid-13649035,Varies by engine; exact trim not identified,Varies by engine; exact trim not identified,Official figure unavailable: seller did not identify the exact engine/trim,Usually 2–5; exact cab configuration not identified,Seller did not identify exact configuration,"The marketplace listing lacks enough model, engine, battery, or trim detail for a responsible numeric claim. The card states the limitation instead of inventing data.",Khmer24 listing,https://www.khmer24.com/en/post-adid-13649035,Varies by trim; exact gearbox not identified,https://images.khmer24.co/26-06-15/hilux-travo-128329178148334276049641-b.jpg
13817273,Avatar 07 2026 Max+,Not identified,Avatar Max+,2026,41500,New,Not reported,"Saensokh, Phnom Penh",Phnom Penh,Sedan,Gasoline,2026-07-28,https://www.khmer24.com/en/post-adid-13817273,Varies by engine; exact trim not identified,Varies by engine; exact trim not identified,Official figure unavailable: seller did not identify the exact engine/trim,Usually 4–5; exact model/trim not identified,Seller did not identify exact configuration,"The marketplace listing lacks enough model, engine, battery, or trim detail for a responsible numeric claim. The card states the limitation instead of inventing data.",Khmer24 listing,https://www.khmer24.com/en/post-adid-13817273,Varies by trim; exact gearbox not identified,https://images.khmer24.co/26-07-27/avatar-07-2026-max--1070912178514459815139987-b.jpg
13449825,2026 Aion i 60 Advanced Edition Hybrid with a Super Range of 1200km,GAC,Aion Advanced Edition Hybrid,2026,25600,New,Not reported,"Saensokh, Phnom Penh",Phnom Penh,Sedan,Hybrid,2026-07-28,https://www.khmer24.com/en/post-adid-13449825,Varies by engine; exact trim not identified,Varies by engine; exact trim not identified,Official figure unavailable: seller did not identify the exact engine/trim,Usually 4–5; exact model/trim not identified,Seller did not identify exact configuration,"The marketplace listing lacks enough model, engine, battery, or trim detail for a responsible numeric claim. The card states the limitation instead of inventing data.",Khmer24 listing,https://www.khmer24.com/en/post-adid-13449825,Varies by trim; exact gearbox not identified,https://images.khmer24.co/26-04-27/2026-aion-i-60-advanced-edition-hybrid-with-a-super-range-of-1200km-1222462177728656697352570-b.jpg
13456383,ទ្បានលក់,Not identified,Model not identified,2008,11600,Used,Not reported,"Saensokh, Phnom Penh",Phnom Penh,Sedan,Gasoline,2026-07-28,https://www.khmer24.com/en/post-adid-13456383,Varies by engine; exact trim not identified,Varies by engine; exact trim not identified,Official figure unavailable: seller did not identify the exact engine/trim,Usually 4–5; exact model/trim not identified,Seller did not identify exact configuration,"The marketplace listing lacks enough model, engine, battery, or trim detail for a responsible numeric claim. The card states the limitation instead of inventing data.",Khmer24 listing,https://www.khmer24.com/en/post-adid-13456383,Varies by trim; exact gearbox not identified,https://images.khmer24.co/26-04-29/--459386177743685381019054-b.jpg
13494221,ឡានលក់ Prius 05 haft full 8550,Toyota,Prius,2005,8550,Used,Not reported,"Saensokh, Phnom Penh",Phnom Penh,Hatchback,Hybrid,2026-07-28,https://www.khmer24.com/en/post-adid-13494221,4,1.5 L,46 mpg combined (EPA),Usually 4–5; exact model/trim not identified,Exact year/make/model EPA range,"EPA values cover matching U.S.-market configurations. The imported Cambodian trim may use a different engine, transmission, battery, or test cycle.",U.S. DOE/EPA FuelEconomy.gov,https://www.fueleconomy.gov/feg/Find.do?action=sbs&id=20934,Automatic (variable gear ratios),https://images.khmer24.co/25-10-18/-prius-05-haft-full-8950-442872176077099921369550-b.jpg
13799403,🖤BYD Xia MPV DM-I តម្លៃចរចារតាមtelegram 0962068539📲🖤,BYD,Xia,2025,55800,Used,Not reported,"Saensokh, Phnom Penh",Phnom Penh,MPV,Plug-in Hybrid,2026-07-28,https://www.khmer24.com/en/post-adid-13799403,Varies by engine; exact trim not identified,Varies by engine; exact trim not identified,Official figure unavailable: seller did not identify the exact engine/trim,Usually 5–11; exact seating layout not identified,Seller did not identify exact configuration,"The marketplace listing lacks enough model, engine, battery, or trim detail for a responsible numeric claim. The card states the limitation instead of inventing data.",Khmer24 listing,https://www.khmer24.com/en/post-adid-13799403,Varies by trim; exact gearbox not identified,https://images.khmer24.co/26-07-22/-ud83d-udda4byd-xia-mpv-dm-i-telegram-0962068539-ud83d-udcf2-ud83d-udda4-1228123178471381355184235-b.jpg
13679852,"2025 BYD Seagull, nearly new car with just over 1000 kilometers on it.",BYD,Seagull,2025,14800,Used,Not reported,"Saensokh, Phnom Penh",Phnom Penh,Hatchback,Electricity,2026-07-28,https://www.khmer24.com/en/post-adid-13679852,N/A (electric),N/A (electric),300–380 km NEDC range (sold globally as DOLPHIN MINI),4–5 depending on market version,Official manufacturer model-family range,BYD Seagull is marketed as DOLPHIN MINI in several export markets.,BYD DOLPHIN MINI official specification,https://www.byd.com/content/dam/byd-site/america-public/flyer/BYD-DOLPHIN-MINI-flyer-ES-20231116.pdf,Single-speed electric drive,https://images.khmer24.co/26-06-22/2025-byd-seagull-nearly-new-car-with-just-over-1000-kilometers-on-it--1222462178211559078540224-b.jpg
13722313,Ferrari 458 Italia ឆ្នាំ2013 តម្លៃល្អ✅,Ferrari,458 Italia,2013,108000,Used,Not reported,"Saensokh, Phnom Penh",Phnom Penh,Sports,Gasoline,2026-07-28,https://www.khmer24.com/en/post-adid-13722313,8,4.5 L,14–15 mpg combined (EPA),Usually 2–4; exact model/trim not identified,Exact year/make/model EPA range,"EPA values cover matching U.S.-market configurations. The imported Cambodian trim may use a different engine, transmission, battery, or test cycle.",U.S. DOE/EPA FuelEconomy.gov,https://www.fueleconomy.gov/feg/Find.do?action=sbs&id=33137&id=33138,Automatic (AM7),https://images.khmer24.co/26-07-02/ferrari-458-italia-2013-u2705-1269461178300261480872596-b.jpg
13454715,2019 Lamborghini Urus តម្លែពិសេស ✨,Lamborghini,Urus,2019,250000,Used,Not reported,"Mean Chey, Phnom Penh",Phnom Penh,SUV,Gasoline,2026-07-28,https://www.khmer24.com/en/post-adid-13454715,8,4 L,14 mpg combined (EPA),Usually 5–8; exact model/trim not identified,Exact year/make/model EPA range,"EPA values cover matching U.S.-market configurations. The imported Cambodian trim may use a different engine, transmission, battery, or test cycle.",U.S. DOE/EPA FuelEconomy.gov,https://www.fueleconomy.gov/feg/Find.do?action=sbs&id=40758,Automatic (S8),https://images.khmer24.co/26-05-17/2019-lamborghini-urus-u2728-1180117177901356529256807-b.jpg
13781066,Bentley Continental GT S 4.0 2023,Bentley,Continental GT,2023,397700,Used,Not reported,"Por Senchey, Phnom Penh",Phnom Penh,Sedan,Gasoline,2026-07-28,https://www.khmer24.com/en/post-adid-13781066,8,4 L,18 mpg combined (EPA),Usually 4–5; exact model/trim not identified,Exact year/make/model EPA range,"EPA values cover matching U.S.-market configurations. The imported Cambodian trim may use a different engine, transmission, battery, or test cycle.",U.S. DOE/EPA FuelEconomy.gov,https://www.fueleconomy.gov/feg/Find.do?action=sbs&id=45860,Automatic (AM-S8),https://images.khmer24.co/26-07-17/bentley-continental-gt-s-4-0-2023-1041951178429080927969221-b.jpg
13602246,Car for sale,Maserati,Model not identified,2022,120000,Used,Not reported,"Saensokh, Phnom Penh",Phnom Penh,Sedan,Gasoline,2026-07-28,https://www.khmer24.com/en/post-adid-13602246,Varies by engine; exact trim not identified,Varies by engine; exact trim not identified,Official figure unavailable: seller did not identify the exact engine/trim,Usually 4–5; exact model/trim not identified,Seller did not identify exact configuration,"The marketplace listing lacks enough model, engine, battery, or trim detail for a responsible numeric claim. The card states the limitation instead of inventing data.",Khmer24 listing,https://www.khmer24.com/en/post-adid-13602246,Varies by trim; exact gearbox not identified,https://images.khmer24.co/26-06-03/car-for-sale-1297502178047261589640873-b.jpg
13618655,McLaren 570S 3.8 Spider 2018,McLaren,570S,2018,226500,Used,Not reported,"Por Senchey, Phnom Penh",Phnom Penh,Sports,Gasoline,2026-07-28,https://www.khmer24.com/en/post-adid-13618655,8,3.8 L,19 mpg combined (EPA),2,Exact year/make/model EPA range,"EPA values cover matching U.S.-market configurations. The imported Cambodian trim may use a different engine, transmission, battery, or test cycle.",U.S. DOE/EPA FuelEconomy.gov,https://www.fueleconomy.gov/feg/Find.do?action=sbs&id=41057&id=42709,Automatic 7-spd,https://images.khmer24.co/26-03-04/mclaren-570s-3-8-spider-2018-1041951177261791383877919-b.jpg
13216268,ROLLS ROYCE PHANTOM05,Rolls-Royce,ROLLS ROYCE PHANTOM,2005,80000,Used,Not reported,"Chrouy Changva, Phnom Penh",Phnom Penh,Sedan,Gasoline,2026-07-28,https://www.khmer24.com/en/post-adid-13216268,12,6.7 L,13 mpg combined (EPA),Usually 4–5; exact model/trim not identified,Exact year/make/model EPA range,"EPA values cover matching U.S.-market configurations. The imported Cambodian trim may use a different engine, transmission, battery, or test cycle.",U.S. DOE/EPA FuelEconomy.gov,https://www.fueleconomy.gov/feg/Find.do?action=sbs&id=20925,Automatic (S6),https://images.khmer24.co/25-05-16/rolls-royce-phantom05-968200174737109876517791-b.jpg
13768619,Aston Matin V8 Vantage 4.7 Coupe 2015,Not identified,Vantage,2015,113500,Used,Not reported,"Por Senchey, Phnom Penh",Phnom Penh,Coupe,Gasoline,2026-07-28,https://www.khmer24.com/en/post-adid-13768619,Varies by engine; exact trim not identified,Varies by engine; exact trim not identified,Official figure unavailable: seller did not identify the exact engine/trim,Usually 2–5; exact model/trim not identified,Seller did not identify exact configuration,"The marketplace listing lacks enough model, engine, battery, or trim detail for a responsible numeric claim. The card states the limitation instead of inventing data.",Khmer24 listing,https://www.khmer24.com/en/post-adid-13768619,Varies by trim; exact gearbox not identified,https://images.khmer24.co/26-07-14/aston-matin-v8-vantage-4-7-coupe-2015-1193843178401348690922155-b.jpg
13807278,រថយន្តនៅស្អាតសម្រាប់លក់ Forester 2022,Subaru,Forester,2022,26000,Used,Not reported,"Saensokh, Phnom Penh",Phnom Penh,SUV,Gasoline,2026-07-28,https://www.khmer24.com/en/post-adid-13807278,4,2.5 L,26–29 mpg combined (EPA),Usually 5–8; exact model/trim not identified,Exact year/make/model EPA range,"EPA values cover matching U.S.-market configurations. The imported Cambodian trim may use a different engine, transmission, battery, or test cycle.",U.S. DOE/EPA FuelEconomy.gov,https://www.fueleconomy.gov/feg/Find.do?action=sbs&id=44484&id=44485,Automatic (AV-S7) or Automatic (AV-S8),https://images.khmer24.co/26-07-24/-forester-2022-52670178489459936691934-b.jpg
13736106,MITSUBISHI TRITON,Mitsubishi,Triton,2008,13000,Used,Not reported,"Krong Siem Reab, Siem Reap",Siem Reap,Pickup,Gasoline,2026-07-28,https://www.khmer24.com/en/post-adid-13736106,Varies by engine; exact trim not identified,Varies by engine; exact trim not identified,Official figure unavailable: seller did not identify the exact engine/trim,Usually 2–5; exact cab configuration not identified,Seller did not identify exact configuration,"The marketplace listing lacks enough model, engine, battery, or trim detail for a responsible numeric claim. The card states the limitation instead of inventing data.",Khmer24 listing,https://www.khmer24.com/en/post-adid-13736106,Varies by trim; exact gearbox not identified,https://images.khmer24.co/26-07-06/mitsubishi-triton-972898178332490897258493-b.jpg
13466636,VOLKSWAGEN CARAVELLE (VIP)✨,Volkswagen,Caravelle,2018,33000,Used,Not reported,"Saensokh, Phnom Penh",Phnom Penh,Sedan,Gasoline,2026-07-28,https://www.khmer24.com/en/post-adid-13466636,Varies by engine; exact trim not identified,Varies by engine; exact trim not identified,Official figure unavailable: seller did not identify the exact engine/trim,Usually 4–5; exact model/trim not identified,Seller did not identify exact configuration,"The marketplace listing lacks enough model, engine, battery, or trim detail for a responsible numeric claim. The card states the limitation instead of inventing data.",Khmer24 listing,https://www.khmer24.com/en/post-adid-13466636,Varies by trim; exact gearbox not identified,https://images.khmer24.co/25-10-31/volkswagen-caravelle-vip-u2728-1208006176191360654405044-b.jpg
13605691,"Volvo XC60 2022 (16,000km)",Volvo,XC60,2022,51800,Used,Not reported,"Tuol Kouk, Phnom Penh",Phnom Penh,SUV,Gasoline,2026-07-28,https://www.khmer24.com/en/post-adid-13605691,4,2 L,24–28 mpg combined (EPA),Usually 5–8; exact model/trim not identified,Exact year/make/model EPA range,"EPA values cover matching U.S.-market configurations. The imported Cambodian trim may use a different engine, transmission, battery, or test cycle.",U.S. DOE/EPA FuelEconomy.gov,https://www.fueleconomy.gov/feg/Find.do?action=sbs&id=44205&id=44206&id=44268,Automatic (S8),https://images.khmer24.co/26-06-04/volvo-xc60-2022-70450178054707949440571-b.jpg
13536340,"ថ្មីណាស់ Chevrolet Equinox 2023 ប្រើតិច​ 20,000km ថ្មីណាស់",Chevrolet,Equinox km,2023,29500,Used,Not reported,"Boeng Keng Kang, Phnom Penh",Phnom Penh,Sedan,Gasoline,2026-07-28,https://www.khmer24.com/en/post-adid-13536340,4,1.5 L,26–28 mpg combined (EPA),Usually 4–5; exact model/trim not identified,Exact year/make/model EPA range,"EPA values cover matching U.S.-market configurations. The imported Cambodian trim may use a different engine, transmission, battery, or test cycle.",U.S. DOE/EPA FuelEconomy.gov,https://www.fueleconomy.gov/feg/Find.do?action=sbs&id=45823&id=45827,Automatic 6-spd,https://images.khmer24.co/26-06-02/-2023-20-000km--1277926178037256710708308-i.jpg
13684946,លក់ SUZUKI JIMNY ឆ្នាំ 2026 6000Km ម្ចាស់ដើមឡានស្អាត ស្កុត filmមួយជុំឡាន សំបក់ថ្មី 5គ្រាប់ ✅,Suzuki,Jimny,2026,39000,Used,Not reported,"Krong Siem Reab, Siem Reap",Siem Reap,SUV,Gasoline,2026-07-28,https://www.khmer24.com/en/post-adid-13684946,Varies by engine; exact trim not identified,Varies by engine; exact trim not identified,Official figure unavailable: seller did not identify the exact engine/trim,Usually 5–8; exact model/trim not identified,Seller did not identify exact configuration,"The marketplace listing lacks enough model, engine, battery, or trim detail for a responsible numeric claim. The card states the limitation instead of inventing data.",Khmer24 listing,https://www.khmer24.com/en/post-adid-13684946,Varies by trim; exact gearbox not identified,https://images.khmer24.co/26-06-23/-suzuki-jimny-2026-6000km-film-5-u2705-1038122178220793356567839-b.jpg
13597304,Isuzu D-max V cross year 2025 full,Isuzu,D-Max,2025,39000,New,Not reported,"Mean Chey, Phnom Penh",Phnom Penh,Pickup,Gasoline,2026-07-28,https://www.khmer24.com/en/post-adid-13597304,Varies by engine; exact trim not identified,Varies by engine; exact trim not identified,Official figure unavailable: seller did not identify the exact engine/trim,Usually 2–5; exact cab configuration not identified,Seller did not identify exact configuration,"The marketplace listing lacks enough model, engine, battery, or trim detail for a responsible numeric claim. The card states the limitation instead of inventing data.",Khmer24 listing,https://www.khmer24.com/en/post-adid-13597304,Varies by trim; exact gearbox not identified,https://images.khmer24.co/26-06-02/isuzu-d-max-v-cross-year-2025-full-237302178037833980455646-b.jpg
13618907,ឡានលក់Peugeot 5008 25000ចរចារ,Peugeot,5008,2017,25000,Used,Not reported,"Krong Siem Reab, Siem Reap",Siem Reap,SUV,Gasoline,2026-07-28,https://www.khmer24.com/en/post-adid-13618907,Varies by engine; exact trim not identified,Varies by engine; exact trim not identified,Official figure unavailable: seller did not identify the exact engine/trim,Usually 5–8; exact model/trim not identified,Seller did not identify exact configuration,"The marketplace listing lacks enough model, engine, battery, or trim detail for a responsible numeric claim. The card states the limitation instead of inventing data.",Khmer24 listing,https://www.khmer24.com/en/post-adid-13618907,Varies by trim; exact gearbox not identified,https://images.khmer24.co/26-06-07/-peugeot-5008-25000--106948178082347980404368-b.jpg
13811910,Cadillac Escalade Sports platinum 2025 Big Seat Full,Cadillac,Escalade Sports platinum Big,2025,167000,Used,Not reported,"Prampir Meakkakra, Phnom Penh",Phnom Penh,SUV,Gasoline,2026-07-28,https://www.khmer24.com/en/post-adid-13811910,8,6.2 L,13–17 mpg combined (EPA),Usually 5–8; exact model/trim not identified,Exact year/make/model EPA range,"EPA values cover matching U.S.-market configurations. The imported Cambodian trim may use a different engine, transmission, battery, or test cycle.",U.S. DOE/EPA FuelEconomy.gov,https://www.fueleconomy.gov/feg/Find.do?action=sbs&id=48556&id=48620&id=48629,Automatic (S10) or Automatic 10-spd,https://images.khmer24.co/26-07-26/cadillac-escalade-sports-platinum-2025-big-seat-full-1072003178503562645465622-b.jpg
13795006,Geely M9 full Options 2026,Geely,M9,2026,57800,New,Not reported,"Saensokh, Phnom Penh",Phnom Penh,Sedan,Gasoline,2026-07-28,https://www.khmer24.com/en/post-adid-13795006,Varies by engine; exact trim not identified,Varies by engine; exact trim not identified,Official figure unavailable: seller did not identify the exact engine/trim,Usually 4–5; exact model/trim not identified,Seller did not identify exact configuration,"The marketplace listing lacks enough model, engine, battery, or trim detail for a responsible numeric claim. The card states the limitation instead of inventing data.",Khmer24 listing,https://www.khmer24.com/en/post-adid-13795006,Varies by trim; exact gearbox not identified,https://images.khmer24.co/26-07-21/geely-m9-full-options-2026-987664178462154397299543-b.jpg
13399307,Changan Q05 2025,Changan,Q05,2025,19800,New,Not reported,"Saensokh, Phnom Penh",Phnom Penh,Sedan,Gasoline,2026-07-28,https://www.khmer24.com/en/post-adid-13399307,Varies by engine; exact trim not identified,Varies by engine; exact trim not identified,Official figure unavailable: seller did not identify the exact engine/trim,Usually 4–5; exact model/trim not identified,Seller did not identify exact configuration,"The marketplace listing lacks enough model, engine, battery, or trim detail for a responsible numeric claim. The card states the limitation instead of inventing data.",Khmer24 listing,https://www.khmer24.com/en/post-adid-13399307,Varies by trim; exact gearbox not identified,https://images.khmer24.co/26-04-11/changan-q05-2025-354431177589494312692819-b.jpg
13558646,LEAPMOTOR C01 625km ថ្មី 💯  ក្នុងស្តុក,Leapmotor,km,2024,26800,New,Not reported,"Mean Chey, Phnom Penh",Phnom Penh,Sedan,Electricity,2026-07-28,https://www.khmer24.com/en/post-adid-13558646,N/A (electric),N/A (electric),Seller advertises 625 km range,Usually 4–5; exact model/trim not identified,Seller did not identify exact configuration,"The marketplace listing lacks enough model, engine, battery, or trim detail for a responsible numeric claim. The card states the limitation instead of inventing data.",Khmer24 listing,https://www.khmer24.com/en/post-adid-13558646,Single-speed electric drive,https://images.khmer24.co/26-05-23/leapmotor-c01-625km-ud83d-udcaf--784933177955269031873315-b.jpg
13249528,DENZA D9 2024 លក់លាងឃ្លាំង Top option កៅអីម៉ាស្សា4 DVDក្បាលខ្នើយ តម្លៃមហាពិសេស,Denza,D9,2024,58900,New,Not reported,"Prampir Meakkakra, Phnom Penh",Phnom Penh,MPV,Gasoline,2026-07-28,https://www.khmer24.com/en/post-adid-13249528,Varies by engine; exact trim not identified,Varies by engine; exact trim not identified,Official figure unavailable: seller did not identify the exact engine/trim,Usually 5–11; exact seating layout not identified,Seller did not identify exact configuration,"The marketplace listing lacks enough model, engine, battery, or trim detail for a responsible numeric claim. The card states the limitation instead of inventing data.",Khmer24 listing,https://www.khmer24.com/en/post-adid-13249528,Varies by trim; exact gearbox not identified,https://images.khmer24.co/25-08-01/denza-d9-2024-top-option-4-dvd--420060175402003157197289-b.jpg
13821423,XPeng X9 2026 ម្ចាស់ផ្ទាល់,XPeng,X9,2026,56000,Used,Not reported,"Saensokh, Phnom Penh",Phnom Penh,Sedan,Electricity,2026-07-28,https://www.khmer24.com/en/post-adid-13821423,N/A (electric),N/A (electric),535–580 km WLTP range,7,Official manufacturer model-family range,Official export-market range depends on battery and drive version.,XPENG X9 official configurator,https://store.xpeng.com/au/configurator/New_X9,Single-speed electric drive,https://images.khmer24.co/26-07-28/xpeng-x9-2026--157622178522696224155826-b.jpg
13739360,Zeekr  9X Black Knight version,Zeekr,9X,2026,139800,New,Not reported,"Tuol Kouk, Phnom Penh",Phnom Penh,Sedan,Plug-in Hybrid,2026-07-28,https://www.khmer24.com/en/post-adid-13739360,4,2.0 L turbo gasoline hybrid engine,Up to 380 km CLTC pure-electric range,6,Official manufacturer model-family range,"The 9X is a plug-in hybrid, not a battery-only EV. Official range uses China's CLTC cycle and varies by battery/trim.",ZEEKR 9X official release,https://www.zeekrgroup.com/en/news/202509291,SEA Super Hybrid electric-drive system,https://images.khmer24.co/26-07-07/zeekr-9x-black-knight-version-1167246178340024958185888-b.jpg
13625633,GWM tank300,Great Wall,Tank 300,2025,48800,Used,Not reported,"Tuol Kouk, Phnom Penh",Phnom Penh,Sedan,Gasoline,2026-07-28,https://www.khmer24.com/en/post-adid-13625633,Varies by engine; exact trim not identified,Varies by engine; exact trim not identified,Official figure unavailable: seller did not identify the exact engine/trim,Usually 4–5; exact model/trim not identified,Seller did not identify exact configuration,"The marketplace listing lacks enough model, engine, battery, or trim detail for a responsible numeric claim. The card states the limitation instead of inventing data.",Khmer24 listing,https://www.khmer24.com/en/post-adid-13625633,Varies by trim; exact gearbox not identified,https://images.khmer24.co/26-06-09/gwm-tank300-262204178097859395754348-b.jpg
13606169,Jetour X70 Plus 2022,Jetour,X70 Plus,2022,18500,Used,Not reported,"Tuol Kouk, Phnom Penh",Phnom Penh,SUV,Gasoline,2026-07-28,https://www.khmer24.com/en/post-adid-13606169,Varies by engine; exact trim not identified,Varies by engine; exact trim not identified,Official figure unavailable: seller did not identify the exact engine/trim,Usually 5–8; exact model/trim not identified,Seller did not identify exact configuration,"The marketplace listing lacks enough model, engine, battery, or trim detail for a responsible numeric claim. The card states the limitation instead of inventing data.",Khmer24 listing,https://www.khmer24.com/en/post-adid-13606169,Varies by trim; exact gearbox not identified,https://images.khmer24.co/26-06-04/jetour-x70-plus-2022-146627178055147448891629-b.jpg
13563162,JAC EV car,JAC,EV,2026,25999,New,Not reported,"Saensokh, Phnom Penh",Phnom Penh,Sedan,Electricity,2026-07-28,https://www.khmer24.com/en/post-adid-13563162,N/A (electric),N/A (electric),Range unavailable: seller did not identify the exact battery/model version,Usually 4–5; exact model/trim not identified,Seller did not identify exact configuration,"The marketplace listing lacks enough model, engine, battery, or trim detail for a responsible numeric claim. The card states the limitation instead of inventing data.",Khmer24 listing,https://www.khmer24.com/en/post-adid-13563162,Single-speed electric drive,https://images.khmer24.co/26-05-25/jac-ev-car-1070674177968229117920863-b.jpg
13663036,NX200T F-sport 2017 ក្នុង cherry ហ្សុីន,Not identified,NX,2017,35500,Used,Not reported,"Tuol Kouk, Phnom Penh",Phnom Penh,SUV,Gasoline,2026-07-28,https://www.khmer24.com/en/post-adid-13663036,Varies by engine; exact trim not identified,Varies by engine; exact trim not identified,Official figure unavailable: seller did not identify the exact engine/trim,Usually 5–8; exact model/trim not identified,Seller did not identify exact configuration,"The marketplace listing lacks enough model, engine, battery, or trim detail for a responsible numeric claim. The card states the limitation instead of inventing data.",Khmer24 listing,https://www.khmer24.com/en/post-adid-13663036,Varies by trim; exact gearbox not identified,https://images.khmer24.co/26-06-18/nx200t-f-sport-cherry--281166178175494379439073-b.jpg
13821000,BMW M2 G87 Coupe 2025,BMW,M2,2025,155000,Used,Not reported,"Por Senchey, Phnom Penh",Phnom Penh,Coupe,Gasoline,2026-07-28,https://www.khmer24.com/en/post-adid-13821000,Varies by engine; exact trim not identified,Varies by engine; exact trim not identified,Official figure unavailable: seller did not identify the exact engine/trim,Usually 2–5; exact model/trim not identified,Seller did not identify exact configuration,"The marketplace listing lacks enough model, engine, battery, or trim detail for a responsible numeric claim. The card states the limitation instead of inventing data.",Khmer24 listing,https://www.khmer24.com/en/post-adid-13821000,Varies by trim; exact gearbox not identified,https://images.khmer24.co/26-07-28/bmw-m2-g87-coupe-2025-1041951178522164584784233-b.jpg
13759861,Mustang 2018 Full option បើក បិត ដំបូល បាន,Not identified,Mustang,2018,19999,Used,Not reported,"Saensokh, Phnom Penh",Phnom Penh,Sports,Gasoline,2026-07-28,https://www.khmer24.com/en/post-adid-13759861,Varies by engine; exact trim not identified,Varies by engine; exact trim not identified,Official figure unavailable: seller did not identify the exact engine/trim,Usually 2–4; exact model/trim not identified,Seller did not identify exact configuration,"The marketplace listing lacks enough model, engine, battery, or trim detail for a responsible numeric claim. The card states the limitation instead of inventing data.",Khmer24 listing,https://www.khmer24.com/en/post-adid-13759861,Varies by trim; exact gearbox not identified,https://images.khmer24.co/26-07-12/mustang-2018-full-option--624472178383008863781139-b.jpg
13500415,Porsches Carrera S ក្រដាសពន្ធថ្មី,Porsche,Carrera,2020,173500,Used,Not reported,"Chamkar Mon, Phnom Penh",Phnom Penh,Sedan,Gasoline,2026-07-28,https://www.khmer24.com/en/post-adid-13500415,6,3 L,20 mpg combined (EPA),Usually 4–5; exact model/trim not identified,Exact year/make/model EPA range,"EPA values cover matching U.S.-market configurations. The imported Cambodian trim may use a different engine, transmission, battery, or test cycle.",U.S. DOE/EPA FuelEconomy.gov,https://www.fueleconomy.gov/feg/Find.do?action=sbs&id=41981&id=41982&id=41983,Automatic (AM-S8) or Manual 7-spd,https://images.khmer24.co/26-05-10/porsches-carrera-s--366603177840286789825575-b.jpg
13734570,មកដល់ក្តៅៗ BMW I 3 full options ឡានកាលីសុទ្ធ,BMW,options,2014,9300,Used,Not reported,"Por Senchey, Phnom Penh",Phnom Penh,Sedan,Gasoline,2026-07-28,https://www.khmer24.com/en/post-adid-13734570,Varies by engine; exact trim not identified,Varies by engine; exact trim not identified,Official figure unavailable: seller did not identify the exact engine/trim,Usually 4–5; exact model/trim not identified,Seller did not identify exact configuration,"The marketplace listing lacks enough model, engine, battery, or trim detail for a responsible numeric claim. The card states the limitation instead of inventing data.",Khmer24 listing,https://www.khmer24.com/en/post-adid-13734570,Varies by trim; exact gearbox not identified,https://images.khmer24.co/26-07-06/-bmw-i-3-full-options--331399178330889392145857-b.jpg
13693445,Mercedes AMG GLB35 4Matic 2022,Mercedes-Benz,GLB,2022,65200,Used,Not reported,"Por Senchey, Phnom Penh",Phnom Penh,Sports,Gasoline,2026-07-28,https://www.khmer24.com/en/post-adid-13693445,4,2 L,22–27 mpg combined (EPA),Usually 2–4; exact model/trim not identified,Exact year/make/model EPA range,"EPA values cover matching U.S.-market configurations. The imported Cambodian trim may use a different engine, transmission, battery, or test cycle.",U.S. DOE/EPA FuelEconomy.gov,https://www.fueleconomy.gov/feg/Find.do?action=sbs&id=44848&id=44852&id=44855,Automatic (AM8),https://images.khmer24.co/26-06-25/mercedes-amg-glb35-4matic-2022-1041951178237118448659387-b.jpg
13582554,Toyota Prius 04.  ស្អាត,Toyota,Prius,2004,8900,Used,Not reported,"Saensokh, Phnom Penh",Phnom Penh,Hatchback,Hybrid,2026-07-28,https://www.khmer24.com/en/post-adid-13582554,4,1.5 L,46 mpg combined (EPA),Usually 4–5; exact model/trim not identified,Exact year/make/model EPA range,"EPA values cover matching U.S.-market configurations. The imported Cambodian trim may use a different engine, transmission, battery, or test cycle.",U.S. DOE/EPA FuelEconomy.gov,https://www.fueleconomy.gov/feg/Find.do?action=sbs&id=19813,Automatic (variable gear ratios),https://images.khmer24.co/26-05-29/toyota-prius-04--105563178004107737049518-b.jpg
13783562,Lexus RX300,Lexus,RX,2022,11000,Used,Not reported,"Chbar Ampov, Phnom Penh",Phnom Penh,SUV,Gasoline,2026-07-28,https://www.khmer24.com/en/post-adid-13783562,6,3.5 L,21–30 mpg combined (EPA),Usually 5–8; exact model/trim not identified,Exact year/make/model EPA range,"EPA values cover matching U.S.-market configurations. The imported Cambodian trim may use a different engine, transmission, battery, or test cycle.",U.S. DOE/EPA FuelEconomy.gov,https://www.fueleconomy.gov/feg/Find.do?action=sbs&id=44257&id=44262&id=44263,Automatic (AV-S6) or Automatic (S8),https://images.khmer24.co/26-07-18/lexus-rx300-1311463178435862349910194-b.jpg
13156300,Honda acc 93​ លេខដៃ​ (វ៉ៃដូរHiace),Honda,acc Hiace,1993,4450,Used,Not reported,"Paoy Paet, Banteay Meanchey",Banteay Meanchey,Sedan,Gasoline,2026-07-28,https://www.khmer24.com/en/post-adid-13156300,Varies by engine; exact trim not identified,Varies by engine; exact trim not identified,Official figure unavailable: seller did not identify the exact engine/trim,Usually 4–5; exact model/trim not identified,Seller did not identify exact configuration,"The marketplace listing lacks enough model, engine, battery, or trim detail for a responsible numeric claim. The card states the limitation instead of inventing data.",Khmer24 listing,https://www.khmer24.com/en/post-adid-13156300,Varies by trim; exact gearbox not identified,https://images.khmer24.co/26-02-15/honda-accord-1993--224059177112048568029070-g.jpg
13719554,Ford Ranger Wildtrak 2023,Ford,Ranger,2023,42900,Used,Not reported,"Chamkar Mon, Phnom Penh",Phnom Penh,Pickup,Gasoline,2026-07-28,https://www.khmer24.com/en/post-adid-13719554,4,2.3 L,19–23 mpg combined (EPA),5 for double-cab passenger configuration,Exact year/make/model EPA range,"EPA values cover matching U.S.-market configurations. The imported Cambodian trim may use a different engine, transmission, battery, or test cycle.",U.S. DOE/EPA FuelEconomy.gov,https://www.fueleconomy.gov/feg/Find.do?action=sbs&id=46167&id=46168&id=46186,Automatic (S10),https://images.khmer24.co/26-07-02/ford-ranger-wildtrak-2023-902239178296215855876742-b.jpg
13568370,KIA Morning 015 - Full Option F-Sport តម្លៃចរចារ,Kia,Morning,2015,10300,Used,Not reported,"Chrouy Changva, Phnom Penh",Phnom Penh,Hatchback,Gasoline,2026-07-28,https://www.khmer24.com/en/post-adid-13568370,3 or 4,1.0 L or 1.25 L,52.3–64.2 UK mpg combined (official Picanto family configurations),5,Official manufacturer model-family range,Kia Morning is sold as Picanto in other markets. Figures are a model-family range; confirm the Cambodian import's engine.,Kia Picanto official specification,https://www.kia.com/content/dam/kwcms/kme/uk/en/assets/vehicles/All-New%20Picanto/Specifications/all-new-picanto-specification.PDF,"5-speed manual, 4-speed automatic, or 5-speed AMT",https://images.khmer24.co/26-05-26/kia-morning-015-full-option-1295263177977118472173331-b.jpg
13756108,Mazda CX5 2018 Full option,Mazda,CX-5,2018,26800,Used,Not reported,"Tuol Kouk, Phnom Penh",Phnom Penh,SUV,Gasoline,2026-07-28,https://www.khmer24.com/en/post-adid-13756108,4,2.5 L,26–28 mpg combined (EPA),Usually 5–8; exact model/trim not identified,Exact year/make/model EPA range,"EPA values cover matching U.S.-market configurations. The imported Cambodian trim may use a different engine, transmission, battery, or test cycle.",U.S. DOE/EPA FuelEconomy.gov,https://www.fueleconomy.gov/feg/Find.do?action=sbs&id=39777&id=39781,Automatic (S6),https://images.khmer24.co/26-07-11/mazda-cx5-2018-full-option-231228178374350394354460-b.jpg
13753257,Hyundai Palisade Premium 2026,Hyundai,Palisade,2026,75900,New,Not reported,"Doun Penh, Phnom Penh",Phnom Penh,SUV,Gasoline,2026-07-28,https://www.khmer24.com/en/post-adid-13753257,4 or 6,2.5 L or 3.5 L,19–34 mpg combined (EPA),Usually 5–8; exact model/trim not identified,Exact year/make/model EPA range,"EPA values cover matching U.S.-market configurations. The imported Cambodian trim may use a different engine, transmission, battery, or test cycle.",U.S. DOE/EPA FuelEconomy.gov,https://www.fueleconomy.gov/feg/Find.do?action=sbs&id=49553&id=49554&id=49581,Automatic (AM-S6) or Automatic (S8),https://images.khmer24.co/26-07-10/hyundai-palisade-premium-2026-152261178367173022636993-b.jpg
13817657,Nissan Frontier ឆ្នាំ 07 ប៉ុង1,Nissan,Frontier,2007,10500,Used,Not reported,"Por Senchey, Phnom Penh",Phnom Penh,Sedan,Gasoline,2026-07-28,https://www.khmer24.com/en/post-adid-13817657,4 or 6,2.5 L or 4 L,16–21 mpg combined (EPA),Usually 4–5; exact model/trim not identified,Exact year/make/model EPA range,"EPA values cover matching U.S.-market configurations. The imported Cambodian trim may use a different engine, transmission, battery, or test cycle.",U.S. DOE/EPA FuelEconomy.gov,https://www.fueleconomy.gov/feg/Find.do?action=sbs&id=23656&id=23657&id=23658,Multiple EPA-listed transmissions,https://images.khmer24.co/26-07-27/nissan-frontier-07-1-770325178515133395235727-b.jpg
13752989,តម្លៃស្ដើងខ្លាំងSUV 5កៅអី,Not identified,Model not identified,2026,22800,New,Not reported,"Prampir Meakkakra, Phnom Penh",Phnom Penh,SUV,Gasoline,2026-07-28,https://www.khmer24.com/en/post-adid-13752989,Varies by engine; exact trim not identified,Varies by engine; exact trim not identified,Official figure unavailable: seller did not identify the exact engine/trim,Usually 5–8; exact model/trim not identified,Seller did not identify exact configuration,"The marketplace listing lacks enough model, engine, battery, or trim detail for a responsible numeric claim. The card states the limitation instead of inventing data.",Khmer24 listing,https://www.khmer24.com/en/post-adid-13752989,Varies by trim; exact gearbox not identified,https://images.khmer24.co/26-07-10/-suv-5--1280777178366907748709168-b.jpg
13635079,𝐅𝐎𝐑𝐃 𝐑𝐀𝐍𝐆𝐄𝐑 𝐖𝐈𝐋𝐃𝐓𝐑𝐀𝐊 𝟐𝟎𝟏𝟗,Not identified,Model not identified,2019,31500,Used,Not reported,"Tuol Kouk, Phnom Penh",Phnom Penh,Pickup,Gasoline,2026-07-28,https://www.khmer24.com/en/post-adid-13635079,Varies by engine; exact trim not identified,Varies by engine; exact trim not identified,Official figure unavailable: seller did not identify the exact engine/trim,Usually 2–5; exact cab configuration not identified,Seller did not identify exact configuration,"The marketplace listing lacks enough model, engine, battery, or trim detail for a responsible numeric claim. The card states the limitation instead of inventing data.",Khmer24 listing,https://www.khmer24.com/en/post-adid-13635079,Varies by trim; exact gearbox not identified,https://images.khmer24.co/26-06-11/--1190649178115636876684085-b.jpg
13732052,"ឡានម្ចាស់ដើមជិះផ្ទាល់, អត់បុកអត់ប៉ះធានាឡានស្អាត, Full Option Ev",Not identified,Ev,2023,25000,Used,Not reported,"Krong Siem Reab, Siem Reap",Siem Reap,Sedan,Electricity,2026-07-28,https://www.khmer24.com/en/post-adid-13732052,N/A (electric),N/A (electric),Range unavailable: seller did not identify the exact battery/model version,Usually 4–5; exact model/trim not identified,Seller did not identify exact configuration,"The marketplace listing lacks enough model, engine, battery, or trim detail for a responsible numeric claim. The card states the limitation instead of inventing data.",Khmer24 listing,https://www.khmer24.com/en/post-adid-13732052,Single-speed electric drive,https://images.khmer24.co/26-07-05/-full-option-ev-951910178323768092025831-b.jpg
13497002,07 Hybrid អាគុយ020,Not identified,Hybrid,2007,15800,Used,Not reported,"Saensokh, Phnom Penh",Phnom Penh,Sedan,Hybrid,2026-07-28,https://www.khmer24.com/en/post-adid-13497002,Varies by engine; exact trim not identified,Varies by engine; exact trim not identified,Official figure unavailable: seller did not identify the exact engine/trim,Usually 4–5; exact model/trim not identified,Seller did not identify exact configuration,"The marketplace listing lacks enough model, engine, battery, or trim detail for a responsible numeric claim. The card states the limitation instead of inventing data.",Khmer24 listing,https://www.khmer24.com/en/post-adid-13497002,Varies by trim; exact gearbox not identified,https://images.khmer24.co/26-05-09/07-hybrid-020-676707177831679920063580-b.jpg
13576350,លក់ត្រូវការដូរសេរី,Not identified,Model not identified,2010,16168,Used,Not reported,"Mean Chey, Phnom Penh",Phnom Penh,Sedan,Gasoline,2026-07-28,https://www.khmer24.com/en/post-adid-13576350,Varies by engine; exact trim not identified,Varies by engine; exact trim not identified,Official figure unavailable: seller did not identify the exact engine/trim,Usually 4–5; exact model/trim not identified,Seller did not identify exact configuration,"The marketplace listing lacks enough model, engine, battery, or trim detail for a responsible numeric claim. The card states the limitation instead of inventing data.",Khmer24 listing,https://www.khmer24.com/en/post-adid-13576350,Varies by trim; exact gearbox not identified,https://images.khmer24.co/26-05-28/--413985177993892818684441-b.jpg
13537629,012 លក់ធូៗ ចែកបងប្អូនប្រើ,Not identified,Model not identified,2012,7875,Used,Not reported,"Dangkao, Phnom Penh",Phnom Penh,Hatchback,Gasoline,2026-07-28,https://www.khmer24.com/en/post-adid-13537629,Varies by engine; exact trim not identified,Varies by engine; exact trim not identified,Official figure unavailable: seller did not identify the exact engine/trim,Usually 4–5; exact model/trim not identified,Seller did not identify exact configuration,"The marketplace listing lacks enough model, engine, battery, or trim detail for a responsible numeric claim. The card states the limitation instead of inventing data.",Khmer24 listing,https://www.khmer24.com/en/post-adid-13537629,Varies by trim; exact gearbox not identified,https://images.khmer24.co/26-05-19/012--1107332177916200911545019-b.jpg
13514942,LUXURY MPV CUSTIN,Not identified,Custin,2025,39900,New,Not reported,"Krong Siem Reab, Siem Reap",Siem Reap,MPV,Gasoline,2026-07-28,https://www.khmer24.com/en/post-adid-13514942,Varies by engine; exact trim not identified,Varies by engine; exact trim not identified,Official figure unavailable: seller did not identify the exact engine/trim,Usually 5–11; exact seating layout not identified,Seller did not identify exact configuration,"The marketplace listing lacks enough model, engine, battery, or trim detail for a responsible numeric claim. The card states the limitation instead of inventing data.",Khmer24 listing,https://www.khmer24.com/en/post-adid-13514942,Varies by trim; exact gearbox not identified,https://images.khmer24.co/26-05-14/-u267b-ufe0f--1222536177871605482894873-b.jpg
13793791,BYD dolphin range 420km,BYD,Dolphin,2023,14800,Used,Not reported,"Saensokh, Phnom Penh",Phnom Penh,Hatchback,Electricity,2026-07-28,https://www.khmer24.com/en/post-adid-13793791,N/A (electric),N/A (electric),Seller advertises 420 km range,Usually 4–5; exact model/trim not identified,Seller did not identify exact configuration,"The marketplace listing lacks enough model, engine, battery, or trim detail for a responsible numeric claim. The card states the limitation instead of inventing data.",Khmer24 listing,https://www.khmer24.com/en/post-adid-13793791,Single-speed electric drive,https://images.khmer24.co/26-07-21/byd-dolphin-range-420km-1108553178460736630912641-b.jpg
13640590,Ferrari 488 GTB,Ferrari,488 GTB,2016,173000,Used,Not reported,"Tuol Kouk, Phnom Penh",Phnom Penh,Sports,Gasoline,2026-07-28,https://www.khmer24.com/en/post-adid-13640590,8,3.9 L,18 mpg combined (EPA),Usually 2–4; exact model/trim not identified,Exact year/make/model EPA range,"EPA values cover matching U.S.-market configurations. The imported Cambodian trim may use a different engine, transmission, battery, or test cycle.",U.S. DOE/EPA FuelEconomy.gov,https://www.fueleconomy.gov/feg/Find.do?action=sbs&id=37069&id=37070,Automatic (AM7),https://images.khmer24.co/26-06-12/ferrari-488-gtb-683358178125721399755802-b.jpg
13744370,Lamborghini Urus 2019,Lamborghini,Urus,2019,288800,Used,Not reported,"Por Senchey, Phnom Penh",Phnom Penh,SUV,Gasoline,2026-07-28,https://www.khmer24.com/en/post-adid-13744370,8,4 L,14 mpg combined (EPA),Usually 5–8; exact model/trim not identified,Exact year/make/model EPA range,"EPA values cover matching U.S.-market configurations. The imported Cambodian trim may use a different engine, transmission, battery, or test cycle.",U.S. DOE/EPA FuelEconomy.gov,https://www.fueleconomy.gov/feg/Find.do?action=sbs&id=40758,Automatic (S8),https://images.khmer24.co/26-07-08/lamborghini-urus-2019-1193843178349448520617650-b.jpg
13603342,Bentley,Bentley,Model not identified,2013,35000,Used,Not reported,"Chamkar Mon, Phnom Penh",Phnom Penh,Sedan,Gasoline,2026-07-28,https://www.khmer24.com/en/post-adid-13603342,Varies by engine; exact trim not identified,Varies by engine; exact trim not identified,Official figure unavailable: seller did not identify the exact engine/trim,Usually 4–5; exact model/trim not identified,Seller did not identify exact configuration,"The marketplace listing lacks enough model, engine, battery, or trim detail for a responsible numeric claim. The card states the limitation instead of inventing data.",Khmer24 listing,https://www.khmer24.com/en/post-adid-13603342,Varies by trim; exact gearbox not identified,https://images.khmer24.co/26-06-03/bentley-472974178048568374277108-b.jpg
13811134,玛莎拉蒂总裁v8 GTS,Maserati,GTS,2015,25000,Used,Not reported,"Saensokh, Phnom Penh",Phnom Penh,Sedan,Gasoline,2026-07-28,https://www.khmer24.com/en/post-adid-13811134,8,3.8 L,16 mpg combined (EPA),Usually 4–5; exact model/trim not identified,Exact year/make/model EPA range,"EPA values cover matching U.S.-market configurations. The imported Cambodian trim may use a different engine, transmission, battery, or test cycle.",U.S. DOE/EPA FuelEconomy.gov,https://www.fueleconomy.gov/feg/Find.do?action=sbs&id=35200,Automatic 8-spd,https://images.khmer24.co/26-07-25/-v8-gts-1233561178499174124756830-b.jpg
13618645,McLaren GT 4.0 2022,McLaren,GT,2022,326000,Used,Not reported,"Por Senchey, Phnom Penh",Phnom Penh,Sports,Gasoline,2026-07-28,https://www.khmer24.com/en/post-adid-13618645,8,4 L,18 mpg combined (EPA),Usually 2–4; exact model/trim not identified,Exact year/make/model EPA range,"EPA values cover matching U.S.-market configurations. The imported Cambodian trim may use a different engine, transmission, battery, or test cycle.",U.S. DOE/EPA FuelEconomy.gov,https://www.fueleconomy.gov/feg/Find.do?action=sbs&id=45194,Automatic (AM-S7),https://images.khmer24.co/26-04-02/mclaren-gt-4-0-2022-1041951177511781531600039-b.jpg
13500642,Rolls-Royce Ghost,Rolls-Royce,Ghost,2022,568000,Used,Not reported,"Krong Preah Sihanouk, Preah Sihanouk",Preah Sihanouk,Sedan,Gasoline,2026-07-28,https://www.khmer24.com/en/post-adid-13500642,12,6.7 L,14 mpg combined (EPA),Usually 4–5; exact model/trim not identified,Exact year/make/model EPA range,"EPA values cover matching U.S.-market configurations. The imported Cambodian trim may use a different engine, transmission, battery, or test cycle.",U.S. DOE/EPA FuelEconomy.gov,https://www.fueleconomy.gov/feg/Find.do?action=sbs&id=44303&id=44304&id=44305,Automatic (S8),https://images.khmer24.co/25-06-01/rolls-royce-ghost-1048060174878879165988521-b.jpg
13728745,ឡានលក់ម្ចាស់ដើមផ្ទាល់,Subaru,Model not identified,2019,23000,Used,Not reported,"Dangkao, Phnom Penh",Phnom Penh,Sedan,Gasoline,2026-07-28,https://www.khmer24.com/en/post-adid-13728745,Varies by engine; exact trim not identified,Varies by engine; exact trim not identified,Official figure unavailable: seller did not identify the exact engine/trim,Usually 4–5; exact model/trim not identified,Seller did not identify exact configuration,"The marketplace listing lacks enough model, engine, battery, or trim detail for a responsible numeric claim. The card states the limitation instead of inventing data.",Khmer24 listing,https://www.khmer24.com/en/post-adid-13728745,Varies by trim; exact gearbox not identified,https://images.khmer24.co/26-07-04/--933799178314966018664335-b.jpg
13591115,Mitsubishi lancer EVO X MR 2008 Full option,Mitsubishi,lancer EVO MR,2008,29500,Used,Not reported,"Saensokh, Phnom Penh",Phnom Penh,Sedan,Gasoline,2026-07-28,https://www.khmer24.com/en/post-adid-13591115,4,2 L,18–24 mpg combined (EPA),Usually 4–5; exact model/trim not identified,Exact year/make/model EPA range,"EPA values cover matching U.S.-market configurations. The imported Cambodian trim may use a different engine, transmission, battery, or test cycle.",U.S. DOE/EPA FuelEconomy.gov,https://www.fueleconomy.gov/feg/Find.do?action=sbs&id=24018&id=24019&id=25164,Multiple EPA-listed transmissions,https://images.khmer24.co/26-06-01/mitsubishi-lancer-evo-x-mr-2008-full-option-419154178025550373608057-b.jpg
13586749,៖  Volkswagen Caravelle តួវែង​  2018​ (​ ពណ៌ខ្មៅ🖤)V4 2.0L( ម៉ាស៊ីន​សាំង​​ ),Volkswagen,Caravelle,2018,29500,Used,Not reported,"Tuol Kouk, Phnom Penh",Phnom Penh,Sedan,Gasoline,2026-07-28,https://www.khmer24.com/en/post-adid-13586749,Varies by engine; exact trim not identified,Varies by engine; exact trim not identified,Official figure unavailable: seller did not identify the exact engine/trim,Usually 4–5; exact model/trim not identified,Seller did not identify exact configuration,"The marketplace listing lacks enough model, engine, battery, or trim detail for a responsible numeric claim. The card states the limitation instead of inventing data.",Khmer24 listing,https://www.khmer24.com/en/post-adid-13586749,Varies by trim; exact gearbox not identified,https://images.khmer24.co/26-05-30/-volkswagen-caravelle-2018-ud83d-udda4-v4-2-0l--718011178013119319584199-b.jpg
13316576,Volvo XC60,Volvo,XC60,2018,23000,Used,Not reported,"Tuol Kouk, Phnom Penh",Phnom Penh,SUV,Gasoline,2026-07-28,https://www.khmer24.com/en/post-adid-13316576,4,2 L,23–26 mpg combined (EPA),Usually 5–8; exact model/trim not identified,Exact year/make/model EPA range,"EPA values cover matching U.S.-market configurations. The imported Cambodian trim may use a different engine, transmission, battery, or test cycle.",U.S. DOE/EPA FuelEconomy.gov,https://www.fueleconomy.gov/feg/Find.do?action=sbs&id=38806&id=38807&id=39382,Automatic (S8),https://images.khmer24.co/26-03-21/volvo-xc60-554804177403227429895078-c.jpg
13688550,Chevrolet Camaro 2019 (ឡានស្អាត),Chevrolet,Camaro,2019,24500,Used,Not reported,"Tuol Kouk, Phnom Penh",Phnom Penh,Sports,Gasoline,2026-07-28,https://www.khmer24.com/en/post-adid-13688550,4 or 6 or 8,2 L or 3.6 L or 6.2 L,16–25 mpg combined (EPA),Usually 2–4; exact model/trim not identified,Exact year/make/model EPA range,"EPA values cover matching U.S.-market configurations. The imported Cambodian trim may use a different engine, transmission, battery, or test cycle.",U.S. DOE/EPA FuelEconomy.gov,https://www.fueleconomy.gov/feg/Find.do?action=sbs&id=40456&id=40457&id=40458,Multiple EPA-listed transmissions,https://images.khmer24.co/26-06-24/chevrolet-camaro-2019--1141793178228374356882160-b.jpg
13660693,Suzuki Fronx,Suzuki,Fronx,2026,31900,New,Not reported,"Krong Battambang, Battambang",Battambang,Sedan,Gasoline,2026-07-28,https://www.khmer24.com/en/post-adid-13660693,Varies by engine; exact trim not identified,Varies by engine; exact trim not identified,Official figure unavailable: seller did not identify the exact engine/trim,Usually 4–5; exact model/trim not identified,Seller did not identify exact configuration,"The marketplace listing lacks enough model, engine, battery, or trim detail for a responsible numeric claim. The card states the limitation instead of inventing data.",Khmer24 listing,https://www.khmer24.com/en/post-adid-13660693,Varies by trim; exact gearbox not identified,https://images.khmer24.co/26-06-17/suzuki-fronx-973326178168987732780428-b.jpg
13423810,"ISUZU big truck 3.5T, year 2023",Isuzu,big truck year,2023,19999,Used,Not reported,"Chamkar Mon, Phnom Penh",Phnom Penh,Sedan,Gasoline,2026-07-28,https://www.khmer24.com/en/post-adid-13423810,Varies by engine; exact trim not identified,Varies by engine; exact trim not identified,Official figure unavailable: seller did not identify the exact engine/trim,Usually 4–5; exact model/trim not identified,Seller did not identify exact configuration,"The marketplace listing lacks enough model, engine, battery, or trim detail for a responsible numeric claim. The card states the limitation instead of inventing data.",Khmer24 listing,https://www.khmer24.com/en/post-adid-13423810,Varies by trim; exact gearbox not identified,https://images.khmer24.co/26-04-21/isuzu-big-truck-3-5t-1251219177676783966696726-b.jpg
13697655,Peugeot 2021 3008,Peugeot,3008,2021,21500,Used,Not reported,"Chrouy Changva, Phnom Penh",Phnom Penh,SUV,Gasoline,2026-07-28,https://www.khmer24.com/en/post-adid-13697655,4,1.6 L turbo gasoline family reference,Up to 12.6 km/L combined (official regional NEDC figure),5,Official manufacturer model-family range,Official regional specifications; earlier model years and imported engines can differ.,Peugeot 3008 official brochure,https://ksa.peugeot.com/content/dam/peugeot/saudi_arabia/brochure/PEUGEOT-Passenger-CAR-Brochure-3008_eng.pdf,6-speed automatic,https://images.khmer24.co/26-06-26/peugeot-2021-3008-162863178245746938556663-b.jpg
13671338,Cadillac Escalade ESV platinum បង់មុន 30% អាចយកឡានជិះបាន,Cadillac,Escalade ESV platinum,2016,63500,Used,Not reported,"Chrouy Changva, Phnom Penh",Phnom Penh,SUV,Gasoline,2026-07-28,https://www.khmer24.com/en/post-adid-13671338,8,6.2 L,17 mpg combined (EPA),Usually 5–8; exact model/trim not identified,Exact year/make/model EPA range,"EPA values cover matching U.S.-market configurations. The imported Cambodian trim may use a different engine, transmission, battery, or test cycle.",U.S. DOE/EPA FuelEconomy.gov,https://www.fueleconomy.gov/feg/Find.do?action=sbs&id=36691&id=36698,Automatic 8-spd,https://images.khmer24.co/26-06-20/cadillac-escalade-esv-platinum-371744178193127663361592-b.jpg
13606740,Geely Geome,Geely,Geome,2025,16800,New,Not reported,"Saensokh, Phnom Penh",Phnom Penh,Sedan,Gasoline,2026-07-28,https://www.khmer24.com/en/post-adid-13606740,Varies by engine; exact trim not identified,Varies by engine; exact trim not identified,Official figure unavailable: seller did not identify the exact engine/trim,Usually 4–5; exact model/trim not identified,Seller did not identify exact configuration,"The marketplace listing lacks enough model, engine, battery, or trim detail for a responsible numeric claim. The card states the limitation instead of inventing data.",Khmer24 listing,https://www.khmer24.com/en/post-adid-13606740,Varies by trim; exact gearbox not identified,https://images.khmer24.co/26-06-04/geely-geome-1236040178055604170937863-b.jpg
13772855,Changan Q07 PHEV 145km 32800$/215km 34800$,Changan,Q07,2025,34800,New,Not reported,"Chbar Ampov, Phnom Penh",Phnom Penh,Sedan,Plug-in Hybrid,2026-07-28,https://www.khmer24.com/en/post-adid-13772855,Varies by engine; exact trim not identified,Varies by engine; exact trim not identified,Official figure unavailable: seller did not identify the exact engine/trim,Usually 4–5; exact model/trim not identified,Seller did not identify exact configuration,"The marketplace listing lacks enough model, engine, battery, or trim detail for a responsible numeric claim. The card states the limitation instead of inventing data.",Khmer24 listing,https://www.khmer24.com/en/post-adid-13772855,Varies by trim; exact gearbox not identified,https://images.khmer24.co/26-07-15/changan-q07-phev-145km-31800-215km-34800--715185178410661045389039-b.jpg
13572494,Leapmotor B10 ឆ្នាំ 2026 global spec Rank 600km,Leapmotor,B10,2026,26888,New,Not reported,"Mean Chey, Phnom Penh",Phnom Penh,Sedan,Electricity,2026-07-28,https://www.khmer24.com/en/post-adid-13572494,N/A (electric),N/A (electric),Seller advertises 600 km range,Usually 4–5; exact model/trim not identified,Seller did not identify exact configuration,"The marketplace listing lacks enough model, engine, battery, or trim detail for a responsible numeric claim. The card states the limitation instead of inventing data.",Khmer24 listing,https://www.khmer24.com/en/post-adid-13572494,Single-speed electric drive,https://images.khmer24.co/26-05-27/leapmotor-b10-2026-global-spec-rank-600km-929196177985451798051783-b.jpg
13244661,DENZA D9 EV 620km Telegram 0965555881,Denza,D9,2025,63800,New,Not reported,"Chbar Ampov, Phnom Penh",Phnom Penh,MPV,Electricity,2026-07-28,https://www.khmer24.com/en/post-adid-13244661,N/A (electric),N/A (electric),Seller advertises 620 km range,Usually 5–11; exact seating layout not identified,Seller did not identify exact configuration,"The marketplace listing lacks enough model, engine, battery, or trim detail for a responsible numeric claim. The card states the limitation instead of inventing data.",Khmer24 listing,https://www.khmer24.com/en/post-adid-13244661,Single-speed electric drive,https://images.khmer24.co/26-03-03/denza-d9-ev-620km-telegram-0965555881-715185177252155070378943-b.jpg
13712054,XPeng P7 Ultra Long Range 820km,XPeng,Ultra Long Range km,2025,46000,New,Not reported,"Chamkar Mon, Phnom Penh",Phnom Penh,Sedan,Electricity,2026-07-28,https://www.khmer24.com/en/post-adid-13712054,N/A (electric),N/A (electric),Seller advertises 820 km range,Usually 4–5; exact model/trim not identified,Seller did not identify exact configuration,"The marketplace listing lacks enough model, engine, battery, or trim detail for a responsible numeric claim. The card states the limitation instead of inventing data.",Khmer24 listing,https://www.khmer24.com/en/post-adid-13712054,Single-speed electric drive,https://images.khmer24.co/26-06-30/xpeng-p7-ultra-long-range-820km-515890178279365510492267-b.jpg
13554143,Zeekr 9X Telegram 0965555881,Zeekr,9X,2025,148000,New,Not reported,"Chbar Ampov, Phnom Penh",Phnom Penh,Sedan,Plug-in Hybrid,2026-07-28,https://www.khmer24.com/en/post-adid-13554143,4,2.0 L turbo gasoline hybrid engine,Up to 380 km CLTC pure-electric range,6,Official manufacturer model-family range,"The 9X is a plug-in hybrid, not a battery-only EV. Official range uses China's CLTC cycle and varies by battery/trim.",ZEEKR 9X official release,https://www.zeekrgroup.com/en/news/202509291,SEA Super Hybrid electric-drive system,https://images.khmer24.co/26-05-22/zeekr-9x-telegram-0965555881-715185177945421875756270-b.jpg
