listing_id,title,make,model,model_year,price_usd,condition,registration,location,province,body_type,fuel_type,observed_at,source_url
13333736,2016 C-COUPÉ AMG PACKAGE FULL OPTION,Mercedes-Benz,C-Class Coupe,2016.0,35500,Used,Tax Paper,"Tuol Kouk, Phnom Penh",Phnom Penh,Coupe,Gasoline,2026-07-26,https://www.khmer24.com/km/2016-c-coup-amg-package-full-option-adid-13333736
13795748,Range Rover Evoque 2016,Land Rover,Range Rover Evoque,2016.0,18000,Used,Plate Number,"Takhmao, Kandal",Kandal,SUV,Not reported,2026-07-26,https://www.khmer24.com/km/range-rover-evoque-2016-adid-13795748
13715137,2026 GN6.PRO company car with 8000 km,GAC,GN6 Pro,2026.0,25000,Used,Plate Number,"Sen Sok, Phnom Penh",Phnom Penh,MPV,Not reported,2026-07-26,https://www.khmer24.com/km/2026-gn6pro-8000km-adid-13715137
13796045,Prius 2012 Option 2 negotiable,Toyota,Prius,2012.0,17100,Used,Tax Paper,"Sen Sok, Phnom Penh",Phnom Penh,Hatchback,Hybrid,2026-07-26,https://www.khmer24.com/km/prius-012-option-2-adid-13796045
13589502,Scion 2004 negotiable,Scion,xB,2004.0,5400,Used,Plate Number,"Ponhea Kraek, Tboung Khmum",Tboung Khmum,Hatchback,Gasoline,2026-07-26,https://www.khmer24.com/km/scion04-5400-adid-13589502
13763152,Avatr 12 Royal Edition 2026,Avatr,12 Royal Edition,2026.0,69500,New,Tax Paper,"Tuol Kouk, Phnom Penh",Phnom Penh,Sedan,Electricity,2026-07-26,https://www.khmer24.com/km/avatr-12-royal-edition-2026-adid-13763152
13803753,Kia Morning 2008 full option,Kia,Morning,2008.0,5350,Used,Plate Number,"Por Sen Chey, Phnom Penh",Phnom Penh,Hatchback,Gasoline,2026-07-26,https://www.khmer24.com/km/morning08full-adid-13803753
13567301,Toyota Prius Plug-in 2012,Toyota,Prius Plug-in,2012.0,14700,Used,Tax Paper,"Mean Chey, Phnom Penh",Phnom Penh,Hatchback,Plug-in Hybrid,2026-07-26,https://www.khmer24.com/km/08082026plgin-012-adid-13567301
13290207,Lexus LS460L 2007,Lexus,LS 460L,2007.0,19999,Used,Plate Number,"Mean Chey, Phnom Penh",Phnom Penh,Sedan,Gasoline,2026-07-26,https://www.khmer24.com/km/ls460l-2007-adid-13290207
13803862,Toyota Tacoma 2001 V6,Toyota,Tacoma,2001.0,9500,Used,Plate Number,"Russey Keo, Phnom Penh",Phnom Penh,Pickup,Gasoline,2026-07-26,https://www.khmer24.com/km/tacoma-01-v6-2-adid-13803862
13697560,Toyota Alphard Executive Lounge 2018,Toyota,Alphard,2018.0,54000,Used,Plate Number,"Tuol Kouk, Phnom Penh",Phnom Penh,MPV,Gasoline,2026-07-26,https://www.khmer24.com/km/alphard-executives-lounge-2018-adid-13697560
13807663,Lexus RX300 2001,Lexus,RX 300,2001.0,11500,Used,Plate Number,"Por Sen Chey, Phnom Penh",Phnom Penh,SUV,Gasoline,2026-07-26,https://www.khmer24.com/km/lexus-rx300-2001-adid-13807663
13790669,MG RX5 2020,MG,RX5,2020.0,19000,Used,Plate Number,"Tuol Kouk, Phnom Penh",Phnom Penh,SUV,Gasoline,2026-07-26,https://www.khmer24.com/km/mg-rx5-2020-adid-13790669
13799118,2018 Lexus NX300 F Sport,Lexus,NX 300 F Sport,2018.0,45000,Used,Plate Number,"Sen Sok, Phnom Penh",Phnom Penh,SUV,Gasoline,2026-07-26,https://www.khmer24.com/km/2018-lexus-nx300-f-sport-full-option-adid-13799118
13759750,Toyota Camry 1997 with gas system,Toyota,Camry,1997.0,5400,Used,Plate Number,"Mongkol Borei, Banteay Meanchey",Banteay Meanchey,Sedan,LPG or Gasoline,2026-07-26,https://www.khmer24.com/km/camry-1997-adid-13759750
13747561,Toyota Land Cruiser GR Sport V6 2022,Toyota,Land Cruiser GR Sport,2022.0,118000,Used,Plate Number,"Angk Snuol, Kandal",Kandal,SUV,Gasoline,2026-07-26,https://www.khmer24.com/km/land-gr-s-v6-2022-adid-13747561
13690563,Lexus LX 2000,Lexus,LX,2000.0,8700,Used,Plate Number,"Mean Chey, Phnom Penh",Phnom Penh,SUV,Gasoline,2026-07-26,https://www.khmer24.com/km/lexus-lx-2000-adid-13690563
13628960,Jetour X95 2022,Jetour,X95,2022.0,28500,Used,Plate Number,"Chbar Ampov, Phnom Penh",Phnom Penh,SUV,Gasoline,2026-07-26,https://www.khmer24.com/km/jetour-x95-2022-adid-13628960
13352941,Ford Ranger Wildtrak 2022,Ford,Ranger Wildtrak,2022.0,42300,Used,Plate Number,"Chroy Changvar, Phnom Penh",Phnom Penh,Pickup,Diesel,2026-07-26,https://www.khmer24.com/km/ford-ranger-wildtrak-2022-42300-adid-13352941
13218946,Ford F-150 Raptor 2021,Ford,F-150 Raptor,2021.0,99000,Used,Plate Number,"Tuol Kouk, Phnom Penh",Phnom Penh,Pickup,Gasoline,2026-07-26,https://www.khmer24.com/km/ford-f-150-raptor-2021-full-opinion-adid-13218946
13809070,Lexus UX 300e 2020 fully electric,Lexus,UX 300e,2020.0,28800,Used,Tax Paper,"Tuol Kouk, Phnom Penh",Phnom Penh,SUV,Electricity,2026-07-26,https://www.khmer24.com/km/lexus-ux-300e-2020-fully-electric-adid-13809070
13799606,Toyota Tacoma 2006 full option,Toyota,Tacoma,2006.0,13500,Used,Plate Number,"Russey Keo, Phnom Penh",Phnom Penh,Pickup,Gasoline,2026-07-26,https://www.khmer24.com/km/tacoma-06-2-full-option-adid-13799606
13793654,Toyota Prius 2012 Option 3,Toyota,Prius,2012.0,15600,Used,Plate Number,"Tuol Kouk, Phnom Penh",Phnom Penh,Hatchback,Hybrid,2026-07-26,https://www.khmer24.com/km/prius-2012-option-3-15600-adid-13793654
13792349,Toyota Land Cruiser 2014 V6,Toyota,Land Cruiser,2014.0,38000,Used,Plate Number,"Boeung Keng Kang, Phnom Penh",Phnom Penh,SUV,Gasoline,2026-07-26,https://www.khmer24.com/km/toyota-land-cruiser-2014-v6-arab-adid-13792349
13787190,Ford Ranger Wildtrak 2022,Ford,Ranger Wildtrak,2022.0,33500,Used,Plate Number,"Mean Chey, Phnom Penh",Phnom Penh,Pickup,Diesel,2026-07-26,https://www.khmer24.com/km/ford-wiltrak-2022-adid-13787190
13764966,Toyota Prius 2013 Option 3,Toyota,Prius,2013.0,17500,Used,Tax Paper,"Por Sen Chey, Phnom Penh",Phnom Penh,Hatchback,Hybrid,2026-07-26,https://www.khmer24.com/km/toyota-prius-2013-op3-adid-13764966
13763369,Range Rover Sport HSE 2011,Land Rover,Range Rover Sport HSE,2011.0,12000,Used,Plate Number,"Sen Sok, Phnom Penh",Phnom Penh,SUV,Gasoline,2026-07-26,https://www.khmer24.com/km/rr-sport-2011-hse-adid-13763369
13759399,Toyota Land Cruiser 2009,Toyota,Land Cruiser,2009.0,34500,Used,Plate Number,"Russey Keo, Phnom Penh",Phnom Penh,SUV,Gasoline,2026-07-26,https://www.khmer24.com/km/land-cruiser-2009-adid-13759399
13269350,Range Rover Sport V6 2018,Land Rover,Range Rover Sport,2018.0,49800,Used,Plate Number,"Chbar Ampov, Phnom Penh",Phnom Penh,SUV,Gasoline,2026-07-26,https://www.khmer24.com/km/2018-range-rover-sport-v6-full-option-adid-13269350
13811777,Jeep Wrangler Rubicon 2020,Jeep,Wrangler Rubicon,2020.0,51500,Used,Tax Paper,"Mean Chey, Phnom Penh",Phnom Penh,SUV,Gasoline,2026-07-26,https://www.khmer24.com/km/jeep-wrangler-rubicon-2020-50000km-adid-13811777
13273721,Kia Morning 2006 full option,Kia,Morning,2006.0,5400,Used,Plate Number,"Russey Keo, Phnom Penh",Phnom Penh,Hatchback,Gasoline,2026-07-26,https://www.khmer24.com/km/kiamoning-06-full-option-adid-13273721
13747303,Toyota Highlander 2002 V6,Toyota,Highlander,2002.0,14800,Used,Plate Number,"Tuol Kouk, Phnom Penh",Phnom Penh,SUV,Gasoline,2026-07-26,https://www.khmer24.com/km/highlander-02-p-1-v-6-adid-13747303
13773197,Toyota Land Cruiser 2013 V6,Toyota,Land Cruiser,2013.0,42000,Used,Plate Number,"Russey Keo, Phnom Penh",Phnom Penh,SUV,Gasoline,2026-07-26,https://www.khmer24.com/km/landcruiser-2013-v6-adid-13773197
13509854,Ford Ranger Wildtrak 2023,Ford,Ranger Wildtrak,2023.0,45000,Used,Plate Number,"Tuol Kouk, Phnom Penh",Phnom Penh,Pickup,Diesel,2026-07-26,https://www.khmer24.com/km/ford-wildtrak-023-adid-13509854
13497409,Toyota Alphard Executive Lounge 2018,Toyota,Alphard,2018.0,53900,Used,Plate Number,"Chamkar Mon, Phnom Penh",Phnom Penh,MPV,Gasoline,2026-07-26,https://www.khmer24.com/km/alphard-018-v6-executive-lounge-adid-13497409
13346191,Toyota Prado Diesel VXL,Toyota,Land Cruiser Prado,,29300,Used,Plate Number,"Mean Chey, Phnom Penh",Phnom Penh,SUV,Diesel,2026-07-26,https://www.khmer24.com/km/toyota-prado-diesel-vxl-for-sale-adid-13346191
13723926,Toyota Camry LE 2002,Toyota,Camry LE,2002.0,5350,Used,Plate Number,"Sen Sok, Phnom Penh",Phnom Penh,Sedan,Gasoline,2026-07-26,https://www.khmer24.com/km/toyota-camry-le-2002-adid-13723926
13769348,Kia Ray 2015,Kia,Ray,2015.0,8850,Used,Tax Paper,"Sen Sok, Phnom Penh",Phnom Penh,Hatchback,Gasoline,2026-07-26,https://www.khmer24.com/km/kia-ray-2015-adid-13769348
13534823,Deepal S05,Deepal,S05,,26500,Used,Plate Number,"Dangkor, Phnom Penh",Phnom Penh,SUV,Electricity,2026-07-28,https://www.khmer24.com/km/deepal-s05-adid-13534823
13753452,MG Marvel R,MG,Marvel R,,23000,Used,Plate Number,"Battambang, Battambang",Battambang,SUV,Electricity,2026-07-28,https://www.khmer24.com/km/mg-marvel-r-adid-13753452
13772425,Deepal S05 Ultra 2026,Deepal,S05 Ultra,2026.0,25800,New,Tax Paper,"Sen Sok, Phnom Penh",Phnom Penh,SUV,Electricity,2026-07-28,https://www.khmer24.com/km/deepal-so5-2026-full-option-ultra-adid-13772425
13661008,Toyota bZ3X 2025 520 km,Toyota,bZ3X,2025.0,32600,New,Tax Paper,"Chroy Changvar, Phnom Penh",Phnom Penh,SUV,Electricity,2026-07-28,https://www.khmer24.com/km/toyota-bz3x-025-520km-adid-13661008
13812115,Toyota bZ3X 2026 520 km,Toyota,bZ3X,2026.0,32800,New,Tax Paper,"Sen Sok, Phnom Penh",Phnom Penh,SUV,Electricity,2026-07-28,https://www.khmer24.com/km/toyota-bz3x-026-full-option-range-520km-adid-13812115
13768999,Honda e:NP2 Advance 2025,Honda,e:NP2 Advance,2025.0,20900,New,Plate Number,"Dangkor, Phnom Penh",Phnom Penh,SUV,Electricity,2026-07-28,https://www.khmer24.com/km/4-2025-honda-enp2-advance-adid-13768999
13795381,GAC Aion i60 650 Advanced Edition,GAC,Aion i60 650,,25000,New,Tax Paper,"Sen Sok, Phnom Penh",Phnom Penh,SUV,Electricity,2026-07-28,https://www.khmer24.com/km/gac-aion-i60650-advanced-edition-adid-13795381
13788156,Tesla Model 3 Dual Motor Performance,Tesla,Model 3 Performance,,21900,Used,Plate Number,"Dangkor, Phnom Penh",Phnom Penh,Sedan,Electricity,2026-07-28,https://www.khmer24.com/km/tesla-model-3-dual-motor-performance-2-awd-adid-13788156
13669621,MINI Cooper JCW Electric 2025,MINI,Cooper JCW Electric,2025.0,37500,Used,Plate Number,"Chroy Changvar, Phnom Penh",Phnom Penh,Hatchback,Electricity,2026-07-28,https://www.khmer24.com/km/mini-cooper-john-works-electric-2025-new-98-adid-13669621
13682685,BYD Seagull electric,BYD,Seagull,,12200,New,Tax Paper,"Sen Sok, Phnom Penh",Phnom Penh,Hatchback,Electricity,2026-07-28,https://www.khmer24.com/km/byd-seagull-12200-adid-13682685
13791061,Honda e:NS2,Honda,e:NS2,,20000,Used,Plate Number,"Daun Penh, Phnom Penh",Phnom Penh,SUV,Electricity,2026-07-28,https://www.khmer24.com/km/honda-ens2-adid-13791061
13523769,Qiyuan A06 630 km Ultra,Qiyuan,A06 Ultra,,25900,New,Tax Paper,"Sen Sok, Phnom Penh",Phnom Penh,Sedan,Electricity,2026-07-28,https://www.khmer24.com/km/qiyuan-a06-630km-ultra-adid-13523769
13744819,Dongfeng L7 EV 518 km,Dongfeng,L7 EV,,18900,New,Tax Paper,"Chroy Changvar, Phnom Penh",Phnom Penh,Sedan,Electricity,2026-07-28,https://www.khmer24.com/km/18900-l7-518dongfeng-l7-ev-518km-adid-13744819
13564754,Avatr 11 Special Edition,Avatr,11 Special Edition,,47000,New,Tax Paper,"Russey Keo, Phnom Penh",Phnom Penh,SUV,Electricity,2026-07-28,https://www.khmer24.com/km/avatr-11-special-edition-adid-13564754
13780979,Lexus NX200t F sport ប៉ុង2,Lexus,NX,2016.0,38000,Used,Not reported,"Saensokh, Phnom Penh",Phnom Penh,SUV,Gasoline,2026-07-28,https://www.khmer24.com/en/post-adid-13780979
13791703,ឡានលក់ Macerdes Benz C300 couper ឆ្នាំផលិត 2017 ម្ចាស់ដើមផ្ទាល់ Telegram 077 666140,Mercedes-Benz,C-Class,2017.0,29000,Used,Not reported,"Chrouy Changva, Phnom Penh",Phnom Penh,Coupe,Gasoline,2026-07-28,https://www.khmer24.com/en/post-adid-13791703
13466891,BMW 4 series Convertible 2015,BMW,4 Series,2015.0,22900,Used,Not reported,"Boeng Keng Kang, Phnom Penh",Phnom Penh,Convertible,Gasoline,2026-07-28,https://www.khmer24.com/en/post-adid-13466891
13495739,Porsche Cayenne S hybrid 2011,Porsche,Cayenne,2011.0,13500,Used,Not reported,"Kamboul, Phnom Penh",Phnom Penh,SUV,Hybrid,2026-07-28,https://www.khmer24.com/en/post-adid-13495739
13802569,BMW iX3 2023 Facelift Pioneer Edition,BMW,iX3,2023.0,47800,Used,Not reported,"Saensokh, Phnom Penh",Phnom Penh,Sedan,Electricity,2026-07-28,https://www.khmer24.com/en/post-adid-13802569
13688622,Mercedes AMG GTS 2016,Mercedes-Benz,Mercedes AMG GTS,2016.0,119000,Used,Not reported,"Saensokh, Phnom Penh",Phnom Penh,Sports,Gasoline,2026-07-28,https://www.khmer24.com/en/post-adid-13688622
13756522,Toyota_Prius2007 ក្រហម នឹង ប្រផេះលក់,Toyota,Prius,2007.0,12825,Used,Not reported,"Mean Chey, Phnom Penh",Phnom Penh,Hatchback,Hybrid,2026-07-28,https://www.khmer24.com/en/post-adid-13756522
13733961,LEXUS RX300ឆ្នាំ02លក់ធូរៗ,Lexus,RX,2002.0,9850,Used,Not reported,"Por Senchey, Phnom Penh",Phnom Penh,SUV,Gasoline,2026-07-28,https://www.khmer24.com/en/post-adid-13733961
13701199,Honda H-Starex White 2023 ម្ចាស់ដើម,Honda,Starex,2023.0,38000,Used,Not reported,"Chbar Ampov, Phnom Penh",Phnom Penh,Sedan,Gasoline,2026-07-28,https://www.khmer24.com/en/post-adid-13701199
13583824,"Ford Ranger Sport 3.0L​ 48,900$ ម៉ាស៊ីន6 មានស្តុកភ្លា​ម",Ford,Ranger,2026.0,48900,New,Not reported,"Chamkar Mon, Phnom Penh",Phnom Penh,Pickup,Gasoline,2026-07-28,https://www.khmer24.com/en/post-adid-13583824
13573543,Kia Ray 2016 FullOption គីឡូហ្សុីន,Kia,Ray,2016.0,10500,Used,Not reported,"Mean Chey, Phnom Penh",Phnom Penh,Hatchback,Gasoline,2026-07-28,https://www.khmer24.com/en/post-adid-13573543
13680054,Mazda eplipse 2018 full BT-50,Mazda,BT-50,2018.0,27999,Used,Not reported,"Tuol Kouk, Phnom Penh",Phnom Penh,Sedan,Gasoline,2026-07-28,https://www.khmer24.com/en/post-adid-13680054
13605676,Hyundai STARIA Lounge,Hyundai,Staria,2025.0,56400,New,Not reported,"Krong Siem Reab, Siem Reap",Siem Reap,MPV,Gasoline,2026-07-28,https://www.khmer24.com/en/post-adid-13605676
13446995,"Nissan ZNA Z9 ឡានខ្លាញ់គោល 37,900$ចរចា😍💥",Nissan,Z9,2026.0,37800,New,Not reported,"Chrouy Changva, Phnom Penh",Phnom Penh,Sedan,Gasoline,2026-07-28,https://www.khmer24.com/en/post-adid-13446995
13615616,Selling my own SUV that I'm not using,Not identified,Selling my own SUV,2006.0,23000,Used,Not reported,"Saensokh, Phnom Penh",Phnom Penh,SUV,Gasoline,2026-07-28,https://www.khmer24.com/en/post-adid-13615616
13639541,Chery-皮卡车Pickup truck,Not identified,Chery- Pickup truck,2026.0,36800,New,Not reported,"Chrouy Changva, Phnom Penh",Phnom Penh,Pickup,Gasoline,2026-07-28,https://www.khmer24.com/en/post-adid-13639541
13756222,Highlander04 ប៉ុង1 ម៉ាសុីនកៅអី3ជួរ,Not identified,Highlander,2004.0,16000,Used,Not reported,"Krong Siem Reab, Siem Reap",Siem Reap,SUV,Gasoline,2026-07-28,https://www.khmer24.com/en/post-adid-13756222
13207042,2013 Hybrid តំលៃធូ ផែនឡានGrade A ធានាឡានស្អាត,Not identified,Hybrid Grade,2013.0,25200,Used,Not reported,"Ruessei Kaev, Phnom Penh",Phnom Penh,Sedan,Hybrid,2026-07-28,https://www.khmer24.com/en/post-adid-13207042
13678683,BYD E3 2022 401km Leading Edition | EV Sedan | Good Condition🚗⚡,BYD,e3,2022.0,12800,Used,Not reported,"Saensokh, Phnom Penh",Phnom Penh,Sedan,Electricity,2026-07-28,https://www.khmer24.com/en/post-adid-13678683
13729051,Mazda 2 Hatchback 2020ធានាម៉ាសុីនរអប់លេខរយះពេល1ខែប្ទឹកថ្នាំសុីនម៉ាជុំឯកសារម្ចាស់ដើម,Mazda,Mazda2,2020.0,17900,Used,Not reported,"Saensokh, Phnom Penh",Phnom Penh,Hatchback,Gasoline,2026-07-28,https://www.khmer24.com/en/post-adid-13729051
13587325,Model: Toyota Alphard MPV Minivan,Toyota,Alphard,2015.0,39999,Used,Not reported,"Tuol Kouk, Phnom Penh",Phnom Penh,MPV,Gasoline,2026-07-28,https://www.khmer24.com/en/post-adid-13587325
13777483,BYD YUAN PLUS option Max,BYD,Atto 3,2024.0,18800,Used,Not reported,"Chrouy Changva, Phnom Penh",Phnom Penh,Sedan,Electricity,2026-07-28,https://www.khmer24.com/en/post-adid-13777483
13809866,Lexus Nx200t F-Sports 2017 5ប៊ូតុង​ គុជ​3 ប៉ុង2 ក្នុង​ឈឺរី🍒,Lexus,NX,2017.0,42900,Used,Not reported,"Prampir Meakkakra, Phnom Penh",Phnom Penh,SUV,Gasoline,2026-07-28,https://www.khmer24.com/en/post-adid-13809866
13683098,BMW G87 Coupe 2024,BMW,Model not identified,2024.0,129500,Used,Not reported,"Por Senchey, Phnom Penh",Phnom Penh,Coupe,Gasoline,2026-07-28,https://www.khmer24.com/en/post-adid-13683098
13770985,ឡានស្អាត មិនចង់ទុកចោល លក់ធូរហើយ convertible sport car BMW Z4 for,BMW,Z4,2014.0,26900,Used,Not reported,"Chamkar Mon, Phnom Penh",Phnom Penh,Convertible,Gasoline,2026-07-28,https://www.khmer24.com/en/post-adid-13770985
13724770,Porsche Panamera 2.9 AWD 2023,Porsche,Panamera,2023.0,163000,Used,Not reported,"Por Senchey, Phnom Penh",Phnom Penh,Sedan,Gasoline,2026-07-28,https://www.khmer24.com/en/post-adid-13724770
13692243,BMW X4 2015 ឡានម្ចាស់ផ្ទាល់ទិញពីក្រុមហ៊ុន,BMW,X4,2015.0,20500,Used,Not reported,"Chbar Ampov, Phnom Penh",Phnom Penh,Sedan,Gasoline,2026-07-28,https://www.khmer24.com/en/post-adid-13692243
13479322,Mercedes AMG GTS  Full Carbon 2016,Mercedes-Benz,Mercedes AMG GTS Carbon,2016.0,108000,Used,Not reported,"Tuol Kouk, Phnom Penh",Phnom Penh,Sports,Gasoline,2026-07-28,https://www.khmer24.com/en/post-adid-13479322
13497382,Toyota,Toyota,Model not identified,2007.0,13500,Used,Not reported,"Chamkar Mon, Phnom Penh",Phnom Penh,Sedan,Gasoline,2026-07-28,https://www.khmer24.com/en/post-adid-13497382
13556803,Lexus 300 ប៉ុង1 ឆ្នាំ 00 ម៉ាញ៉ែត MC 11900,Lexus,MC,2000.0,11900,Used,Not reported,"Sangkae, Battambang",Battambang,Sedan,Gasoline,2026-07-28,https://www.khmer24.com/en/post-adid-13556803
13559197,ដំណឹងលក់ឡានស្អាត Honda CR-V ឆ្នាំ03 បើកដំបូល​មាន(ABS),Honda,CR-V,2003.0,7700,Used,Not reported,"Por Senchey, Phnom Penh",Phnom Penh,SUV,Gasoline,2026-07-28,https://www.khmer24.com/en/post-adid-13559197
13756063,Ford EcoSport 021,Ford,EcoSport,2021.0,16700,Used,Not reported,"Por Senchey, Phnom Penh",Phnom Penh,Sedan,Gasoline,2026-07-28,https://www.khmer24.com/en/post-adid-13756063
13637347,"🔥 KIA CARNIVAL 2016 HIGH OPTION – $22,500 🔥",Kia,Carnival,2016.0,22500,Used,Not reported,"Saensokh, Phnom Penh",Phnom Penh,MPV,Gasoline,2026-07-28,https://www.khmer24.com/en/post-adid-13637347
13764129,Mazda 2020 3.2L,Mazda,Model not identified,2020.0,28800,Used,Not reported,"Saensokh, Phnom Penh",Phnom Penh,Sedan,Gasoline,2026-07-28,https://www.khmer24.com/en/post-adid-13764129
13543470,Hyundai Staria lounge,Hyundai,Staria,2025.0,56400,New,Not reported,"Doun Penh, Phnom Penh",Phnom Penh,MPV,Gasoline,2026-07-28,https://www.khmer24.com/en/post-adid-13543470
13785425,Nissan frontier 02 តម្លៃ 60ចរចា,Nissan,frontier,2002.0,6000,Used,Not reported,"Paoy Paet, Banteay Meanchey",Banteay Meanchey,Sedan,Gasoline,2026-07-28,https://www.khmer24.com/en/post-adid-13785425
13387850,Lexus NX200T SUV,Lexus,NX,2015.0,28800,Used,Not reported,"Chrouy Changva, Phnom Penh",Phnom Penh,SUV,Gasoline,2026-07-28,https://www.khmer24.com/en/post-adid-13387850
13731786,☺️ Nissan Pickup 1993 ឆ្វេងស៊ីន អូតូ ប៉ុង1 ម៉ាស៊ូត #តម្លៃ6000ដុល្លារ (ប្រភេទឡានស្អាត),Nissan,Model not identified,1993.0,6000,Used,Not reported,"Krong Battambang, Battambang",Battambang,Pickup,Gasoline,2026-07-28,https://www.khmer24.com/en/post-adid-13731786
13652885,ឡានខ្ញុំជិះផ្ទាល់,Not identified,Model not identified,2023.0,21500,Used,Not reported,"Dangkao, Phnom Penh",Phnom Penh,Sedan,Gasoline,2026-07-28,https://www.khmer24.com/en/post-adid-13652885
13525255,ម្ចាស់លក់ប្រញ៉ាប់ 013 plugin hybrid,Not identified,plugin hybrid,2013.0,16800,Used,Not reported,"Dangkao, Phnom Penh",Phnom Penh,Sedan,Plug-in Hybrid,2026-07-28,https://www.khmer24.com/en/post-adid-13525255
13342873,2015 Mercedes-Maybach S400 Luxury Sedan,Mercedes-Benz,S-Class,2015.0,90000,Used,Not reported,"Tuol Kouk, Phnom Penh",Phnom Penh,Sedan,Gasoline,2026-07-28,https://www.khmer24.com/en/post-adid-13342873
13613257,Toyota Yaris Hatchback for sale,Toyota,Yaris Hatchback,2010.0,12000,Used,Not reported,"Krong Siem Reab, Siem Reap",Siem Reap,Hatchback,Gasoline,2026-07-28,https://www.khmer24.com/en/post-adid-13613257
13734601,Stargazer 2026 MPV 7កៅអី,Not identified,Stargazer MPV,2026.0,29900,New,Not reported,"Doun Penh, Phnom Penh",Phnom Penh,MPV,Gasoline,2026-07-28,https://www.khmer24.com/en/post-adid-13734601
13603328,BYD QIN L,BYD,Qin L,2024.0,21000,Used,Not reported,"Chamkar Mon, Phnom Penh",Phnom Penh,Sedan,Gasoline,2026-07-28,https://www.khmer24.com/en/post-adid-13603328
13701698,Lexus NX 200t F Sport 2015,Lexus,NX,2015.0,34000,Used,Not reported,"Dangkao, Phnom Penh",Phnom Penh,SUV,Gasoline,2026-07-28,https://www.khmer24.com/en/post-adid-13701698
13618515,Mercedes C coupe 2016 Up 2023,Mercedes-Benz,Mercedes coupe Up,2023.0,39000,Used,Not reported,"Tuol Kouk, Phnom Penh",Phnom Penh,Coupe,Gasoline,2026-07-28,https://www.khmer24.com/en/post-adid-13618515
13798870,Mercedes-Benz C300 Convertible,Mercedes-Benz,C-Class,2017.0,48800,Used,Not reported,"Saensokh, Phnom Penh",Phnom Penh,Convertible,Gasoline,2026-07-28,https://www.khmer24.com/en/post-adid-13798870
13740886,Porsche GT3 RS 2016,Porsche,911 GT3 RS,2016.0,273000,Used,Not reported,"Por Senchey, Phnom Penh",Phnom Penh,Sports,Gasoline,2026-07-28,https://www.khmer24.com/en/post-adid-13740886
13586281,BMW X4 ថ្នាំសុីនមួយជុំ,BMW,X4,2014.0,19500,Used,Not reported,"Saensokh, Phnom Penh",Phnom Penh,Sedan,Gasoline,2026-07-28,https://www.khmer24.com/en/post-adid-13586281
13453340,Mercedes AMG GT Black Series,Mercedes-Benz,AMG GT,2015.0,185000,Used,Not reported,"Chamkar Mon, Phnom Penh",Phnom Penh,Sports,Gasoline,2026-07-28,https://www.khmer24.com/en/post-adid-13453340
13340806,Toyota prius DeLuxe Solar year 2014,Toyota,Prius,2014.0,19700,Used,Not reported,"Prampir Meakkakra, Phnom Penh",Phnom Penh,Hatchback,Hybrid,2026-07-28,https://www.khmer24.com/en/post-adid-13340806
13747778,Lexus RX330 P1 ឡានម្ចាស់ដេីម​ អត់បុកឬប៉ះ​ អាចរំលស់ផ្ទាល់ជាមួយឃ្លាំងបាន25ខេត្ត​ក្រុង​,Lexus,RX,2004.0,18000,Used,Not reported,"Dangkao, Phnom Penh",Phnom Penh,SUV,Gasoline,2026-07-28,https://www.khmer24.com/en/post-adid-13747778
13740572,HONDA eNS2 EV 2025,Honda,e:N Series,2025.0,23500,New,Not reported,"Saensokh, Phnom Penh",Phnom Penh,Sedan,Electricity,2026-07-28,https://www.khmer24.com/en/post-adid-13740572
13583364,Ford Ranger Sport 2.0L ម៉ាស៊ីន4ម៉ាស៊ូត,Ford,Ranger,2026.0,44900,New,Not reported,"Chamkar Mon, Phnom Penh",Phnom Penh,Pickup,Gasoline,2026-07-28,https://www.khmer24.com/en/post-adid-13583364
13738123,KIA Ray 2014 ស្មាតឃី ឡានថ្មី 9000$,Kia,Ray,2014.0,9000,Used,Not reported,"Por Senchey, Phnom Penh",Phnom Penh,Hatchback,Gasoline,2026-07-28,https://www.khmer24.com/en/post-adid-13738123
13761696,Mazda BT50Pro 2015 ម្ចាស់ដើម,Mazda,BT Pro,2015.0,23900,Used,Not reported,"Saensokh, Phnom Penh",Phnom Penh,Sedan,Gasoline,2026-07-28,https://www.khmer24.com/en/post-adid-13761696
13753416,Hyundai Palisade Calligraphy 2026,Hyundai,Palisade,2026.0,84900,New,Not reported,"Doun Penh, Phnom Penh",Phnom Penh,SUV,Gasoline,2026-07-28,https://www.khmer24.com/en/post-adid-13753416
13791922,ឡានលក់ Nissan frontier,Nissan,frontier,2006.0,11500,Used,Not reported,"Por Senchey, Phnom Penh",Phnom Penh,Sedan,Gasoline,2026-07-28,https://www.khmer24.com/en/post-adid-13791922
13801684,Gelly M9 អគ្គីសនី+សាំង SUV 6កៅអី,Not identified,Gelly SUV,2025.0,58800,New,Not reported,"Por Senchey, Phnom Penh",Phnom Penh,SUV,Gasoline,2026-07-28,https://www.khmer24.com/en/post-adid-13801684
13712092,Best Pickup!,Not identified,Best Pickup,2026.0,34500,New,Not reported,"Chbar Ampov, Phnom Penh",Phnom Penh,Pickup,Gasoline,2026-07-28,https://www.khmer24.com/en/post-adid-13712092
13635474,ឡានអ្នកប្រើ,Not identified,Model not identified,2000.0,4850,Used,Not reported,"Krong Kracheh, Kratie",Kratie,Sedan,Gasoline,2026-07-28,https://www.khmer24.com/en/post-adid-13635474
13207115,Alphard 2018 Hybrid Full option ឡេីងគ្រឿងឆ្វេងសុីន,Toyota,Alphard,2018.0,59800,Used,Not reported,"Ruessei Kaev, Phnom Penh",Phnom Penh,MPV,Hybrid,2026-07-28,https://www.khmer24.com/en/post-adid-13207115
13646359,Ford Fiesta Sedan 2015,Ford,Fiesta Sedan,2015.0,8500,Used,Not reported,"Prampir Meakkakra, Phnom Penh",Phnom Penh,Sedan,Gasoline,2026-07-28,https://www.khmer24.com/en/post-adid-13646359
13799011,Mazda 2  2017 ឡានស្អាត full option (Hatchback) តំលៃ 13500$ចចារ,Mazda,Mazda2,2017.0,13500,Used,Not reported,"Ruessei Kaev, Phnom Penh",Phnom Penh,Hatchback,Gasoline,2026-07-28,https://www.khmer24.com/en/post-adid-13799011
13627075,GAC M6Pro 2026  MPV 7 Seat,GAC,M6 Pro,2025.0,20800,New,Not reported,"Chrouy Changva, Phnom Penh",Phnom Penh,MPV,Gasoline,2026-07-28,https://www.khmer24.com/en/post-adid-13627075
13679904,🪄 BYD Seagull range 300km ជាង,BYD,Seagull,2025.0,12200,New,Not reported,"Saensokh, Phnom Penh",Phnom Penh,Hatchback,Electricity,2026-07-28,https://www.khmer24.com/en/post-adid-13679904
13793534,LEXUS NX 200t ឆ្នាំ2015 F-Sport គុជ3ហ្សុីន 4ប៊ូតុង តម្លៃ31000$ចចារ,Lexus,NX,2015.0,31000,Used,Not reported,"Ta Khmau, Kandal",Kandal,SUV,Gasoline,2026-07-28,https://www.khmer24.com/en/post-adid-13793534
13735348,BMW G42 M240i xDrive Coupe 2024,BMW,M240i,2024.0,96700,Used,Not reported,"Por Senchey, Phnom Penh",Phnom Penh,Coupe,Gasoline,2026-07-28,https://www.khmer24.com/en/post-adid-13735348
13797477,2021 Lexus LC500 Convertible V8 5.0L តម្លៃ 129999$ លក់ប្រញ៉ាប់ខ្លាំង,Lexus,LC Convertible,2021.0,129999,Used,Not reported,"Dangkao, Phnom Penh",Phnom Penh,Convertible,Gasoline,2026-07-28,https://www.khmer24.com/en/post-adid-13797477
13523174,Porsche Panamera 4S Executive lounge,Porsche,Panamera,2014.0,48000,Used,Not reported,"Tuol Kouk, Phnom Penh",Phnom Penh,Sedan,Gasoline,2026-07-28,https://www.khmer24.com/en/post-adid-13523174
13493570,BMW EV,BMW,EV,2024.0,39800,New,Not reported,"Saensokh, Phnom Penh",Phnom Penh,Sedan,Electricity,2026-07-28,https://www.khmer24.com/en/post-adid-13493570
13796015,Mercedes CLA45 AMG Edition,Mercedes-Benz,CLA-Class,2020.0,79000,Used,Not reported,"Prampir Meakkakra, Phnom Penh",Phnom Penh,Sports,Gasoline,2026-07-28,https://www.khmer24.com/en/post-adid-13796015
13597221,TOYOTA prius 2008 FULL option,Toyota,Prius,2008.0,13000,Used,Not reported,"Por Senchey, Phnom Penh",Phnom Penh,Hatchback,Hybrid,2026-07-28,https://www.khmer24.com/en/post-adid-13597221
13455264,Lexus RX 300 2002 ប៉ុង1 ពណ៏ទឹកមាសថ្មីអស់ទាស់,Lexus,RX,2002.0,11900,Used,Not reported,"Krong Kampong Cham, Kampong Cham",Kampong Cham,SUV,Gasoline,2026-07-28,https://www.khmer24.com/en/post-adid-13455264
13474852,Honda ENP2 តម្លៃពិសេស,Honda,e:N Series,2025.0,25800,New,Not reported,"Saensokh, Phnom Penh",Phnom Penh,Sedan,Electricity,2026-07-28,https://www.khmer24.com/en/post-adid-13474852
13658212,Ford Wildtrack 2019,Ford,Wildtrack,2019.0,33000,Used,Not reported,"Por Senchey, Phnom Penh",Phnom Penh,Sedan,Gasoline,2026-07-28,https://www.khmer24.com/en/post-adid-13658212
13610819,🚗 លក់ Kia Carnival / Sedona ពណ៌ខ្មៅ ស្អាតខ្លាំង 🚗,Kia,Carnival,2015.0,17500,Used,Not reported,"Dangkao, Phnom Penh",Phnom Penh,MPV,Gasoline,2026-07-28,https://www.khmer24.com/en/post-adid-13610819
13776372,Mazda BT50 Thunder 2021 លក់ 3xxxx ចរចា,Mazda,BT-50,2021.0,30000,Used,Not reported,"Mean Chey, Phnom Penh",Phnom Penh,Sedan,Gasoline,2026-07-28,https://www.khmer24.com/en/post-adid-13776372
13680285,Hyundai Santa Fe សម្រាប់លក់,Hyundai,Santa Fe,2020.0,32900,Used,Not reported,"Boeng Keng Kang, Phnom Penh",Phnom Penh,SUV,Gasoline,2026-07-28,https://www.khmer24.com/en/post-adid-13680285
13738632,ឡានលក់ Nissan 2006,Nissan,Model not identified,2026.0,11300,Used,Not reported,"Tuol Kouk, Phnom Penh",Phnom Penh,Sedan,Gasoline,2026-07-28,https://www.khmer24.com/en/post-adid-13738632
13761744,"2025 Geely SUV, only 5000km on the odometer, brand new condition.",Geely,SUV only km on,2025.0,18800,Used,Not reported,"Saensokh, Phnom Penh",Phnom Penh,SUV,Gasoline,2026-07-28,https://www.khmer24.com/en/post-adid-13761744
13656879,Nissan ZNA Z9 GT Pickup 2026,Nissan,Z9,2026.0,35800,New,Not reported,"Saensokh, Phnom Penh",Phnom Penh,Pickup,Gasoline,2026-07-28,https://www.khmer24.com/en/post-adid-13656879
13781256,ឡានលក់ឡានស្អាតអត់បុកប៉ះឆ្នាំ04 ឡានថ្មីអត់ពុកច្រេះធានាថ្មី,Not identified,Model not identified,2004.0,3650,Used,Not reported,"Krong Siem Reab, Siem Reap",Siem Reap,Sedan,Gasoline,2026-07-28,https://www.khmer24.com/en/post-adid-13781256
13224374,Alphard 2017 Hybrid Upgrade 2021,Toyota,Alphard,2017.0,35000,Used,Not reported,"Prampir Meakkakra, Phnom Penh",Phnom Penh,MPV,Hybrid,2026-07-28,https://www.khmer24.com/en/post-adid-13224374
13672321,BMW G90 M5 Sedan 2025,BMW,M5,2025.0,257500,Used,Not reported,"Por Senchey, Phnom Penh",Phnom Penh,Sedan,Gasoline,2026-07-28,https://www.khmer24.com/en/post-adid-13672321
13647545,ឆ្នាំ09  តម្លៃ12xxx$,Not identified,xxx,2007.0,12200,Used,Not reported,"Saensokh, Phnom Penh",Phnom Penh,Hatchback,Gasoline,2026-07-28,https://www.khmer24.com/en/post-adid-13647545
13753434,Hyundai Custin 2025 MPV 7seats,Hyundai,Custin,2025.0,39900,New,Not reported,"Doun Penh, Phnom Penh",Phnom Penh,MPV,Gasoline,2026-07-28,https://www.khmer24.com/en/post-adid-13753434
13353228,"BYD XIA DMI（Fulloption) 7x,xxxx🔥",BYD,Xia,2025.0,67800,New,Not reported,"Saensokh, Phnom Penh",Phnom Penh,Sedan,Plug-in Hybrid,2026-07-28,https://www.khmer24.com/en/post-adid-13353228
13743269,Land Rover Discovery Sport 2015,Land Rover,Discovery Sport,2015.0,17800,Used,Not reported,"Tuol Kouk, Phnom Penh",Phnom Penh,SUV,Gasoline,2026-07-28,https://www.khmer24.com/en/post-adid-13743269
13649810,Mercedes Benz C300 coupeឆ្នាំ2017 Options ពិសេស,Mercedes-Benz,C-Class,2017.0,44500,Used,Not reported,"Tuol Kouk, Phnom Penh",Phnom Penh,Coupe,Gasoline,2026-07-28,https://www.khmer24.com/en/post-adid-13649810
13804731,Mercedes-Benz C300 Convertible  YEARS : 2017,Mercedes-Benz,C-Class,2017.0,38798,Used,Not reported,"Saensokh, Phnom Penh",Phnom Penh,Convertible,Gasoline,2026-07-28,https://www.khmer24.com/en/post-adid-13804731
13580890,ស្តុកថ្មី 🚗 porsche cayenne ឆ្នាំ012 ឡានមូលអត់បុកអត់ប៉ះ ម៉ៃតិច option ខ្ពស់ ក្នុងលឿង,Porsche,Cayenne,2012.0,16500,Used,Not reported,"Ta Khmau, Kandal",Kandal,SUV,Gasoline,2026-07-28,https://www.khmer24.com/en/post-adid-13580890
13730021,Bmw i8 good price,BMW,i8,2014.0,29500,Used,Not reported,"Saensokh, Phnom Penh",Phnom Penh,Sedan,Gasoline,2026-07-28,https://www.khmer24.com/en/post-adid-13730021
13781127,Mercedes CLA 45 AMG 2015,Mercedes-Benz,CLA-Class,2015.0,32000,Used,Not reported,"Boeng Keng Kang, Phnom Penh",Phnom Penh,Sports,Gasoline,2026-07-28,https://www.khmer24.com/en/post-adid-13781127
13395053,Toyota Alphard 2015 Spec ជប៉ុន🇯🇵🌟ស៊ាំងសុទ្ធប៉ុងពីរ,Toyota,Alphard,2015.0,38000,Used,Not reported,"Tuol Kouk, Phnom Penh",Phnom Penh,MPV,Gasoline,2026-07-28,https://www.khmer24.com/en/post-adid-13395053
13558775,Lexus 2003,Lexus,Model not identified,2003.0,11900,Used,Not reported,"Saensokh, Phnom Penh",Phnom Penh,Sedan,Gasoline,2026-07-28,https://www.khmer24.com/en/post-adid-13558775
13474879,Honda enp2 តម្លៃពិសេស,Honda,e:N Series,2025.0,25800,New,Not reported,"Saensokh, Phnom Penh",Phnom Penh,Sedan,Electricity,2026-07-28,https://www.khmer24.com/en/post-adid-13474879
13739092,Ford Waltrack 2021 Bi Tubo 2.0 ឡានម្ចាស់ដើម អត់បុក អត់បាញ់ថ្នាំ,Ford,Waltrack Bi Tubo,2021.0,35500,Used,Not reported,"Chamkar Mon, Phnom Penh",Phnom Penh,Sedan,Gasoline,2026-07-28,https://www.khmer24.com/en/post-adid-13739092
13431095,លក់ រឺ វ៉ៃដូរ 2019 Kia Carnival Full Option 25800$ free កាត់ឈ្មោះ,Kia,Carnival,2019.0,25800,Used,Not reported,"Tuol Kouk, Phnom Penh",Phnom Penh,MPV,Gasoline,2026-07-28,https://www.khmer24.com/en/post-adid-13431095
13698791,Mazda EZ 60 option3,Mazda,EZ-60,2025.0,33200,Used,Not reported,"Boeng Keng Kang, Phnom Penh",Phnom Penh,Sedan,Gasoline,2026-07-28,https://www.khmer24.com/en/post-adid-13698791
13523933,Hyundai CUSTIN,Hyundai,Custin,2025.0,40400,New,Not reported,"Krong Siem Reab, Siem Reap",Siem Reap,Sedan,Gasoline,2026-07-28,https://www.khmer24.com/en/post-adid-13523933
13612537,NISSAN FRONTIER 2008 V6 P2,Nissan,FRONTIER,2008.0,12500,Used,Not reported,"Por Senchey, Phnom Penh",Phnom Penh,Sedan,Gasoline,2026-07-28,https://www.khmer24.com/en/post-adid-13612537
13819053,រថយន្តអគ្គីសនី+សាំង ទំហំធំ SUV ទំនើប ស្អាត តំលៃល្អ ចាប់ពី បីមុឺនស្ដើង 🚘2026 CHANGAN NEVO Q07,Changan,Q07,2026.0,34567,New,Not reported,"Saensokh, Phnom Penh",Phnom Penh,SUV,Gasoline,2026-07-28,https://www.khmer24.com/en/post-adid-13819053
13756983,Chery -pickup 皮卡,Not identified,Chery pickup,2026.0,36800,New,Not reported,"Chrouy Changva, Phnom Penh",Phnom Penh,Pickup,Gasoline,2026-07-28,https://www.khmer24.com/en/post-adid-13756983
13757631,ឡានលក់ 17500 ម៉ាសុីនស្អាតមិនដែលបុកប៉ះ(ឯកសារគ្រប់),Not identified,Model not identified,2022.0,17500,Used,Not reported,"Chrouy Changva, Phnom Penh",Phnom Penh,Sedan,Gasoline,2026-07-28,https://www.khmer24.com/en/post-adid-13757631
13744340,Camry hybrid ខួប50ឆ្នាំឡានស្អាតតម្លៃចចារតិចតួចលេខទំនាក់ទំនង0965277462,Toyota,Camry,2007.0,16800,Used,Not reported,"Mean Chey, Phnom Penh",Phnom Penh,Sedan,Hybrid,2026-07-28,https://www.khmer24.com/en/post-adid-13744340
13647935,Mazda2 2021 2CM PP sedan,Not identified,Mazda2,2021.0,17000,Used,Not reported,"Chrouy Changva, Phnom Penh",Phnom Penh,Hatchback,Gasoline,2026-07-28,https://www.khmer24.com/en/post-adid-13647935
13590875,ឡានស្អាត,Not identified,Model not identified,2012.0,16500,Used,Not reported,"Por Senchey, Phnom Penh",Phnom Penh,Hatchback,Gasoline,2026-07-28,https://www.khmer24.com/en/post-adid-13590875
13423803,GAC​​ GN8 2026 Luxury MPV កំពុងពេញនិយម មកដល់ហើយ!!!!,GAC,GN8,2026.0,60500,New,Not reported,"Saensokh, Phnom Penh",Phnom Penh,MPV,Gasoline,2026-07-28,https://www.khmer24.com/en/post-adid-13423803
13789595,BYD Ti7 2WD and 4WD,BYD,Ti WD and WD,2026.0,44800,New,Not reported,"Saensokh, Phnom Penh",Phnom Penh,Sedan,Gasoline,2026-07-28,https://www.khmer24.com/en/post-adid-13789595
13760398,Lexus nx 200t F-sport 2016 គុជ3ហ្សុីន 6បេតុង ប៉ុង2 ក្នុង🍒🍒🍒,Lexus,NX,2016.0,38900,Used,Not reported,"Tuol Kouk, Phnom Penh",Phnom Penh,SUV,Gasoline,2026-07-28,https://www.khmer24.com/en/post-adid-13760398
13766785,C300 coupe 2017 AMG 🔥,Mercedes-Benz,C-Class,2017.0,36800,Used,Not reported,"Tuol Kouk, Phnom Penh",Phnom Penh,Sports,Gasoline,2026-07-28,https://www.khmer24.com/en/post-adid-13766785
13661292,Ford Mustang 2017 convertible Option,Ford,Mustang,2017.0,23500,Used,Not reported,"Ruessei Kaev, Phnom Penh",Phnom Penh,Convertible,Gasoline,2026-07-28,https://www.khmer24.com/en/post-adid-13661292
13353262,Rare Porsche 911 Turbo S (991.1) Cabriolet - only 46000kms - US report Carfax available,Porsche,911,2015.0,155000,Used,Not reported,"Chrouy Changva, Phnom Penh",Phnom Penh,Convertible,Gasoline,2026-07-28,https://www.khmer24.com/en/post-adid-13353262
13564496,BMW 528i 2013 Upgrade To M5,BMW,M5,2013.0,22000,Used,Not reported,"Boeng Keng Kang, Phnom Penh",Phnom Penh,Sedan,Gasoline,2026-07-28,https://www.khmer24.com/en/post-adid-13564496
13606811,Mercedes Benz CLA45 AMG Edition 1 2015,Mercedes-Benz,CLA-Class,2015.0,28500,Used,Not reported,"Chrouy Changva, Phnom Penh",Phnom Penh,Sports,Gasoline,2026-07-28,https://www.khmer24.com/en/post-adid-13606811
13721317,"Toyota Prius 2010 Option 3 ពណ៌ ​ស​ សន្លឹក​ពន្ធ​ 🔵តម្លៃពិសេស 17,500$ ចរចារ​",Toyota,Prius,2010.0,17500,Used,Not reported,"Saensokh, Phnom Penh",Phnom Penh,Hatchback,Hybrid,2026-07-28,https://www.khmer24.com/en/post-adid-13721317
13240141,Lexus Rx 300 ប៉ុង​ 1 ឆ្នាំ​ 2003,Lexus,RX,2003.0,12500,Used,Not reported,"Saensokh, Phnom Penh",Phnom Penh,SUV,Gasoline,2026-07-28,https://www.khmer24.com/en/post-adid-13240141
13656031,HONDA P7 650km (Freeសាកថ្ម 2ឆ្នាំ),Honda,P7,2025.0,34999,New,Not reported,"Saensokh, Phnom Penh",Phnom Penh,Sedan,Gasoline,2026-07-28,https://www.khmer24.com/en/post-adid-13656031
13724123,FORD Everest Titanium 2026 មានតម្លៃពិសេស,Ford,Everest,2026.0,69900,New,Not reported,"Por Senchey, Phnom Penh",Phnom Penh,SUV,Gasoline,2026-07-28,https://www.khmer24.com/en/post-adid-13724123
13712225,លក់រថយន្ត Kia Bongo 3,Kia,Bongo,2014.0,18500,Used,Not reported,"Chrouy Changva, Phnom Penh",Phnom Penh,Sedan,Gasoline,2026-07-28,https://www.khmer24.com/en/post-adid-13712225
13534885,Mazda,Mazda,Model not identified,2019.0,26500,Used,Not reported,"Chrouy Changva, Phnom Penh",Phnom Penh,Sedan,Gasoline,2026-07-28,https://www.khmer24.com/en/post-adid-13534885
13770445,Hyundai TRAGO ឆ្នាំ 08❤️,Hyundai,TRAGO,2008.0,36000,Used,Not reported,"Tuol Kouk, Phnom Penh",Phnom Penh,Sedan,Gasoline,2026-07-28,https://www.khmer24.com/en/post-adid-13770445
13715328,Nissan 2002 ទ្រុងវែង ម៉ាស៊ូត ឡានខ្ចីណាស់,Nissan,Model not identified,2002.0,7777,Used,Not reported,"Tuol Kouk, Phnom Penh",Phnom Penh,Sedan,Gasoline,2026-07-28,https://www.khmer24.com/en/post-adid-13715328
13809259,HAVAL Big size SUV Off-road 2026,Haval,Big size SUV Off-road,2026.0,58000,New,Not reported,"Saensokh, Phnom Penh",Phnom Penh,SUV,Gasoline,2026-07-28,https://www.khmer24.com/en/post-adid-13809259
13358181,Chevrolet pickup 017 auto capitas ឆ្វេងសុីន ម៉ាសុីនធំ ធានាឡានស្អាតខ្លាំង,Chevrolet,pickup auto capitas,2017.0,21900,Used,Not reported,"Saensokh, Phnom Penh",Phnom Penh,Pickup,Gasoline,2026-07-28,https://www.khmer24.com/en/post-adid-13358181
13727007,Avatr 07 Elite 2026,Avatr,07,2026.0,38000,New,Not reported,"Chrouy Changva, Phnom Penh",Phnom Penh,Sedan,Electricity,2026-07-28,https://www.khmer24.com/en/post-adid-13727007
13729259,"Toyota Alphard 2016 V4 & Hybrid , ស្លាកលេខ​ PP 2BZ-xxxx",Toyota,Alphard,2016.0,39900,Used,Not reported,"Tuol Kouk, Phnom Penh",Phnom Penh,MPV,Hybrid,2026-07-28,https://www.khmer24.com/en/post-adid-13729259
13553537,ខ្ញុំបាទចង់លក់រថយន្តជិះផ្ទាល់ 2023 Mazda2 Sedan ពណ៏ស,Not identified,Mazda2,2023.0,17599,Used,Not reported,"Boeng Keng Kang, Phnom Penh",Phnom Penh,Hatchback,Gasoline,2026-07-28,https://www.khmer24.com/en/post-adid-13553537
13603091,មានលុយ5000-6000$ដកឡានជិះ រលួស់ជាមួយឃ្លាំង និងរំលួសសុទ្ធ100%,Not identified,Model not identified,2012.0,18500,Used,Not reported,"Saensokh, Phnom Penh",Phnom Penh,Hatchback,Gasoline,2026-07-28,https://www.khmer24.com/en/post-adid-13603091
13436154,MPV សាំងសុទ្ធ 7កៅអី,Not identified,Model not identified,2025.0,28800,New,Not reported,"Chbar Ampov, Phnom Penh",Phnom Penh,MPV,Gasoline,2026-07-28,https://www.khmer24.com/en/post-adid-13436154
13601046,BYD Seal5 ថ្មីដូចកេស,BYD,Seal 5,2026.0,19300,New,Not reported,"Boeng Keng Kang, Phnom Penh",Phnom Penh,Sedan,Gasoline,2026-07-28,https://www.khmer24.com/en/post-adid-13601046
13722069,Lexus nx200t F sport 015,Lexus,NX,2015.0,38300,Used,Not reported,"Tuol Kouk, Phnom Penh",Phnom Penh,SUV,Gasoline,2026-07-28,https://www.khmer24.com/en/post-adid-13722069
13414617,Mercedes-Benz GLC Coupe AMG 2020,Mercedes-Benz,GLC,2020.0,55000,Used,Not reported,"Tuol Kouk, Phnom Penh",Phnom Penh,SUV,Gasoline,2026-07-28,https://www.khmer24.com/en/post-adid-13414617
13694848,Toyota hilak surf ម៉ាស៊ីនប្រាដូធូបូឡានទឹកថ្នាំស្អាតនៅដំណើរការទាំងអស់ធានាយកទៅប្រើអត់ខកបំណងទេ3200$ចចា,Toyota,hilak surf,1992.0,3200,Used,Not reported,"Kamboul, Phnom Penh",Phnom Penh,Convertible,Gasoline,2026-07-28,https://www.khmer24.com/en/post-adid-13694848
13240037,Porsche Panamera 2017 Full option,Porsche,Panamera,2017.0,85000,Used,Not reported,"Tuol Kouk, Phnom Penh",Phnom Penh,Sedan,Gasoline,2026-07-28,https://www.khmer24.com/en/post-adid-13240037
13811248,BMW 7 series  012 up 023😍,BMW,7 Series,2012.0,21000,Used,Not reported,"Tuol Kouk, Phnom Penh",Phnom Penh,Sedan,Gasoline,2026-07-28,https://www.khmer24.com/en/post-adid-13811248
13540342,Mercedes Benz CLA45 AMG 2015,Mercedes-Benz,CLA-Class,2015.0,25200,Used,Not reported,"Krong Battambang, Battambang",Battambang,Sports,Gasoline,2026-07-28,https://www.khmer24.com/en/post-adid-13540342
13731847,Toyota ស្អាត99% នៅធានាពីក្រុមហ៊ុនជិះបាន៨ខែ,Toyota,Model not identified,2026.0,46900,Used,Not reported,"Saensokh, Phnom Penh",Phnom Penh,Sedan,Gasoline,2026-07-28,https://www.khmer24.com/en/post-adid-13731847
13800104,Lexus RX300 2001 ប៉ុង1 ឡានស្អាតធានា អត់បុកអត់ប៉ះ,Lexus,RX,2001.0,11000,Used,Not reported,"Krong Kampong Cham, Kampong Cham",Kampong Cham,SUV,Gasoline,2026-07-28,https://www.khmer24.com/en/post-adid-13800104
13795130,Honda ENS2,Honda,e:N Series,2025.0,23900,New,Not reported,"Saensokh, Phnom Penh",Phnom Penh,Sedan,Electricity,2026-07-28,https://www.khmer24.com/en/post-adid-13795130
13583343,Ford Ranger Wildtrak 3.0L​ 6ម៉ាស៊ីន ម៉ាស៊ូត​ ឆ្នាំ2026,Ford,Ranger,2026.0,55400,New,Not reported,"Chamkar Mon, Phnom Penh",Phnom Penh,Pickup,Gasoline,2026-07-28,https://www.khmer24.com/en/post-adid-13583343
13756008,Kia 012/ស្មាតឃី បើកដំបូល ក្រដាស់ពន្ធ ទេីបចុះកុងតឺន័រហ៊ុយៗ,Kia,Model not identified,2012.0,8350,Used,Not reported,"Doun Penh, Phnom Penh",Phnom Penh,Sedan,Gasoline,2026-07-28,https://www.khmer24.com/en/post-adid-13756008
13637375,Mazda CX-9 2022 ឡានស្អាតថ្នាំហ្សុីនមួយជុំ ម្ចាស់ដេីមទី1,Mazda,CX-9,2022.0,33900,Used,Not reported,"Saensokh, Phnom Penh",Phnom Penh,SUV,Gasoline,2026-07-28,https://www.khmer24.com/en/post-adid-13637375
13586926,Hyundai Venue,Hyundai,Venue,2026.0,21900,New,Not reported,"Krong Siem Reab, Siem Reap",Siem Reap,Sedan,Gasoline,2026-07-28,https://www.khmer24.com/en/post-adid-13586926
13677908,Nissan ប្រេីម៊ាស៊ូត 2002,Nissan,Model not identified,2002.0,7999,Used,Not reported,"Tuol Kouk, Phnom Penh",Phnom Penh,Sedan,Gasoline,2026-07-28,https://www.khmer24.com/en/post-adid-13677908
13528061,Lexus lx600 2023 7Seat luxury SUV 25 speaker full,Lexus,LX,2023.0,185000,New,Not reported,"Prampir Meakkakra, Phnom Penh",Phnom Penh,SUV,Gasoline,2026-07-28,https://www.khmer24.com/en/post-adid-13528061
13555588,Great Wall Pickup  Have in stock and good price,Great Wall,Pickup Have in stock,2025.0,36500,New,Not reported,"Chbar Ampov, Phnom Penh",Phnom Penh,Pickup,Gasoline,2026-07-28,https://www.khmer24.com/en/post-adid-13555588
13612803,Cheng long L2 EV,Not identified,Cheng long EV,2026.0,38999,New,Not reported,"Saensokh, Phnom Penh",Phnom Penh,Sedan,Electricity,2026-07-28,https://www.khmer24.com/en/post-adid-13612803
13736942,sell Alphard 2012 hybrid,Toyota,Alphard,2012.0,24500,Used,Not reported,"Saensokh, Phnom Penh",Phnom Penh,MPV,Hybrid,2026-07-28,https://www.khmer24.com/en/post-adid-13736942
13753577,ថ្មី ខ្លាញ់គោ AVATR06 ELITE LUXURY SPORT SEDAN 2026 អប់សិនELITE ទិញភ្លាម ដកឡានភ្លាមៗ,Not identified,06,2026.0,39500,New,Not reported,"Chbar Ampov, Phnom Penh",Phnom Penh,Sedan,Gasoline,2026-07-28,https://www.khmer24.com/en/post-adid-13753577
13643669,2012 option3 ក្នុងសដោះគោ,Not identified,Model not identified,2012.0,16300,Used,Not reported,"Ruessei Kaev, Phnom Penh",Phnom Penh,Hatchback,Gasoline,2026-07-28,https://www.khmer24.com/en/post-adid-13643669
13810635,MPV,Not identified,Model not identified,2024.0,49990,New,Not reported,"Saensokh, Phnom Penh",Phnom Penh,MPV,Gasoline,2026-07-28,https://www.khmer24.com/en/post-adid-13810635
13460795,BYD Atto 2 401KM 25800$,BYD,Atto 2,2024.0,25800,New,Not reported,"Saensokh, Phnom Penh",Phnom Penh,Sedan,Electricity,2026-07-28,https://www.khmer24.com/en/post-adid-13460795
13655770,✍️ទំនិញថ្មីទើបកាត់បានពីម្ចាស់ដើម✍️Lexus nx200t 2015f sport ប៉ុង១  ៤បេតុង ធានាឡាន,Lexus,NX,2015.0,32500,Used,Not reported,"Mean Chey, Phnom Penh",Phnom Penh,SUV,Gasoline,2026-07-28,https://www.khmer24.com/en/post-adid-13655770
13261218,Mercedes-Benz C300 Coupe 2017,Mercedes-Benz,C-Class,2017.0,39800,Used,Not reported,"Por Senchey, Phnom Penh",Phnom Penh,Coupe,Gasoline,2026-07-28,https://www.khmer24.com/en/post-adid-13261218
13765058,ជិះផ្តល់ខ្លួន 02លីមីធិប,Not identified,Model not identified,2002.0,13300,Used,Not reported,"Kamboul, Phnom Penh",Phnom Penh,Convertible,Gasoline,2026-07-28,https://www.khmer24.com/en/post-adid-13765058
13754200,Porsche PanameraS Top option សំណុំថ្មីខ្លាំង,Porsche,PanameraS Top,2012.0,27300,Used,Not reported,"Ruessei Kaev, Phnom Penh",Phnom Penh,Sedan,Gasoline,2026-07-28,https://www.khmer24.com/en/post-adid-13754200
13727155,BMW X4,BMW,X4,2015.0,19500,Used,Not reported,"Dangkao, Phnom Penh",Phnom Penh,Sedan,Gasoline,2026-07-28,https://www.khmer24.com/en/post-adid-13727155
13583999,Mercedes Benz AMG GTS 2016,Mercedes-Benz,Mercedes Benz AMG GTS,2016.0,120000,Used,Not reported,"Saensokh, Phnom Penh",Phnom Penh,Sports,Gasoline,2026-07-28,https://www.khmer24.com/en/post-adid-13583999
13781654,Toyota Prius 2008 full option ពណ៌​ស,Toyota,Prius,2008.0,14999,Used,Not reported,"Por Senchey, Phnom Penh",Phnom Penh,Hatchback,Hybrid,2026-07-28,https://www.khmer24.com/en/post-adid-13781654
13643395,ឡានលក់ Lexus 330 ឆ្នាំ05 H/F,Lexus,Model not identified,2005.0,22900,Used,Not reported,"Boeng Keng Kang, Phnom Penh",Phnom Penh,Sedan,Gasoline,2026-07-28,https://www.khmer24.com/en/post-adid-13643395
13555356,Honda eNP2 2025 EV,Honda,e:N Series,2025.0,23500,New,Not reported,"Saensokh, Phnom Penh",Phnom Penh,Sedan,Electricity,2026-07-28,https://www.khmer24.com/en/post-adid-13555356
13762425,🔥តម្លៃពិសេស Ford Everest Platinum 2026 3.0L V6,Ford,Everest,2026.0,69900,New,Not reported,"Por Senchey, Phnom Penh",Phnom Penh,SUV,Gasoline,2026-07-28,https://www.khmer24.com/en/post-adid-13762425
13805895,Kia morning & Grand Starex,Kia,Starex,2013.0,8800,Used,Not reported,"Por Senchey, Phnom Penh",Phnom Penh,Hatchback,Gasoline,2026-07-28,https://www.khmer24.com/en/post-adid-13805895
13809124,ទិញបានពីម្ចាស់ដេីមថ្មីដាច់ ប្រេីដៃមួយ ថែខ្លាំង Mazda Thunder Full option 2021 3.2L,Mazda,BT-50,2021.0,29777,Used,Not reported,"Por Senchey, Phnom Penh",Phnom Penh,Sedan,Gasoline,2026-07-28,https://www.khmer24.com/en/post-adid-13809124
13427712,Hyundai Palisade-2026,Hyundai,Palisade,2026.0,77900,New,Not reported,"Doun Penh, Phnom Penh",Phnom Penh,SUV,Gasoline,2026-07-28,https://www.khmer24.com/en/post-adid-13427712
13591274,NISSAN FRONTIER 2006 V6 P1,Nissan,FRONTIER,2006.0,10900,Used,Not reported,"Por Senchey, Phnom Penh",Phnom Penh,Sedan,Gasoline,2026-07-28,https://www.khmer24.com/en/post-adid-13591274
13336208,Honda HRV SUV  I-VTEC Econ អេក្រង់​ ថាច់​ស្រ្គីន,Honda,HR-V,2019.0,19900,Used,Not reported,"Ruessei Kaev, Phnom Penh",Phnom Penh,SUV,Gasoline,2026-07-28,https://www.khmer24.com/en/post-adid-13336208
13756884,ខ្លាញ់​គោ​ ក្រុមហ៊ុន​ ម្ចាស់​ដេីម​ Mazda 022 BT50 PickUp Full,Mazda,BT-50,2022.0,29500,Used,Not reported,"Saensokh, Phnom Penh",Phnom Penh,Pickup,Gasoline,2026-07-28,https://www.khmer24.com/en/post-adid-13756884
13638064,Avatr 07 Option Elite,Avatr,07,2026.0,37900,New,Not reported,"Ruessei Kaev, Phnom Penh",Phnom Penh,Sedan,Electricity,2026-07-28,https://www.khmer24.com/en/post-adid-13638064
13775583,Toyota Alphard hybrid full 2013 ម្ចាស់ដើម,Toyota,Alphard,2013.0,22999,Used,Not reported,"Saensokh, Phnom Penh",Phnom Penh,MPV,Hybrid,2026-07-28,https://www.khmer24.com/en/post-adid-13775583
13428216,ថ្មី ខ្លាញ់គោ AVATR 06 Elite Luxury Sport Sedan ទិញដាច់ វ៉ៃដូរ បង់រំលស់,Avatr,06,2026.0,39800,New,Not reported,"Chbar Ampov, Phnom Penh",Phnom Penh,Sedan,Electricity,2026-07-28,https://www.khmer24.com/en/post-adid-13428216
13493676,ឡានលក់,Not identified,Model not identified,2009.0,10999,Used,Not reported,"Chbar Ampov, Phnom Penh",Phnom Penh,Hatchback,Gasoline,2026-07-28,https://www.khmer24.com/en/post-adid-13493676
13692830,🔥 2024 GAC GN8 Luxury MPV For Sale – Like New,GAC,GN8,2024.0,38000,Used,Not reported,"Dangkao, Phnom Penh",Phnom Penh,MPV,Gasoline,2026-07-28,https://www.khmer24.com/en/post-adid-13692830
13810449,The 2024 BYD Qin DM-i flagship edition boasts a combined range of over 1000km.,BYD,The Qin DM-i flagship,2024.0,21600,Used,Not reported,"Saensokh, Phnom Penh",Phnom Penh,Sedan,Plug-in Hybrid,2026-07-28,https://www.khmer24.com/en/post-adid-13810449
13707655,LEXUS NX 2017 F-SPORT,Lexus,NX F-SPORT,2017.0,40500,Used,Not reported,"Tuol Kouk, Phnom Penh",Phnom Penh,SUV,Gasoline,2026-07-28,https://www.khmer24.com/en/post-adid-13707655
13272367,Mercedes Benz C Coupe 2016 AMG PACKAGE,Mercedes-Benz,Mercedes Benz Coupe AMG,2016.0,39500,Used,Not reported,"Saensokh, Phnom Penh",Phnom Penh,Sports,Gasoline,2026-07-28,https://www.khmer24.com/en/post-adid-13272367
13806503,Mustangs គ្រឿង​លេង​ច្រើន​លក់​ធូរ​ៗ​,Not identified,Mustangs,2015.0,19000,Used,Not reported,"Ruessei Kaev, Phnom Penh",Phnom Penh,Convertible,Gasoline,2026-07-28,https://www.khmer24.com/en/post-adid-13806503
13635951,- Porsche GT3 RS,Porsche,911 GT3 RS,2016.0,219000,Used,Not reported,"Tuol Kouk, Phnom Penh",Phnom Penh,Sports,Gasoline,2026-07-28,https://www.khmer24.com/en/post-adid-13635951
13605827,BMW 740i 2023 Plate number,BMW,7 Series,2023.0,148000,Used,Not reported,"Doun Penh, Phnom Penh",Phnom Penh,Sedan,Gasoline,2026-07-28,https://www.khmer24.com/en/post-adid-13605827
13626520,MERCEDES-BENZ CLA45 AMG 2014,Mercedes-Benz,CLA-Class,2014.0,20000,Used,Not reported,"Ruessei Kaev, Phnom Penh",Phnom Penh,Sports,Gasoline,2026-07-28,https://www.khmer24.com/en/post-adid-13626520
13693164,Toyota alphard អូតូ​ ពីរ​ ឡេីងកៅអីម៉ាស្សារួចហេីយ​ ថ្នាំហ្សីនមួយជុំ,Toyota,Alphard,2014.0,22000,Used,Not reported,"Saensokh, Phnom Penh",Phnom Penh,MPV,Gasoline,2026-07-28,https://www.khmer24.com/en/post-adid-13693164
13527078,Lexus RX 330 2004 Full Option ថ្នាំសុីន1ជុំ,Lexus,RX,2004.0,21500,Used,Not reported,"Ruessei Kaev, Phnom Penh",Phnom Penh,SUV,Gasoline,2026-07-28,https://www.khmer24.com/en/post-adid-13527078
13655844,HONDA ENS2 សេរី2025 (មានស្តុកស្រាប់),Honda,e:N Series,2025.0,23999,New,Not reported,"Saensokh, Phnom Penh",Phnom Penh,Sedan,Electricity,2026-07-28,https://www.khmer24.com/en/post-adid-13655844
13477945,Ford Territory ស៊េរីឆ្នាំ​ 2026 ទិញភ្លាម​ បានភ្លាម,Ford,Territory,2026.0,38900,New,Not reported,"Chamkar Mon, Phnom Penh",Phnom Penh,SUV,Gasoline,2026-07-28,https://www.khmer24.com/en/post-adid-13477945
13227224,Kia Carnival 2019 Good Condition Good Price 💯,Kia,Carnival,2019.0,23500,Used,Not reported,"Saensokh, Phnom Penh",Phnom Penh,MPV,Gasoline,2026-07-28,https://www.khmer24.com/en/post-adid-13227224
13539459,Mazda EZ-60 2025 មហាថ្មី​ ប្រេីបាន 6000km,Mazda,EZ-60,2025.0,35500,Used,Not reported,"Saensokh, Phnom Penh",Phnom Penh,Sedan,Gasoline,2026-07-28,https://www.khmer24.com/en/post-adid-13539459
13577479,Hyundai Custin 2025 7កៅអី,Hyundai,Custin,2025.0,40400,New,Not reported,"Doun Penh, Phnom Penh",Phnom Penh,Sedan,Gasoline,2026-07-28,https://www.khmer24.com/en/post-adid-13577479
13763466,Nissan ប្រេីម៊ាសូត 2005 អូតូកាប់តាស់,Nissan,Model not identified,2005.0,9500,Used,Not reported,"Tuol Kouk, Phnom Penh",Phnom Penh,Sedan,Gasoline,2026-07-28,https://www.khmer24.com/en/post-adid-13763466
13267580,大空间SUV东风L7,Not identified,Model not identified,2026.0,25800,New,Not reported,"Saensokh, Phnom Penh",Phnom Penh,SUV,Gasoline,2026-07-28,https://www.khmer24.com/en/post-adid-13267580
13373563,Jeep gladiator rubicon pickup 2021 ជាប្រភេទឡានស្អាត  នាំចូលដោយក្រុមហ៊ុន,Jeep,gladiator rubicon pickup,2021.0,53000,Used,Not reported,"Chbar Ampov, Phnom Penh",Phnom Penh,Pickup,Gasoline,2026-07-28,https://www.khmer24.com/en/post-adid-13373563
13809783,ឡានលក់,Not identified,Model not identified,2025.0,26800,New,Not reported,"Saensokh, Phnom Penh",Phnom Penh,Sedan,Gasoline,2026-07-28,https://www.khmer24.com/en/post-adid-13809783
13769249,ALPHARD VIP SEAT 2012 Hybrid 25900$,Toyota,Alphard,2012.0,25900,Used,Not reported,"Chrouy Changva, Phnom Penh",Phnom Penh,MPV,Hybrid,2026-07-28,https://www.khmer24.com/en/post-adid-13769249
13335590,2021 MAZDA3 Premium Sedan,Not identified,Mazda3,2021.0,27500,Used,Not reported,"Chrouy Changva, Phnom Penh",Phnom Penh,Sedan,Gasoline,2026-07-28,https://www.khmer24.com/en/post-adid-13335590
13639739,ស្តុកថ្មីមួយគ្រឿងទៀតហេីយពុកម៉ែបងប្អូន,Not identified,Model not identified,2010.0,16700,Used,Not reported,"Tuol Kouk, Phnom Penh",Phnom Penh,Hatchback,Gasoline,2026-07-28,https://www.khmer24.com/en/post-adid-13639739
13339784,2019 Toyota Alphard 3.5 V6 Luxury MPV,Toyota,Alphard,2019.0,96000,Used,Not reported,"Tuol Kouk, Phnom Penh",Phnom Penh,MPV,Gasoline,2026-07-28,https://www.khmer24.com/en/post-adid-13339784
13619639,2024 BYD EV Car  Seagull,BYD,Seagull,2024.0,11300,Used,Not reported,"Saensokh, Phnom Penh",Phnom Penh,Hatchback,Electricity,2026-07-28,https://www.khmer24.com/en/post-adid-13619639
13440459,Lexus NX200T 2015 F Sport Pong 2 Button 5 (ម្ចាស់ដើម),Lexus,NX,2015.0,33000,Used,Not reported,"Saensokh, Phnom Penh",Phnom Penh,SUV,Gasoline,2026-07-28,https://www.khmer24.com/en/post-adid-13440459
13528984,Mercedes Benz C Coupe 2016 RWD,Mercedes-Benz,Mercedes Benz Coupe RWD,2016.0,38500,Used,Not reported,"Prampir Meakkakra, Phnom Penh",Phnom Penh,Coupe,Gasoline,2026-07-28,https://www.khmer24.com/en/post-adid-13528984
13737611,5XXXX Porches boxster full option ឆ្នាំ015​,Not identified,718,2015.0,59000,Used,Not reported,"Chrouy Changva, Phnom Penh",Phnom Penh,Sports,Gasoline,2026-07-28,https://www.khmer24.com/en/post-adid-13737611
13597961,Porsche 911 Carrera - 2013,Porsche,911,2013.0,86000,Used,Not reported,"Mean Chey, Phnom Penh",Phnom Penh,Sports,Gasoline,2026-07-28,https://www.khmer24.com/en/post-adid-13597961
13748145,BMW 5281,BMW,Model not identified,2012.0,14000,Used,Not reported,"Saensokh, Phnom Penh",Phnom Penh,Sedan,Gasoline,2026-07-28,https://www.khmer24.com/en/post-adid-13748145
13782849,Mercedes CLA45 AMG smart key 2015 full option,Mercedes-Benz,CLA-Class,2015.0,25500,Used,Not reported,"Chbar Ampov, Phnom Penh",Phnom Penh,Sports,Gasoline,2026-07-28,https://www.khmer24.com/en/post-adid-13782849
13784769,Toyota Land Cruiser V6 Full Option 2008 ឡើង​ស៊េរី​2021 ធានា​ឡាន​ស្អាត​,Toyota,Land Cruiser,2008.0,38500,Used,Not reported,"Prampir Meakkakra, Phnom Penh",Phnom Penh,SUV,Gasoline,2026-07-28,https://www.khmer24.com/en/post-adid-13784769
13694227,LEXUS,Lexus,Model not identified,2002.0,9900,Used,Not reported,"Mean Chey, Phnom Penh",Phnom Penh,Sedan,Gasoline,2026-07-28,https://www.khmer24.com/en/post-adid-13694227
13805243,HONDA eNS2 EV 2025,Honda,e:N Series,2025.0,23500,Used,Not reported,"Saensokh, Phnom Penh",Phnom Penh,Sedan,Electricity,2026-07-28,https://www.khmer24.com/en/post-adid-13805243
13592028,Ford Ranger XL 2.0L ឆ្នាំ2026​មានស្តុកៗភ្លាមៗ,Ford,Ranger,2026.0,39900,New,Not reported,"Chamkar Mon, Phnom Penh",Phnom Penh,Pickup,Gasoline,2026-07-28,https://www.khmer24.com/en/post-adid-13592028
13799856,KIA CARNIVAL 11កៅអី Full option,Kia,Carnival,2019.0,22500,Used,Not reported,"Chbar Ampov, Phnom Penh",Phnom Penh,MPV,Gasoline,2026-07-28,https://www.khmer24.com/en/post-adid-13799856
13594733,Mazda,Mazda,Model not identified,2020.0,29500,Used,Not reported,"Chbar Ampov, Phnom Penh",Phnom Penh,Sedan,Gasoline,2026-07-28,https://www.khmer24.com/en/post-adid-13594733
13660893,Hyundai Starex,Hyundai,Starex,2014.0,16500,Used,Not reported,"Por Senchey, Phnom Penh",Phnom Penh,Sedan,Gasoline,2026-07-28,https://www.khmer24.com/en/post-adid-13660893
13545604,NISSAN FRONTIER 2005 V6 P1 សាំង +ហ្គាស,Nissan,FRONTIER,2005.0,11800,Used,Not reported,"Por Senchey, Phnom Penh",Phnom Penh,Sedan,Gasoline,2026-07-28,https://www.khmer24.com/en/post-adid-13545604
13250892,🔥RangeEvoque 012V4ម៉ាស៊ូត ឡានទ្វារ2Suvកាត់ស្ព័រ ឡានមូល ម៉ាសុីនប្រអប់លេខអ៊ែម,Not identified,RangeEvoque Suv,2012.0,13900,Used,Not reported,"Por Senchey, Phnom Penh",Phnom Penh,SUV,Gasoline,2026-07-28,https://www.khmer24.com/en/post-adid-13250892
13804678,"2025 Toyota pickup truck, 30,000 kilometers on the odometer.",Toyota,pickup truck kilometers on,2025.0,35800,Used,Not reported,"Saensokh, Phnom Penh",Phnom Penh,Pickup,Gasoline,2026-07-28,https://www.khmer24.com/en/post-adid-13804678
13582439,BMW i3 2014 full option ឡានស្អាត,BMW,i3,2014.0,10500,Used,Not reported,"Dangkao, Phnom Penh",Phnom Penh,Sedan,Electricity,2026-07-28,https://www.khmer24.com/en/post-adid-13582439
13787499,ALPHARD 2015​ ក្នងលឿង HYBRID Full តាបឡូសុីន,Toyota,Alphard,2015.0,36000,Used,Not reported,"Mean Chey, Phnom Penh",Phnom Penh,MPV,Hybrid,2026-07-28,https://www.khmer24.com/en/post-adid-13787499
13719833,Toyota  Prius 2023 Sedan​ ស្អាតបែប Luxury ទាន់សម័យ បើកបរបែប Sport ហើយសន្សំសាំងអស្ចារ្យ,Toyota,Prius,2023.0,42500,Used,Not reported,"Saensokh, Phnom Penh",Phnom Penh,Hatchback,Hybrid,2026-07-28,https://www.khmer24.com/en/post-adid-13719833
13696252,លក់ប្រញាប់លុយ,Not identified,Model not identified,2012.0,16500,Used,Not reported,"Por Senchey, Phnom Penh",Phnom Penh,Hatchback,Gasoline,2026-07-28,https://www.khmer24.com/en/post-adid-13696252
13339926,2019 Toyota Alphard 3.5 V6 Luxury MPV,Toyota,Alphard,2019.0,97000,Used,Not reported,"Tuol Kouk, Phnom Penh",Phnom Penh,MPV,Gasoline,2026-07-28,https://www.khmer24.com/en/post-adid-13339926
13781474,"BYD Yuan Up 2024 $17,900 ចចារ អគ្គីសនី410គីឡូ",BYD,Yuan Up,2024.0,17900,Used,Not reported,"Saensokh, Phnom Penh",Phnom Penh,Sedan,Electricity,2026-07-28,https://www.khmer24.com/en/post-adid-13781474
13811107,Discovery Sport Full option ប្រភេទឡានស្អាត,Not identified,Discovery Sport,2015.0,17500,Used,Not reported,"Dangkao, Phnom Penh",Phnom Penh,SUV,Gasoline,2026-07-28,https://www.khmer24.com/en/post-adid-13811107
13745332,Mercedes Benz C300 C Coupe 2017 Upgrade 2022,Mercedes-Benz,C-Class,2017.0,34000,Used,Not reported,"Ruessei Kaev, Phnom Penh",Phnom Penh,Coupe,Gasoline,2026-07-28,https://www.khmer24.com/en/post-adid-13745332
13789606,លក់,Not identified,Model not identified,2007.0,13300,Used,Not reported,"Mean Chey, Phnom Penh",Phnom Penh,Convertible,Gasoline,2026-07-28,https://www.khmer24.com/en/post-adid-13789606
13331596,Porsche Panamera 4S Excutive 2.9 មាសុីនជំនាន់ថ្មី,Porsche,Panamera,2017.0,125000,Used,Not reported,"Saensokh, Phnom Penh",Phnom Penh,Sedan,Gasoline,2026-07-28,https://www.khmer24.com/en/post-adid-13331596
13761991,BMW 740Li 2012 up 2025,BMW,7 Series,2012.0,25000,Used,Not reported,"Saensokh, Phnom Penh",Phnom Penh,Sedan,Gasoline,2026-07-28,https://www.khmer24.com/en/post-adid-13761991
13810472,Mercedes Benz AMG GTS 2015 Full option,Mercedes-Benz,Mercedes Benz AMG GTS,2015.0,99500,Used,Not reported,"Por Senchey, Phnom Penh",Phnom Penh,Sports,Gasoline,2026-07-28,https://www.khmer24.com/en/post-adid-13810472
13785854,Toyota,Toyota,Model not identified,2003.0,13800,Used,Not reported,"Doun Penh, Phnom Penh",Phnom Penh,Sedan,Gasoline,2026-07-28,https://www.khmer24.com/en/post-adid-13785854
13718938,Lexus 300 ពណ័ ស 02 pong 2 ឡានស្អាតអត់បុកអត់ប៉ះ ទឹកថ្នាំសុីន ម៉ាសុីស្ងាត់ ជើងក្រោមហាប់ល្អ សំបកកង់ថ្មី,Lexus,pong,2002.0,10500,Used,Not reported,"Mean Chey, Phnom Penh",Phnom Penh,Sedan,Gasoline,2026-07-28,https://www.khmer24.com/en/post-adid-13718938
13759846,HONDA eNS2 2025,Honda,e:N Series,2025.0,23500,Used,Not reported,"Saensokh, Phnom Penh",Phnom Penh,Sedan,Electricity,2026-07-28,https://www.khmer24.com/en/post-adid-13759846
13195782,Ford F-150 Raptor 2017,Ford,F-150,2017.0,53000,Used,Not reported,"Tuol Kouk, Phnom Penh",Phnom Penh,Pickup,Gasoline,2026-07-28,https://www.khmer24.com/en/post-adid-13195782
13711574,Kia Ray 2015,Kia,Ray,2015.0,10500,Used,Not reported,"Chrouy Changva, Phnom Penh",Phnom Penh,Hatchback,Gasoline,2026-07-28,https://www.khmer24.com/en/post-adid-13711574
13794320,2021 Mazda Thunder (Full),Mazda,BT-50,2021.0,29900,Used,Not reported,"Chamkar Mon, Phnom Penh",Phnom Penh,Sedan,Gasoline,2026-07-28,https://www.khmer24.com/en/post-adid-13794320
13609555,"Hyundai Staria Lounge 56,400$",Hyundai,Staria,2025.0,56400,New,Not reported,"Doun Penh, Phnom Penh",Phnom Penh,MPV,Gasoline,2026-07-28,https://www.khmer24.com/en/post-adid-13609555
13674679,Nissan Frontier 06ប៉ុង2ដាក់ហ្គាស់រួចម្ចាស់ទី1រំលស់សុត100%បាន25ខេត្តក្រុងបងរំលស់200ជាង/ខែរ,Nissan,Frontier,2006.0,10800,Used,Not reported,"Saensokh, Phnom Penh",Phnom Penh,Sedan,Gasoline,2026-07-28,https://www.khmer24.com/en/post-adid-13674679
13663075,2015 Land Rover Discovery Sport Luxury SUV,Land Rover,Discovery Sport Luxury SUV,2015.0,18000,Used,Not reported,"Tuol Kouk, Phnom Penh",Phnom Penh,SUV,Gasoline,2026-07-28,https://www.khmer24.com/en/post-adid-13663075
13773076,រថយន្តមួយទឹក TOYOTA Pickup 2019 តួររថយន្តនៅថ្មីមួយជុំ,Toyota,Model not identified,2019.0,28500,Used,Not reported,"Chrouy Changva, Phnom Penh",Phnom Penh,Pickup,Gasoline,2026-07-28,https://www.khmer24.com/en/post-adid-13773076
13786685,Xiaomi YU7 Standard 835km,Not identified,Xiaomi YU Standard km,2025.0,58700,Used,Not reported,"Chrouy Changva, Phnom Penh",Phnom Penh,Sedan,Gasoline,2026-07-28,https://www.khmer24.com/en/post-adid-13786685
13495949,Toyota Camry Hybrid,Toyota,Camry,2007.0,13800,Used,Not reported,"Ruessei Kaev, Phnom Penh",Phnom Penh,Sedan,Hybrid,2026-07-28,https://www.khmer24.com/en/post-adid-13495949
13790218,BMW M5 F90 Sedan 2020,BMW,M5,2020.0,138800,Used,Not reported,"Por Senchey, Phnom Penh",Phnom Penh,Sedan,Gasoline,2026-07-28,https://www.khmer24.com/en/post-adid-13790218
13705054,ឡានក្រដាស់ពន្ធ,Not identified,Model not identified,2007.0,12500,Used,Not reported,"Por Senchey, Phnom Penh",Phnom Penh,Hatchback,Gasoline,2026-07-28,https://www.khmer24.com/en/post-adid-13705054
13400777,MPV 7SEATER LUXURY 7កៅអី,Not identified,MPV SEATER LUXURY,2026.0,42900,New,Not reported,"Saensokh, Phnom Penh",Phnom Penh,MPV,Gasoline,2026-07-28,https://www.khmer24.com/en/post-adid-13400777
13617412,BYD Atto3 Rang480km ក្រុមហ៊ុន,BYD,Atto 3,2022.0,19500,Used,Not reported,"Dangkao, Phnom Penh",Phnom Penh,Sedan,Electricity,2026-07-28,https://www.khmer24.com/en/post-adid-13617412
13384615,2025 Ferrari Purosangue 6.5 V12,Ferrari,Purosangue,2025.0,850000,Used,Not reported,"Mean Chey, Phnom Penh",Phnom Penh,Sports,Gasoline,2026-07-28,https://www.khmer24.com/en/post-adid-13384615
13688845,Lamborghini Urus 4.0 V8 2020,Lamborghini,Urus,2020.0,288000,Used,Not reported,"Por Senchey, Phnom Penh",Phnom Penh,SUV,Gasoline,2026-07-28,https://www.khmer24.com/en/post-adid-13688845
13537365,Bentley flying spur,Bentley,Flying Spur,2014.0,98800,Used,Not reported,"Doun Penh, Phnom Penh",Phnom Penh,Sedan,Gasoline,2026-07-28,https://www.khmer24.com/en/post-adid-13537365
13799925,Maserati Levanta 2017 Up 2025,Maserati,Levanta Up,2017.0,36000,Used,Not reported,"Ruessei Kaev, Phnom Penh",Phnom Penh,Sedan,Gasoline,2026-07-28,https://www.khmer24.com/en/post-adid-13799925
13731858,McLaren 650S 3.8 Spider 2015,McLaren,650S,2015.0,147500,Used,Not reported,"Por Senchey, Phnom Penh",Phnom Penh,Sports,Gasoline,2026-07-28,https://www.khmer24.com/en/post-adid-13731858
13623184,Rolls-royce មហាថ្មី98%    សុីនទាំងអស់,Rolls-Royce,Model not identified,2015.0,146500,Used,Not reported,"Saensokh, Phnom Penh",Phnom Penh,Sedan,Gasoline,2026-07-28,https://www.khmer24.com/en/post-adid-13623184
13693275,Aston Martin DBX 2021 Gasoline V8,Aston Martin,DBX,2021.0,169000,Used,Not reported,"Prampir Meakkakra, Phnom Penh",Phnom Penh,SUV,Gasoline,2026-07-28,https://www.khmer24.com/en/post-adid-13693275
13524221,Subaru Forester 019,Subaru,Forester,2019.0,23000,Used,Not reported,"Cheung Prey, Kampong Cham",Kampong Cham,SUV,Gasoline,2026-07-28,https://www.khmer24.com/en/post-adid-13524221
13768384,ឡានលក់បងប្អូនប្រភេទMitsubishi-Monteroឆ្នាំ1993ឆ្វេងសុីនមាស៊ូតនៅសុំណុំតំលៃ4900$ចរចារបានឡាននៅហាប់តាន់,Mitsubishi,Montero,1993.0,4900,Used,Not reported,"Krong Siem Reab, Siem Reap",Siem Reap,SUV,Gasoline,2026-07-28,https://www.khmer24.com/en/post-adid-13768384
13731875,Volkswagen Tiguan 2020 (7កៅអី),Volkswagen,Tiguan,2020.0,28000,Used,Not reported,"Tuol Kouk, Phnom Penh",Phnom Penh,SUV,Gasoline,2026-07-28,https://www.khmer24.com/en/post-adid-13731875
13399780,Volvo xc90/2020 full operations,Volvo,XC90,2020.0,66900,Used,Not reported,"Doun Penh, Phnom Penh",Phnom Penh,SUV,Gasoline,2026-07-28,https://www.khmer24.com/en/post-adid-13399780
13612460,ពណ៌​កំពុង​ពេញ​និយម​ Chevrolet Spark 2014,Chevrolet,Spark,2014.0,7150,Used,Not reported,"Saensokh, Phnom Penh",Phnom Penh,Sedan,Gasoline,2026-07-28,https://www.khmer24.com/en/post-adid-13612460
13593418,Suzuki celerio 2020,Suzuki,Celerio,2020.0,8900,Used,Not reported,"Saensokh, Phnom Penh",Phnom Penh,Sedan,Gasoline,2026-07-28,https://www.khmer24.com/en/post-adid-13593418
13675782,Isuzu Dmax V-Cross 2023 Full options ប្រើបាន 72XXXkm ឡានទិញក្រុមហ៊ុន ម្ចាស់ដើមទី 1,Isuzu,D-Max,2023.0,34800,Used,Not reported,"Chbar Ampov, Phnom Penh",Phnom Penh,Pickup,Gasoline,2026-07-28,https://www.khmer24.com/en/post-adid-13675782
13382926,PEUGEOT 3008 2022 Full Option,Peugeot,3008,2022.0,30000,Used,Not reported,"Dangkao, Phnom Penh",Phnom Penh,SUV,Gasoline,2026-07-28,https://www.khmer24.com/en/post-adid-13382926
13481871,Renault Koleos,Renault,Koleos,2018.0,25000,Used,Not reported,"Saensokh, Phnom Penh",Phnom Penh,Sedan,Gasoline,2026-07-28,https://www.khmer24.com/en/post-adid-13481871
13305734,Escalade Cadillac 2025 ខ្លាញ់គោ Sport Platinum VIP seats,Cadillac,Escalade Sport Platinum VIP,2025.0,249000,New,Not reported,"Saensokh, Phnom Penh",Phnom Penh,SUV,Gasoline,2026-07-28,https://www.khmer24.com/en/post-adid-13305734
13722409,FOR SALE – Alfa Romeo 4C (2013),Alfa Romeo,4C,2013.0,59999,Used,Not reported,"Mean Chey, Phnom Penh",Phnom Penh,Sedan,Gasoline,2026-07-28,https://www.khmer24.com/en/post-adid-13722409
13305163,Geely coolray 2026,Geely,coolray,2026.0,18900,Used,Not reported,"Prampir Meakkakra, Phnom Penh",Phnom Penh,SUV,Gasoline,2026-07-28,https://www.khmer24.com/en/post-adid-13305163
13724152,Changan Q05 Ultra2026,Changan,Q05,2026.0,22800,New,Not reported,"Chbar Ampov, Phnom Penh",Phnom Penh,Sedan,Gasoline,2026-07-28,https://www.khmer24.com/en/post-adid-13724152
13749095,ឡានអគ្គីសនីLeapmotor KH,Leapmotor,KH,2026.0,28990,New,Not reported,"Mean Chey, Phnom Penh",Phnom Penh,Sedan,Electricity,2026-07-28,https://www.khmer24.com/en/post-adid-13749095
13652491,Denza D9 DM-i 980 AWD,Denza,D9,2024.0,83800,New,Not reported,"Saensokh, Phnom Penh",Phnom Penh,MPV,Plug-in Hybrid,2026-07-28,https://www.khmer24.com/en/post-adid-13652491
13557557,"XPeng X9 - Urgent Sale,",XPeng,X9,2025.0,60000,Used,Not reported,"Chbar Ampov, Phnom Penh",Phnom Penh,Sedan,Electricity,2026-07-28,https://www.khmer24.com/en/post-adid-13557557
13708412,2024 zeekr 007,Zeekr,007,2024.0,33800,Used,Not reported,"Chbar Ampov, Phnom Penh",Phnom Penh,Sedan,Electricity,2026-07-28,https://www.khmer24.com/en/post-adid-13708412
13696356,Gwm tank300,Great Wall,Tank 300,2025.0,48800,Used,Not reported,"Tuol Kouk, Phnom Penh",Phnom Penh,Sedan,Gasoline,2026-07-28,https://www.khmer24.com/en/post-adid-13696356
13740381,Jetour t2 2.0L turbo 2025 តួរវែង XWD,Jetour,T2,2025.0,49800,New,Not reported,"Chrouy Changva, Phnom Penh",Phnom Penh,SUV,Gasoline,2026-07-28,https://www.khmer24.com/en/post-adid-13740381
13805236,JAC 2.5 ឆ្នាំ2025,JAC,Model not identified,2025.0,14900,Used,Not reported,"Boeng Keng Kang, Phnom Penh",Phnom Penh,Sedan,Gasoline,2026-07-28,https://www.khmer24.com/en/post-adid-13805236
13638589,NX 200T F Sport 2016 6ប៊ូតុង ប៉ុង2 គុជ3,Not identified,NX,2016.0,39500,Used,Not reported,"Saensokh, Phnom Penh",Phnom Penh,SUV,Gasoline,2026-07-28,https://www.khmer24.com/en/post-adid-13638589
13817656,Mercedes Benz C-Coupe AMG 2017 ( ក្រដាសពន្ធថ្មី),Mercedes-Benz,Mercedes Benz C-Coupe AMG,2017.0,35555,Used,Not reported,"Ruessei Kaev, Phnom Penh",Phnom Penh,Sports,Gasoline,2026-07-28,https://www.khmer24.com/en/post-adid-13817656
13634802,Lexus 330,Lexus,Model not identified,2004.0,21000,Used,Not reported,"Dangkao, Phnom Penh",Phnom Penh,Convertible,Gasoline,2026-07-28,https://www.khmer24.com/en/post-adid-13634802
13745522,Porsche Panamera 2017,Porsche,Panamera,2017.0,73000,Used,Not reported,"Tuol Kouk, Phnom Penh",Phnom Penh,Sedan,Gasoline,2026-07-28,https://www.khmer24.com/en/post-adid-13745522
13694576,BMW 2022 5 serri ម្ចាស់ដើមទិញខ្លាញ់គោ,BMW,5 Series,2022.0,48000,Used,Not reported,"Tuol Kouk, Phnom Penh",Phnom Penh,Sedan,Gasoline,2026-07-28,https://www.khmer24.com/en/post-adid-13694576
13307876,Mercedes Benz AMG GT S V8 4.0L,Mercedes-Benz,AMG GT,2016.0,108000,Used,Not reported,"Tuol Kouk, Phnom Penh",Phnom Penh,Sports,Gasoline,2026-07-28,https://www.khmer24.com/en/post-adid-13307876
13491018,Toyota Alphard 2021 V6 Russia Spec,Toyota,Alphard,2021.0,88000,Used,Not reported,"Saensokh, Phnom Penh",Phnom Penh,MPV,Gasoline,2026-07-28,https://www.khmer24.com/en/post-adid-13491018
13386583,Lexus LX 470 ឆ្នាំ2003 ធានាថាស្អាតបង់រំលោះ២៥ខេត្តក្រុង,Lexus,LX,2003.0,19500,Used,Not reported,"Krong Siem Reab, Siem Reap",Siem Reap,SUV,Gasoline,2026-07-28,https://www.khmer24.com/en/post-adid-13386583
13763190,Honda S2000 AP1  original,Honda,S2000,2001.0,50000,Used,Not reported,"Tuol Kouk, Phnom Penh",Phnom Penh,Sedan,Gasoline,2026-07-28,https://www.khmer24.com/en/post-adid-13763190
13629537,មានស្តុកភ្លាម!! V6 3.0L 2026 Ford Ranger Wildtrak,Ford,Ranger,2026.0,55400,New,Not reported,"Por Senchey, Phnom Penh",Phnom Penh,Pickup,Gasoline,2026-07-28,https://www.khmer24.com/en/post-adid-13629537
13769305,"Kia Ray $8,350 ពណ៌​ពេញនិយម​",Kia,Ray,2012.0,8350,Used,Not reported,"Saensokh, Phnom Penh",Phnom Penh,Hatchback,Gasoline,2026-07-28,https://www.khmer24.com/en/post-adid-13769305
13809108,2021 មហាថ្មីខ្លាំងម្ចាស់ដេីមទី1 Mazda thunder Full option 3.2L,Mazda,BT-50,2021.0,29677,Used,Not reported,"Por Senchey, Phnom Penh",Phnom Penh,Sedan,Gasoline,2026-07-28,https://www.khmer24.com/en/post-adid-13809108
13598600,Hyundai Tucson,Hyundai,Tucson,2019.0,21500,Used,Not reported,"Saensokh, Phnom Penh",Phnom Penh,SUV,Gasoline,2026-07-28,https://www.khmer24.com/en/post-adid-13598600
13716170,Nissan navara2016 ស៊ីនម្ចាស់ក្រុមហ៊ុន,Nissan,navara,2016.0,26000,Used,Not reported,"Kampong Tralach, Kampong Chhnang",Kampong Chhnang,Pickup,Gasoline,2026-07-28,https://www.khmer24.com/en/post-adid-13716170
13752954,28800$Soueast S07 SUV 7កៅអី សាំងសុទ្ធ,Not identified,Soueast SUV,2026.0,28800,New,Not reported,"Prampir Meakkakra, Phnom Penh",Phnom Penh,SUV,Gasoline,2026-07-28,https://www.khmer24.com/en/post-adid-13752954
13725592,2022 GMC Hummer EV Pickup Edition 1 AWD,Not identified,GMC Hummer EV Pickup,2022.0,85754,Used,Not reported,"Saensokh, Phnom Penh",Phnom Penh,Pickup,Electricity,2026-07-28,https://www.khmer24.com/en/post-adid-13725592
13782629,លក់,Not identified,Model not identified,2024.0,7300,New,Not reported,"Kamboul, Phnom Penh",Phnom Penh,Sedan,Gasoline,2026-07-28,https://www.khmer24.com/en/post-adid-13782629
13413388,Alphard 2015 Hybrid ម្ចាស់ទី1 សុីន1ជុំ ម់ាញ៉េ2025,Toyota,Alphard,2015.0,39800,Used,Not reported,"Ruessei Kaev, Phnom Penh",Phnom Penh,MPV,Hybrid,2026-07-28,https://www.khmer24.com/en/post-adid-13413388
13705447,BMW G90 M5 Sedan 2025,BMW,M5,2025.0,255000,Used,Not reported,"Por Senchey, Phnom Penh",Phnom Penh,Sedan,Gasoline,2026-07-28,https://www.khmer24.com/en/post-adid-13705447
13707543,2012 gray,Not identified,gray,2012.0,16300,Used,Not reported,"Ruessei Kaev, Phnom Penh",Phnom Penh,Hatchback,Gasoline,2026-07-28,https://www.khmer24.com/en/post-adid-13707543
13682218,"MPV Starlight730 ថ្មីខ្លាញ់គោ 2x,xxx$",Not identified,MPV Starlight xxx,2026.0,27800,New,Not reported,"Ruessei Kaev, Phnom Penh",Phnom Penh,MPV,Gasoline,2026-07-28,https://www.khmer24.com/en/post-adid-13682218
13469533,only 12800$ in stock BYD E3 រថយន្តអគ្គិសនីសុទ្ធ បង់ពន្ធត្រឹមត្រូវ  EV car FL-seat cooling,BYD,e3,2022.0,12800,Used,Not reported,"Saensokh, Phnom Penh",Phnom Penh,Sedan,Electricity,2026-07-28,https://www.khmer24.com/en/post-adid-13469533
13597238,Ferrari 488 GTB 3.9 2018,Ferrari,488 GTB,2018.0,299900,Used,Not reported,"Por Senchey, Phnom Penh",Phnom Penh,Sports,Gasoline,2026-07-28,https://www.khmer24.com/en/post-adid-13597238
13288032,LAMBORGHINI URUS 2019,Lamborghini,Urus,2019.0,299500,Used,Not reported,"Tuol Kouk, Phnom Penh",Phnom Penh,SUV,Gasoline,2026-07-28,https://www.khmer24.com/en/post-adid-13288032
13523485,Bentley Flying Spur 2015 គីឡូ តិច ឡាន នៅថ្មីស្អាត,Bentley,Flying Spur,2015.0,66000,Used,Not reported,"Doun Penh, Phnom Penh",Phnom Penh,Sedan,Gasoline,2026-07-28,https://www.khmer24.com/en/post-adid-13523485
13159551,Maserati Levante 2017,Maserati,Levante,2017.0,36000,Used,Not reported,"Chrouy Changva, Phnom Penh",Phnom Penh,SUV,Gasoline,2026-07-28,https://www.khmer24.com/en/post-adid-13159551
13246618,McLaren 570s up 600LT Full Carbon,McLaren,570S,2016.0,175000,Used,Not reported,"Tuol Kouk, Phnom Penh",Phnom Penh,Sports,Gasoline,2026-07-28,https://www.khmer24.com/en/post-adid-13246618
13673948,Rolls Royce Ghost,Rolls-Royce,Ghost,2014.0,140000,Used,Not reported,"Saensokh, Phnom Penh",Phnom Penh,Sedan,Gasoline,2026-07-28,https://www.khmer24.com/en/post-adid-13673948
13802528,Aston Martin DBX 707 2023 new car,Aston Martin,DBX,2023.0,445000,New,Not reported,"Tuol Kouk, Phnom Penh",Phnom Penh,SUV,Gasoline,2026-07-28,https://www.khmer24.com/en/post-adid-13802528
13502931,Subaru Forester 018,Subaru,Forester,2018.0,20300,Used,Not reported,"Chrouy Changva, Phnom Penh",Phnom Penh,SUV,Gasoline,2026-07-28,https://www.khmer24.com/en/post-adid-13502931
13418032,Mitsubishi Xpander year 2019,Mitsubishi,Xpander,2019.0,21500,Used,Not reported,"Prampir Meakkakra, Phnom Penh",Phnom Penh,Sedan,Gasoline,2026-07-28,https://www.khmer24.com/en/post-adid-13418032
13462237,Volkswagen ID 6 cross,Volkswagen,ID.6,2025.0,38888,New,Not reported,"Boeng Keng Kang, Phnom Penh",Phnom Penh,Sedan,Electricity,2026-07-28,https://www.khmer24.com/en/post-adid-13462237
13710094,2022 Volvo XC40 for sale,Volvo,XC40,2022.0,45000,Used,Not reported,"Boeng Keng Kang, Phnom Penh",Phnom Penh,SUV,Gasoline,2026-07-28,https://www.khmer24.com/en/post-adid-13710094
13775586,"Chevrolet Spark 2016 $9,600",Chevrolet,Spark,2016.0,9600,Used,Not reported,"Saensokh, Phnom Penh",Phnom Penh,Sedan,Gasoline,2026-07-28,https://www.khmer24.com/en/post-adid-13775586
13778721,Suzuki FRONX 2026 Engine 1.5L Hybrid,Suzuki,Fronx,2026.0,29000,New,Not reported,"Prampir Meakkakra, Phnom Penh",Phnom Penh,Sedan,Hybrid,2026-07-28,https://www.khmer24.com/en/post-adid-13778721
13674102,⭐ ISUZU D.max Deluxe 1.9L ឆ្នាំ 2026 ថ្មី100% ( ទិញភ្លាមបានភ្លាម)ធានាតម្លៃពិសេស,Isuzu,D-Max,2026.0,37500,New,Not reported,"Ruessei Kaev, Phnom Penh",Phnom Penh,Pickup,Gasoline,2026-07-28,https://www.khmer24.com/en/post-adid-13674102
13662047,Peugeot 3008 2020 Full Options,Peugeot,3008,2020.0,22500,Used,Not reported,"Chbar Ampov, Phnom Penh",Phnom Penh,SUV,Gasoline,2026-07-28,https://www.khmer24.com/en/post-adid-13662047
13245962,Cadillac Escalade 2026 Onyx Package VIP,Cadillac,Escalade Onyx Package VIP,2026.0,259000,New,Not reported,"Mean Chey, Phnom Penh",Phnom Penh,SUV,Gasoline,2026-07-28,https://www.khmer24.com/en/post-adid-13245962
13795945,ឡានលក់ប្រញ៉ាប់លុយALFAROMEO,Alfa Romeo,ALFAROMEO,2001.0,4600,Used,Not reported,"Aek Phnum, Battambang",Battambang,Sedan,Gasoline,2026-07-28,https://www.khmer24.com/en/post-adid-13795945
13476296,Geely starship7 2025  សាំង+អគ្គីសនី1575គីឡូ,Geely,Galaxy Starship 7,2025.0,28800,New,Not reported,"Chamkar Mon, Phnom Penh",Phnom Penh,Sedan,Gasoline,2026-07-28,https://www.khmer24.com/en/post-adid-13476296
13476065,Changan UNi-T 2023,Changan,UNI-T,2023.0,24900,Used,Not reported,"Saensokh, Phnom Penh",Phnom Penh,Sedan,Gasoline,2026-07-28,https://www.khmer24.com/en/post-adid-13476065
13771330,Leapmotor C10 Global spec,Leapmotor,C10,2026.0,28990,New,Not reported,"Saensokh, Phnom Penh",Phnom Penh,Sedan,Electricity,2026-07-28,https://www.khmer24.com/en/post-adid-13771330
13484354,Denza N8L Flagship,Denza,N8L,2025.0,89800,New,Not reported,"Chbar Ampov, Phnom Penh",Phnom Penh,Sedan,Gasoline,2026-07-28,https://www.khmer24.com/en/post-adid-13484354
13483207,ឡានលក់ (Xpeng X9),XPeng,X9,2025.0,55000,Used,Not reported,"Tuol Kouk, Phnom Penh",Phnom Penh,Sedan,Electricity,2026-07-28,https://www.khmer24.com/en/post-adid-13483207
13420723,Just few hundred mileage warranty from zeekr Cambodia,Zeekr,Just few hundred mileage,2024.0,35000,Used,Not reported,"Ruessei Kaev, Phnom Penh",Phnom Penh,Sedan,Electricity,2026-07-28,https://www.khmer24.com/en/post-adid-13420723
13813616,GWM Poer,Great Wall,Poer,2026.0,3500,New,Not reported,"Boeng Keng Kang, Phnom Penh",Phnom Penh,Sedan,Gasoline,2026-07-28,https://www.khmer24.com/en/post-adid-13813616
13351834,Jetour T2 Full 2025 ថ្នាំ​ស៉ីន​មួយ​ជុំ​ មហាថ្មី​,Jetour,T2,2025.0,50000,Used,Not reported,"Saensokh, Phnom Penh",Phnom Penh,SUV,Gasoline,2026-07-28,https://www.khmer24.com/en/post-adid-13351834
13454974,JAC,JAC,Model not identified,2025.0,38999,New,Not reported,"Saensokh, Phnom Penh",Phnom Penh,Sedan,Gasoline,2026-07-28,https://www.khmer24.com/en/post-adid-13454974
13320915,2011 Range Sport Diesel for sale,Not identified,Range Sport Diesel,2011.0,14999,Used,Not reported,"Krong Siem Reab, Siem Reap",Siem Reap,Sports,Diesel,2026-07-28,https://www.khmer24.com/en/post-adid-13320915
13663419,BMW G87 M2 Coupe 2024,BMW,M2,2024.0,116000,Used,Not reported,"Por Senchey, Phnom Penh",Phnom Penh,Coupe,Gasoline,2026-07-28,https://www.khmer24.com/en/post-adid-13663419
13692454,2017 C-Class Cabriolet up 2023,Not identified,C-Class,2017.0,46800,Used,Not reported,"Tuol Kouk, Phnom Penh",Phnom Penh,Convertible,Gasoline,2026-07-28,https://www.khmer24.com/en/post-adid-13692454
13668855,Porsche 911 GT3 2016,Porsche,911,2016.0,175000,Used,Not reported,"Por Senchey, Phnom Penh",Phnom Penh,Sports,Gasoline,2026-07-28,https://www.khmer24.com/en/post-adid-13668855
13802646,2023 BMW iX1 xDrive30L M Sport Package,BMW,iX1,2023.0,35800,Used,Not reported,"Saensokh, Phnom Penh",Phnom Penh,Sedan,Electricity,2026-07-28,https://www.khmer24.com/en/post-adid-13802646
13787210,2016 Mercedes Benz AMG GT (Carbonerre full bodykit),Mercedes-Benz,AMG GT,2016.0,108000,Used,Not reported,"Tuol Kouk, Phnom Penh",Phnom Penh,Sports,Gasoline,2026-07-28,https://www.khmer24.com/en/post-adid-13787210
13653966,"Toyota Prius 2008 $13,500 ចរចារ",Toyota,Prius,2008.0,13500,Used,Not reported,"Mean Chey, Phnom Penh",Phnom Penh,Hatchback,Hybrid,2026-07-28,https://www.khmer24.com/en/post-adid-13653966
13786575,លក់Lexus RX330 ម្ចស់ដើម,Lexus,RX,2004.0,20500,Used,Not reported,"Saensokh, Phnom Penh",Phnom Penh,SUV,Gasoline,2026-07-28,https://www.khmer24.com/en/post-adid-13786575
13772072,Honda ens2 តម្លៃត្រឹមតែ2មុឺនស្តើង🥳,Honda,e:N Series,2025.0,23500,New,Not reported,"Saensokh, Phnom Penh",Phnom Penh,Sedan,Electricity,2026-07-28,https://www.khmer24.com/en/post-adid-13772072
13608508,Ford Raptor 2022 សុីន១ជុំ,Ford,F-150,2022.0,44500,Used,Not reported,"Saensokh, Phnom Penh",Phnom Penh,Pickup,Gasoline,2026-07-28,https://www.khmer24.com/en/post-adid-13608508
13766577,Kia morning 015តម្លៃ $9700,Kia,Morning,2015.0,9700,Used,Not reported,"Saensokh, Phnom Penh",Phnom Penh,Hatchback,Gasoline,2026-07-28,https://www.khmer24.com/en/post-adid-13766577
13439186,Mazda CX-5  2016,Mazda,CX-5,2016.0,20800,Used,Not reported,"Doun Penh, Phnom Penh",Phnom Penh,SUV,Gasoline,2026-07-28,https://www.khmer24.com/en/post-adid-13439186
13806423,រថយ Hyundai samtafe ឆ្នាំ2025,Hyundai,samtafe,2025.0,67800,Used,Not reported,"Saensokh, Phnom Penh",Phnom Penh,Sedan,Gasoline,2026-07-28,https://www.khmer24.com/en/post-adid-13806423
13792699,Nissan Patrol  រថយន្តថ្មី  (ក្រដាសពន្ធ) ម៉ាស៊ីនកម្លាំង៖ 3.5L V6 Twin Turbo នាំចូលពីប្រទេសជប៉ុន,Nissan,Patrol,2025.0,165000,New,Not reported,"Saensokh, Phnom Penh",Phnom Penh,SUV,Gasoline,2026-07-28,https://www.khmer24.com/en/post-adid-13792699
13433371,Very fuel-efficient business SUV,Not identified,Very fuel-efficient business SUV,2023.0,26063,Used,Not reported,"Chrouy Changva, Phnom Penh",Phnom Penh,SUV,Gasoline,2026-07-28,https://www.khmer24.com/en/post-adid-13433371
13499438,🛳️មកដល់ខ្មែរចុងខែ5 នេះហើយ៖Karen do 4WD 2014 តម្លៃពិសេស: ក្រដាសពន្ធប្រភេទ Pickup ប្រើម៉ាស៊ូត2.0,Not identified,Karen do WD Pickup,2014.0,13900,Used,Not reported,"Saensokh, Phnom Penh",Phnom Penh,Pickup,Gasoline,2026-07-28,https://www.khmer24.com/en/post-adid-13499438
13734168,ថ្មី95%ទើបប្រើបាន3800km,Not identified,km,2025.0,32800,Used,Not reported,"Ruessei Kaev, Phnom Penh",Phnom Penh,Sedan,Gasoline,2026-07-28,https://www.khmer24.com/en/post-adid-13734168
13531746,ឡានលក់ Camry 08 Hybrid Full option ពណ័ស,Toyota,Camry,2008.0,17200,Used,Not reported,"Doun Penh, Phnom Penh",Phnom Penh,Sedan,Hybrid,2026-07-28,https://www.khmer24.com/en/post-adid-13531746
13702556,2026 AVATR 06T Max Sport Sedan ថ្មី ក្នុងស្តុក,Avatr,Max Sport Sedan,2026.0,49800,New,Not reported,"Mean Chey, Phnom Penh",Phnom Penh,Sedan,Electricity,2026-07-28,https://www.khmer24.com/en/post-adid-13702556
13589476,Prius 2012,Toyota,Prius,2012.0,18900,Used,Not reported,"Por Senchey, Phnom Penh",Phnom Penh,Hatchback,Hybrid,2026-07-28,https://www.khmer24.com/en/post-adid-13589476
13571660,Stargazer MPV 7កៅអី 2026,Not identified,Stargazer MPV,2026.0,29900,New,Not reported,"Doun Penh, Phnom Penh",Phnom Penh,MPV,Gasoline,2026-07-28,https://www.khmer24.com/en/post-adid-13571660
13643503,BYD XIA 2025 មួយទឹកខ្ចី គីឡូតិចតម្លៃល្អ,BYD,Xia,2025.0,58500,Used,Not reported,"Chamkar Mon, Phnom Penh",Phnom Penh,Sedan,Gasoline,2026-07-28,https://www.khmer24.com/en/post-adid-13643503
13187612,Ferrari 488 Spyder,Ferrari,Spyder,2017.0,187000,Used,Not reported,"Tuol Kouk, Phnom Penh",Phnom Penh,Sports,Gasoline,2026-07-28,https://www.khmer24.com/en/post-adid-13187612
13358931,2025 Lamborghini Urus SE Hybrid,Lamborghini,Urus,2025.0,420000,Used,Not reported,"Mean Chey, Phnom Penh",Phnom Penh,SUV,Hybrid,2026-07-28,https://www.khmer24.com/en/post-adid-13358931
13297853,23 Bentleys for sale,Bentley,Model not identified,2023.0,250000,Used,Not reported,"Tuol Kouk, Phnom Penh",Phnom Penh,Sedan,Gasoline,2026-07-28,https://www.khmer24.com/en/post-adid-13297853
13653235,Maserati Ghibli Q4 Twin Turbo 3.0 Ferrari Made Engine,Ferrari,Ghibli,2015.0,33500,Used,Not reported,"Saensokh, Phnom Penh",Phnom Penh,Sports,Gasoline,2026-07-28,https://www.khmer24.com/en/post-adid-13653235
13553472,McLaren 570S 3.8 Spider 2018,McLaren,570S,2018.0,239000,Used,Not reported,"Por Senchey, Phnom Penh",Phnom Penh,Sports,Gasoline,2026-07-28,https://www.khmer24.com/en/post-adid-13553472
13542029,Rolls-Royce Cullinan,Rolls-Royce,Cullinan,2024.0,660000,Used,Not reported,"Doun Penh, Phnom Penh",Phnom Penh,SUV,Gasoline,2026-07-28,https://www.khmer24.com/en/post-adid-13542029
13576123,2021 Aston Martin DBX 4.0 V8,Aston Martin,DBX,2021.0,185000,Used,Not reported,"Mean Chey, Phnom Penh",Phnom Penh,SUV,Gasoline,2026-07-28,https://www.khmer24.com/en/post-adid-13576123
13694899,"Subaru Forester 2019, 50,000km",Subaru,Forester km,2019.0,26500,Used,Not reported,"Saensokh, Phnom Penh",Phnom Penh,SUV,Gasoline,2026-07-28,https://www.khmer24.com/en/post-adid-13694899
13770270,ឡានលក់បងប្អូនប្រភេទMitsubishi-Montero1993មាស៊ូតសុីនតំលៃ4900$ចរចារក្រុងសៀមរាប,Mitsubishi,Montero,1993.0,4900,Used,Not reported,"Krong Siem Reab, Siem Reap",Siem Reap,SUV,Gasoline,2026-07-28,https://www.khmer24.com/en/post-adid-13770270
13533401,VOLKSWAGEN CARAVEL 2019 VIP,Volkswagen,Caravelle,2019.0,36500,Used,Not reported,"Ruessei Kaev, Phnom Penh",Phnom Penh,Sedan,Gasoline,2026-07-28,https://www.khmer24.com/en/post-adid-13533401
13376532,VOLVO XC60 T5 ឆ្នាំ2018 ឡានខ្លាញ់គោស្រុកខ្មែរ ហ្សីន1ជុំ,Volvo,XC60,2018.0,29500,Used,Not reported,"Ruessei Kaev, Phnom Penh",Phnom Penh,SUV,Gasoline,2026-07-28,https://www.khmer24.com/en/post-adid-13376532
13612454,តូច​តែ​គួរឲ្យ​ចាប់អារម្មណ៍​ Chevrolet Spark ពណ៌​ស,Chevrolet,Spark,2012.0,7350,Used,Not reported,"Saensokh, Phnom Penh",Phnom Penh,Sedan,Gasoline,2026-07-28,https://www.khmer24.com/en/post-adid-13612454
13302527,Suzuki celeriacឡានថ្មីណាស់ ម្ចាស់ដើម,Suzuki,celeriac,2013.0,6200,Used,Not reported,"Tuol Kouk, Phnom Penh",Phnom Penh,Sedan,Gasoline,2026-07-28,https://www.khmer24.com/en/post-adid-13302527
13794888,"Isuzu 2,5t ឆ្នាំ2017 ក្រដាស់ពន្ធ",Isuzu,Model not identified,2017.0,15800,Used,Not reported,"Ruessei Kaev, Phnom Penh",Phnom Penh,Sedan,Gasoline,2026-07-28,https://www.khmer24.com/en/post-adid-13794888
13727886,Peugeot 3008 2019 Full option ស្រីនមួយជុំ,Peugeot,3008,2019.0,20500,Used,Not reported,"Chbar Ampov, Phnom Penh",Phnom Penh,SUV,Gasoline,2026-07-28,https://www.khmer24.com/en/post-adid-13727886
13567986,Cadillac Escalade 2025 ESV Sport Platinum,Cadillac,Escalade ESV Sport Platinum,2025.0,197000,Used,Not reported,"Tuol Kouk, Phnom Penh",Phnom Penh,SUV,Gasoline,2026-07-28,https://www.khmer24.com/en/post-adid-13567986
13460786,Geely Galaxy Starship7 (2025)🔥,Geely,Galaxy Starship 7,2025.0,28800,New,Not reported,"Saensokh, Phnom Penh",Phnom Penh,Sedan,Gasoline,2026-07-28,https://www.khmer24.com/en/post-adid-13460786
13694130,CHANGAN NEVO Q07 2026 options ultra,Changan,Q07,2026.0,36600,New,Not reported,"Chrouy Changva, Phnom Penh",Phnom Penh,Sedan,Gasoline,2026-07-28,https://www.khmer24.com/en/post-adid-13694130
13422844,Leapmotor B10 600km English,Leapmotor,B10,2025.0,21900,New,Not reported,"Saensokh, Phnom Penh",Phnom Penh,Sedan,Electricity,2026-07-28,https://www.khmer24.com/en/post-adid-13422844
13739393,Denza N9,Denza,N9,2025.0,86000,Used,Not reported,"Tuol Kouk, Phnom Penh",Phnom Penh,Sedan,Gasoline,2026-07-28,https://www.khmer24.com/en/post-adid-13739393
13797259,Xpeng P7 Plus ធានារោងចក្រ 5ឆ្នាំ,XPeng,P7 Plus,2025.0,35800,Used,Not reported,"Saensokh, Phnom Penh",Phnom Penh,Sedan,Electricity,2026-07-28,https://www.khmer24.com/en/post-adid-13797259
13619098,Zeekr 9X Ultra black edition,Zeekr,9X,2026.0,139000,New,Not reported,"Boeng Keng Kang, Phnom Penh",Phnom Penh,Sedan,Plug-in Hybrid,2026-07-28,https://www.khmer24.com/en/post-adid-13619098
13464782,GWM POER,Great Wall,Poer,2026.0,34500,New,Not reported,"Chbar Ampov, Phnom Penh",Phnom Penh,Sedan,Gasoline,2026-07-28,https://www.khmer24.com/en/post-adid-13464782
13381841,លក់បន្ទាន់ Jetour T2 2024 27000km ជាប់ធានាក្រុមហ៊ុន,Jetour,T2,2024.0,39900,Used,Not reported,"Mean Chey, Phnom Penh",Phnom Penh,SUV,Gasoline,2026-07-28,https://www.khmer24.com/en/post-adid-13381841
13666528,💥អាចដកបានភ្លាមៗ មានក្នុងស្ដុកស្រាប់JAC T9 បច្ចេកវិទ្យាអាល្លឺម្ម៉ង់ តម្លៃ 31500$,JAC,T9,2026.0,31500,New,Not reported,"Saensokh, Phnom Penh",Phnom Penh,Sedan,Gasoline,2026-07-28,https://www.khmer24.com/en/post-adid-13666528
13783703,Range Rover Sport 2007,Land Rover,Range Rover Sport,2007.0,7500,Used,Not reported,"Saensokh, Phnom Penh",Phnom Penh,SUV,Gasoline,2026-07-28,https://www.khmer24.com/en/post-adid-13783703
13692474,2017 C-Class Coupe AMG up 2022,Mercedes-Benz,C-Class,2017.0,36800,Used,Not reported,"Tuol Kouk, Phnom Penh",Phnom Penh,Sports,Gasoline,2026-07-28,https://www.khmer24.com/en/post-adid-13692474
13726481,ចង់លក់កាំរី07 ហាយ ព្រិតខួប50ឆ្នាំ ព៍ណ ស កាំមៃ ហ្វូពេញ ម្ចាស់ដើម,Not identified,Model not identified,2007.0,13000,Used,Not reported,"Mukh Kampul, Kandal",Kandal,Convertible,Gasoline,2026-07-28,https://www.khmer24.com/en/post-adid-13726481
13599424,Porsche Macan 2015 Tax Paper Red Interior,Porsche,Macan,2015.0,48000,Used,Not reported,"Saensokh, Phnom Penh",Phnom Penh,SUV,Gasoline,2026-07-28,https://www.khmer24.com/en/post-adid-13599424
13639975,BMW 740LI,BMW,7 Series,2017.0,42500,Used,Not reported,"Ruessei Kaev, Phnom Penh",Phnom Penh,Sedan,Gasoline,2026-07-28,https://www.khmer24.com/en/post-adid-13639975
13618340,Mercedes-CLA 45 AMG 2016 តម្លៃពិសេសនាំចូលផ្ទាល់,Mercedes-Benz,CLA-Class,2016.0,31500,Used,Not reported,"Saensokh, Phnom Penh",Phnom Penh,Sports,Gasoline,2026-07-28,https://www.khmer24.com/en/post-adid-13618340
13546853,Toyota Pruis 2008 half full 11000$,Toyota,Pruis half,2008.0,11000,Used,Not reported,"Por Senchey, Phnom Penh",Phnom Penh,Sedan,Gasoline,2026-07-28,https://www.khmer24.com/en/post-adid-13546853
13764941,Lexus 330 06/half full  ឡានស្អាតគីឡូតិច តម្លៃ23500$ ចរចា  012858994telegram,Lexus,half telegram,2006.0,23500,Used,Not reported,"Ruessei Kaev, Phnom Penh",Phnom Penh,Sedan,Gasoline,2026-07-28,https://www.khmer24.com/en/post-adid-13764941
13301778,Honda Odyssey 2008 full,Honda,Odyssey,2008.0,12700,Used,Not reported,"Chbar Ampov, Phnom Penh",Phnom Penh,MPV,Gasoline,2026-07-28,https://www.khmer24.com/en/post-adid-13301778
13773549,Ford Ranger Raptor 2022 ម្ចាស់ដើម,Ford,Ranger,2022.0,43000,Used,Not reported,"Saensokh, Phnom Penh",Phnom Penh,Pickup,Gasoline,2026-07-28,https://www.khmer24.com/en/post-adid-13773549
13659033,Kia Morning 05 hf,Kia,Morning,2005.0,4150,Used,Not reported,"Krong Siem Reab, Siem Reap",Siem Reap,Hatchback,Gasoline,2026-07-28,https://www.khmer24.com/en/post-adid-13659033
13798827,Mazda EZ6 2025 full option massage,Mazda,EZ-6,2025.0,27500,New,Not reported,"Por Senchey, Phnom Penh",Phnom Penh,Sedan,Gasoline,2026-07-28,https://www.khmer24.com/en/post-adid-13798827
13617558,Hyundai Custin VIP ប្រេីបាន 8000km មហាថ្មី​ ថ្នាំ​ស៊ីន​មួយ​ជុំ​,Hyundai,Custin,2025.0,33900,Used,Not reported,"Saensokh, Phnom Penh",Phnom Penh,Sedan,Gasoline,2026-07-28,https://www.khmer24.com/en/post-adid-13617558
13689889,NISSAN NX8 2026 options Max 650km,Nissan,NX8,2026.0,36600,New,Not reported,"Chrouy Changva, Phnom Penh",Phnom Penh,SUV,Gasoline,2026-07-28,https://www.khmer24.com/en/post-adid-13689889
13346189,2012 Porsche Cayenne S Hybrid Luxury SUV,Porsche,Cayenne,2012.0,19500,Used,Not reported,"Tuol Kouk, Phnom Penh",Phnom Penh,SUV,Hybrid,2026-07-28,https://www.khmer24.com/en/post-adid-13346189
13655272,ឡានជិះ6មុឺនគីឡូរជាង,Not identified,Model not identified,2019.0,34500,Used,Not reported,"Por Senchey, Phnom Penh",Phnom Penh,Pickup,Gasoline,2026-07-28,https://www.khmer24.com/en/post-adid-13655272
13798133,Mazda ez60,Mazda,EZ-60,2025.0,32000,New,Not reported,"Dangkao, Phnom Penh",Phnom Penh,Sedan,Gasoline,2026-07-28,https://www.khmer24.com/en/post-adid-13798133
13583900,Highlander Hybrid Full Limited 2010 ពណ៌​ស​កាម៉ៃ​ ថ្នាំ​សុីន​មួយ​ជុំ​ សាច់​ដែក​ថ្មី​,Not identified,Highlander,2010.0,31800,Used,Not reported,"Prampir Meakkakra, Phnom Penh",Phnom Penh,SUV,Hybrid,2026-07-28,https://www.khmer24.com/en/post-adid-13583900
13738079,រថយន្តសម្រាប់លក់,Not identified,Model not identified,2008.0,12800,Used,Not reported,"Saensokh, Phnom Penh",Phnom Penh,Sedan,Gasoline,2026-07-28,https://www.khmer24.com/en/post-adid-13738079
13656975,សម្រាប់លក់ម្ចាស់ផ្ទាល់,Not identified,Model not identified,2008.0,13000,Used,Not reported,"Mean Chey, Phnom Penh",Phnom Penh,Hatchback,Gasoline,2026-07-28,https://www.khmer24.com/en/post-adid-13656975
13554729,2007  Previa  MPV,Not identified,Previa MPV,2007.0,13500,Used,Not reported,"Saensokh, Phnom Penh",Phnom Penh,MPV,Gasoline,2026-07-28,https://www.khmer24.com/en/post-adid-13554729
13714338,BYD ORKIDE showroom,BYD,ORKIDE showroom,2025.0,28800,New,Not reported,"Doun Penh, Phnom Penh",Phnom Penh,Sedan,Gasoline,2026-07-28,https://www.khmer24.com/en/post-adid-13714338
13372150,Ferrari 488 GTB 2017,Ferrari,488 GTB,2017.0,198000,Used,Not reported,"Tuol Kouk, Phnom Penh",Phnom Penh,Sports,Gasoline,2026-07-28,https://www.khmer24.com/en/post-adid-13372150
13406530,Lamborghini Aventador with IPE Full System Exhaust,Lamborghini,Aventador,2013.0,269000,Used,Not reported,"Chamkar Mon, Phnom Penh",Phnom Penh,Sports,Gasoline,2026-07-28,https://www.khmer24.com/en/post-adid-13406530
13634997,BENTLEY FLYING SPUR 2015 full option,Bentley,Flying Spur,2015.0,58000,Used,Not reported,"Mean Chey, Phnom Penh",Phnom Penh,Sedan,Gasoline,2026-07-28,https://www.khmer24.com/en/post-adid-13634997
13820269,"2014 Maserati Quattroporte Black For Sale | $25,000 Negotiable",Maserati,Quattroporte,2014.0,25000,Used,Not reported,"Boeng Keng Kang, Phnom Penh",Phnom Penh,Sedan,Gasoline,2026-07-28,https://www.khmer24.com/en/post-adid-13820269
13640585,Mclaren 675LT Spider,McLaren,675LT,2017.0,239000,Used,Not reported,"Tuol Kouk, Phnom Penh",Phnom Penh,Sports,Gasoline,2026-07-28,https://www.khmer24.com/en/post-adid-13640585
13426205,Rolls-Royce Cullinan Mansory kit,Rolls-Royce,Cullinan,2025.0,590000,New,Not reported,"Saensokh, Phnom Penh",Phnom Penh,SUV,Gasoline,2026-07-28,https://www.khmer24.com/en/post-adid-13426205
13610848,"​ឡានម្ខាស់ផ្ទាល់ Matte black, Special car",Aston Martin,Matte black Special,2021.0,258000,Used,Not reported,"Ta Khmau, Kandal",Kandal,Sedan,Gasoline,2026-07-28,https://www.khmer24.com/en/post-adid-13610848
13646476,"Subaru Baja AWD 14,500$",Subaru,Baja AWD,2003.0,14500,Used,Not reported,"Tuol Kouk, Phnom Penh",Phnom Penh,Sedan,Gasoline,2026-07-28,https://www.khmer24.com/en/post-adid-13646476
13559679,Mitsubishi Xforce FUll 2025 ថ្នាំ​ស៊ីន​មួយ​ជុំ​ មហាថ្មី​,Mitsubishi,Xforce,2025.0,29900,Used,Not reported,"Saensokh, Phnom Penh",Phnom Penh,Sedan,Gasoline,2026-07-28,https://www.khmer24.com/en/post-adid-13559679
13705204,ឡានម្ចាស់ដើម Volkswagen Tiguan2020 ទឹកថ្នាំនៅហ្សុីមួយជុំឡាន,Volkswagen,Tiguan,2020.0,25500,Used,Not reported,"Por Senchey, Phnom Penh",Phnom Penh,SUV,Gasoline,2026-07-28,https://www.khmer24.com/en/post-adid-13705204
13239647,Volvo XC90 2016 FULL-OPTION,Volvo,XC90,2016.0,25999,Used,Not reported,"Saensokh, Phnom Penh",Phnom Penh,SUV,Gasoline,2026-07-28,https://www.khmer24.com/en/post-adid-13239647
13819942,Chevrolet tracker 023,Chevrolet,Tracker,2023.0,20200,Used,Not reported,"Dangkao, Phnom Penh",Phnom Penh,Sedan,Gasoline,2026-07-28,https://www.khmer24.com/en/post-adid-13819942
13448576,Suzuki sidekick,Suzuki,sidekick,1993.0,2800,Used,Not reported,"Ta Khmau, Kandal",Kandal,Sedan,Gasoline,2026-07-28,https://www.khmer24.com/en/post-adid-13448576
13351494,Isuzu D.nax Deluxe 2026 ថ្មី100%,Isuzu,nax Deluxe,2026.0,37900,New,Not reported,"Saensokh, Phnom Penh",Phnom Penh,Sedan,Gasoline,2026-07-28,https://www.khmer24.com/en/post-adid-13351494
13661337,PEUGEOT 408 Allure,Peugeot,408,2025.0,32900,New,Not reported,"Boeng Keng Kang, Phnom Penh",Phnom Penh,Sedan,Gasoline,2026-07-28,https://www.khmer24.com/en/post-adid-13661337
13780621,🚙ESCALADE CADILLAC  2016  លក់,Cadillac,ESCALADE,2016.0,47500,Used,Not reported,"Saensokh, Phnom Penh",Phnom Penh,SUV,Gasoline,2026-07-28,https://www.khmer24.com/en/post-adid-13780621
13476299,Geely starship7 2025  សាំង+អគ្គីសនី1575គីឡូអគ្គីសនីមួយពេញបាន 135km,Geely,Galaxy Starship 7,2025.0,28800,New,Not reported,"Chamkar Mon, Phnom Penh",Phnom Penh,Sedan,Gasoline,2026-07-28,https://www.khmer24.com/en/post-adid-13476299
13755446,Changan Q5 506km,Changan,Q05,2026.0,22800,New,Not reported,"Saensokh, Phnom Penh",Phnom Penh,Sedan,Gasoline,2026-07-28,https://www.khmer24.com/en/post-adid-13755446
13771349,Leapmotor B10 Global Spec,Leapmotor,B10,2026.0,26888,New,Not reported,"Saensokh, Phnom Penh",Phnom Penh,Sedan,Electricity,2026-07-28,https://www.khmer24.com/en/post-adid-13771349
13697506,🔱 កម្រខ្លាំងOptionកប់​ 2025 Denza N9 Flagship Black Edition ប្រេីបានជាង 15xxxkm,Denza,N9,2025.0,85500,Used,Not reported,"Boeng Keng Kang, Phnom Penh",Phnom Penh,Sedan,Gasoline,2026-07-28,https://www.khmer24.com/en/post-adid-13697506
13642443,XPeng P7 Ultra Long Range 820km,XPeng,Ultra Long Range km,2025.0,45000,New,Not reported,"Tuol Kouk, Phnom Penh",Phnom Penh,Sedan,Electricity,2026-07-28,https://www.khmer24.com/en/post-adid-13642443
13662885,2026 ZEEKR 9X Ultra 70kwh,Zeekr,9X,2026.0,149000,New,Not reported,"Chamkar Mon, Phnom Penh",Phnom Penh,Sedan,Plug-in Hybrid,2026-07-28,https://www.khmer24.com/en/post-adid-13662885
13345138,🚙 2025 GWM Tank 300 (Black) – For Sale,Great Wall,Tank 300,2025.0,53000,New,Not reported,"Chbar Ampov, Phnom Penh",Phnom Penh,Sedan,Gasoline,2026-07-28,https://www.khmer24.com/en/post-adid-13345138
13159260,Jetour X50 ឆ្នាំ 2026,Jetour,X50,2026.0,21399,New,Not reported,"Chrouy Changva, Phnom Penh",Phnom Penh,SUV,Gasoline,2026-07-28,https://www.khmer24.com/en/post-adid-13159260
13449143,JAC 2.5,JAC,Model not identified,2026.0,19800,New,Not reported,"Saensokh, Phnom Penh",Phnom Penh,Sedan,Gasoline,2026-07-28,https://www.khmer24.com/en/post-adid-13449143
13766648,Range Rover Sport 2008 want to sell,Land Rover,Range Rover Sport want,2008.0,11500,Used,Not reported,"Dangkao, Phnom Penh",Phnom Penh,SUV,Gasoline,2026-07-28,https://www.khmer24.com/en/post-adid-13766648
13819913,2025 l GLE 53 AMG Coupe l 5000 km l 99.99% New,Mercedes-Benz,GLE,2025.0,169000,Used,Not reported,"Chamkar Mon, Phnom Penh",Phnom Penh,SUV,Gasoline,2026-07-28,https://www.khmer24.com/en/post-adid-13819913
13550082,Car For Sale,Not identified,Model not identified,2015.0,28000,Used,Not reported,"Chamkar Mon, Phnom Penh",Phnom Penh,Convertible,Gasoline,2026-07-28,https://www.khmer24.com/en/post-adid-13550082
13365988,2015 Porsche Panamera S Hybrid,Porsche,Panamera,2015.0,52000,Used,Not reported,"Tuol Kouk, Phnom Penh",Phnom Penh,Sedan,Hybrid,2026-07-28,https://www.khmer24.com/en/post-adid-13365988
13609813,2023 BMW iX1 xDrive30L M Sport Package,BMW,iX1,2023.0,33000,Used,Not reported,"Saensokh, Phnom Penh",Phnom Penh,Sedan,Electricity,2026-07-28,https://www.khmer24.com/en/post-adid-13609813
13465603,Mercedes Benz CLA 45 AMG 2014 តម្លៃ​ ធូរ​​ ធូរ 24500$,Mercedes-Benz,CLA-Class,2014.0,24500,Used,Not reported,"Saensokh, Phnom Penh",Phnom Penh,Sports,Gasoline,2026-07-28,https://www.khmer24.com/en/post-adid-13465603
13795714,Toyota arlphard 2014 option G,Toyota,arlphard,2014.0,23800,Used,Not reported,"Popnhea Lueu, Kandal",Kandal,Sedan,Gasoline,2026-07-28,https://www.khmer24.com/en/post-adid-13795714
13705893,Lexus CT200H,Lexus,CT,2012.0,14500,Used,Not reported,"Por Senchey, Phnom Penh",Phnom Penh,Sedan,Gasoline,2026-07-28,https://www.khmer24.com/en/post-adid-13705893
13732032,"Honda CR-V.,ឆ្នាំ97",Honda,CR-V,1997.0,3800,Used,Not reported,"Chbar Ampov, Phnom Penh",Phnom Penh,SUV,Gasoline,2026-07-28,https://www.khmer24.com/en/post-adid-13732032
13610171,Ford Ranger XLT 2023Full option Bi-Turbo,Ford,Ranger,2023.0,37500,Used,Not reported,"Tuol Kouk, Phnom Penh",Phnom Penh,Pickup,Gasoline,2026-07-28,https://www.khmer24.com/en/post-adid-13610171
13690170,Kia morning F Sports 2014 smart key,Kia,Morning,2014.0,9200,Used,Not reported,"Por Senchey, Phnom Penh",Phnom Penh,Hatchback,Gasoline,2026-07-28,https://www.khmer24.com/en/post-adid-13690170
13329991,Mazda EZ-60 EREV អគ្គិសនីលាយសាំង,Mazda,EZ-60,2025.0,44000,New,Not reported,"Chamkar Mon, Phnom Penh",Phnom Penh,Sedan,Gasoline,2026-07-28,https://www.khmer24.com/en/post-adid-13329991
13650002,Hyundai Staria VIP 7 seats,Hyundai,Staria,2025.0,55900,New,Not reported,"Doun Penh, Phnom Penh",Phnom Penh,MPV,Gasoline,2026-07-28,https://www.khmer24.com/en/post-adid-13650002
13723887,Nissan NX8 (EV2026) Max option Range 650km,Nissan,NX8,2026.0,38800,New,Not reported,"Chrouy Changva, Phnom Penh",Phnom Penh,SUV,Gasoline,2026-07-28,https://www.khmer24.com/en/post-adid-13723887
13675989,2005 Lexus RX 300 SUV for Sale,Lexus,RX,2005.0,19500,Used,Not reported,"Ta Khmau, Kandal",Kandal,SUV,Gasoline,2026-07-28,https://www.khmer24.com/en/post-adid-13675989
13753231,Rely R8 Pick-up Option Comfort,Not identified,Rely Pick-up Comfort,2026.0,31800,New,Not reported,"Chrouy Changva, Phnom Penh",Phnom Penh,Pickup,Gasoline,2026-07-28,https://www.khmer24.com/en/post-adid-13753231
13808922,2026 Avatr 07 Elite បើកទូថ្ងៃទី12 ខែ8,Avatr,07,2026.0,37900,New,Not reported,"Dangkao, Phnom Penh",Phnom Penh,Sedan,Electricity,2026-07-28,https://www.khmer24.com/en/post-adid-13808922
13655126,Camry hybrid 2009 Full Option,Toyota,Camry,2009.0,16250,Used,Not reported,"Dangkao, Phnom Penh",Phnom Penh,Sedan,Hybrid,2026-07-28,https://www.khmer24.com/en/post-adid-13655126
13687148,Pruis 012 option2 ក្រដាស់ពន្ធ,Not identified,Pruis,2012.0,17600,Used,Not reported,"Saensokh, Phnom Penh",Phnom Penh,Sedan,Gasoline,2026-07-28,https://www.khmer24.com/en/post-adid-13687148
13304815,ឡានលក់013អប់សិន3ក្នុងលឿង,Not identified,Model not identified,2013.0,19900,Used,Not reported,"Tuol Kouk, Phnom Penh",Phnom Penh,Hatchback,Gasoline,2026-07-28,https://www.khmer24.com/en/post-adid-13304815
13528085,Denza D9 DM-i 2025  luxury 7-seater plug- in hybrid MPV 1.5T engine,Denza,D9,2025.0,78500,New,Not reported,"Prampir Meakkakra, Phnom Penh",Phnom Penh,MPV,Plug-in Hybrid,2026-07-28,https://www.khmer24.com/en/post-adid-13528085
13532525,Car For sale BYD ATTO 3,BYD,Atto 3,2024.0,23000,Used,Not reported,"Chbar Ampov, Phnom Penh",Phnom Penh,Sedan,Electricity,2026-07-28,https://www.khmer24.com/en/post-adid-13532525
13615067,Ferrari 458 Option : Italia Year: 2013,Ferrari,Italia Year:,2013.0,135000,Used,Not reported,"Saensokh, Phnom Penh",Phnom Penh,Sports,Gasoline,2026-07-28,https://www.khmer24.com/en/post-adid-13615067
13773632,Lamborghini Aventador LP700-4 V12,Lamborghini,Aventador,2012.0,219000,Used,Not reported,"Saensokh, Phnom Penh",Phnom Penh,Sports,Gasoline,2026-07-28,https://www.khmer24.com/en/post-adid-13773632
13612046,Bentley Continental GT,Bentley,Continental GT,2013.0,35000,Used,Not reported,"Ruessei Kaev, Phnom Penh",Phnom Penh,Sedan,Gasoline,2026-07-28,https://www.khmer24.com/en/post-adid-13612046
13593934,Maserati Quattroporte Gransport 2021,Maserati,Quattroporte,2021.0,68000,Used,Not reported,"Chamkar Mon, Phnom Penh",Phnom Penh,Sedan,Gasoline,2026-07-28,https://www.khmer24.com/en/post-adid-13593934
13672194,McLaren 650S 3.8 Spider 2015,McLaren,650S,2015.0,138000,Used,Not reported,"Por Senchey, Phnom Penh",Phnom Penh,Sports,Gasoline,2026-07-28,https://www.khmer24.com/en/post-adid-13672194
13798679,Rolls Royce Witaith 2015 V12,Rolls-Royce,Wraith,2015.0,128000,Used,Not reported,"Chrouy Changva, Phnom Penh",Phnom Penh,Sedan,Gasoline,2026-07-28,https://www.khmer24.com/en/post-adid-13798679
13735479,Aston DBX 2021,Aston Martin,DBX,2021.0,198000,Used,Not reported,"Prampir Meakkakra, Phnom Penh",Phnom Penh,SUV,Gasoline,2026-07-28,https://www.khmer24.com/en/post-adid-13735479
13806985,Car For Sale Subaru Forester 2018 🚙🚙,Subaru,Forester,2018.0,19500,Used,Not reported,"Mean Chey, Phnom Penh",Phnom Penh,SUV,Gasoline,2026-07-28,https://www.khmer24.com/en/post-adid-13806985
13622045,mitsubishi triton 2020,Mitsubishi,Triton,2020.0,32000,Used,Not reported,"Chamkar Mon, Phnom Penh",Phnom Penh,Pickup,Gasoline,2026-07-28,https://www.khmer24.com/en/post-adid-13622045
13570413,Volkswagen Multivan 2018 VIP តួវែង Urgent Sale!!!,Volkswagen,Multivan,2018.0,23500,Used,Not reported,"Prampir Meakkakra, Phnom Penh",Phnom Penh,Sedan,Gasoline,2026-07-28,https://www.khmer24.com/en/post-adid-13570413
13775963,Volvo XC60 ឆ្នាំ2020 PP,Volvo,XC60,2020.0,29500,Used,Not reported,"Por Senchey, Phnom Penh",Phnom Penh,SUV,Gasoline,2026-07-28,https://www.khmer24.com/en/post-adid-13775963
13692481,ឡានលក់ម្ចាស់ផ្ទាល់ Chevrolet Tracker 2022 ( 2ម៉ឺនស្តេីង),Chevrolet,Tracker,2022.0,21500,Used,Not reported,"Mean Chey, Phnom Penh",Phnom Penh,Sedan,Gasoline,2026-07-28,https://www.khmer24.com/en/post-adid-13692481
13795313,ឡានលក់ Suzuki Celerio 2020,Suzuki,Celerio,2020.0,6900,Used,Not reported,"Mean Chey, Phnom Penh",Phnom Penh,Sedan,Gasoline,2026-07-28,https://www.khmer24.com/en/post-adid-13795313
13793662,"Isuzu តម្លៃ$37,999",Isuzu,Model not identified,2026.0,37999,New,Not reported,"Por Senchey, Phnom Penh",Phnom Penh,Sedan,Gasoline,2026-07-28,https://www.khmer24.com/en/post-adid-13793662
13667147,🚗 លក់ Peugeot 5008 ស៊េរី 2021 – ឡានប្រើផ្ទាល់ខ្លួន ស្អាតដូចថ្មី 🚗,Peugeot,5008,2021.0,27000,Used,Not reported,"Dangkao, Phnom Penh",Phnom Penh,SUV,Gasoline,2026-07-28,https://www.khmer24.com/en/post-adid-13667147
13614454,Cadillac Escalade ESV Sport platinum 2026,Cadillac,Escalade ESV Sport platinum,2026.0,245000,New,Not reported,"Tuol Kouk, Phnom Penh",Phnom Penh,SUV,Gasoline,2026-07-28,https://www.khmer24.com/en/post-adid-13614454
13334623,Geely Radar PHEV 4WD🔥0976350650,Geely,Radar,2025.0,38800,New,Not reported,"Saensokh, Phnom Penh",Phnom Penh,Sedan,Plug-in Hybrid,2026-07-28,https://www.khmer24.com/en/post-adid-13334623
13618820,Changan Q05 506km option ultra,Changan,Q05,2026.0,22800,New,Not reported,"Saensokh, Phnom Penh",Phnom Penh,Sedan,Gasoline,2026-07-28,https://www.khmer24.com/en/post-adid-13618820
13572474,Leapmotor C10 ឆ្នាំ 2026 Global Spec ជិះបានចម្ងាយ 530km មានធានាច្បាស់លាស់ពីក្រុមហ៊ុននាំចូលផ្លូវការ,Leapmotor,C10,2026.0,28900,New,Not reported,"Mean Chey, Phnom Penh",Phnom Penh,Sedan,Electricity,2026-07-28,https://www.khmer24.com/en/post-adid-13572474
13790790,2025 Denza N9 Full Option,Denza,N9,2025.0,80000,Used,Not reported,"Tuol Kouk, Phnom Penh",Phnom Penh,Sedan,Gasoline,2026-07-28,https://www.khmer24.com/en/post-adid-13790790
13569815,Brand New Xpeng GX 2026,XPeng,GX,2026.0,58800,New,Not reported,"Boeng Keng Kang, Phnom Penh",Phnom Penh,Sedan,Electricity,2026-07-28,https://www.khmer24.com/en/post-adid-13569815
13624812,ZEEKR 9X 2026,Zeekr,9X,2026.0,138800,New,Not reported,"Chamkar Mon, Phnom Penh",Phnom Penh,Sedan,Plug-in Hybrid,2026-07-28,https://www.khmer24.com/en/post-adid-13624812
13625651,GWM tank300,Great Wall,Tank 300,2025.0,48800,Used,Not reported,"Tuol Kouk, Phnom Penh",Phnom Penh,Sedan,Gasoline,2026-07-28,https://www.khmer24.com/en/post-adid-13625651
13586356,ទេីបកាត់បាន!2025 JETOUR T2 4WD ​ឡានរបស់ក្រុមហ៊ុន​ KNN មានធានារយះពេល5ឆ្នាំ,Jetour,T2,2025.0,49999,Used,Not reported,"Ruessei Kaev, Phnom Penh",Phnom Penh,SUV,Gasoline,2026-07-28,https://www.khmer24.com/en/post-adid-13586356
13502625,JAC EV,JAC,EV,2026.0,29999,New,Not reported,"Saensokh, Phnom Penh",Phnom Penh,Sedan,Electricity,2026-07-28,https://www.khmer24.com/en/post-adid-13502625
13286567,NX200t 2015 F-sport,Not identified,NX,2015.0,34800,Used,Not reported,"Saensokh, Phnom Penh",Phnom Penh,SUV,Gasoline,2026-07-28,https://www.khmer24.com/en/post-adid-13286567
13694570,C coupe 2016 AMG Up C63 coupe,Mercedes-Benz,C-Class,2016.0,39000,Used,Not reported,"Tuol Kouk, Phnom Penh",Phnom Penh,Sports,Gasoline,2026-07-28,https://www.khmer24.com/en/post-adid-13694570
13311604,Ford Mustang 2018 full option,Ford,Mustang,2018.0,19999,Used,Not reported,"Saensokh, Phnom Penh",Phnom Penh,Sports,Gasoline,2026-07-28,https://www.khmer24.com/en/post-adid-13311604
13399417,Porsche 981 cayman (up GT4),Porsche,718,2014.0,51000,Used,Not reported,"Chbar Ampov, Phnom Penh",Phnom Penh,Sports,Gasoline,2026-07-28,https://www.khmer24.com/en/post-adid-13399417
13664248,2016 BMW 740Li European Spec Full option,BMW,7 Series,2016.0,53000,Used,Not reported,"Saensokh, Phnom Penh",Phnom Penh,Sedan,Gasoline,2026-07-28,https://www.khmer24.com/en/post-adid-13664248
13719391,Mercedes Benz 2015 C300 AMG 4Matic ហ្សីនមួយជុំគឺឡូម៉ាយ5000 ម៉ាយអត់បុកអត់ច្រះ,Mercedes-Benz,C-Class,2015.0,30500,Used,Not reported,"Prampir Meakkakra, Phnom Penh",Phnom Penh,Sports,Gasoline,2026-07-28,https://www.khmer24.com/en/post-adid-13719391
13567523,Toyota Alphard 🤍 (​ ពណ៌​ស🤍) ​​ V4 2.5L(ម៉ាស៊ីន​សាំង​​),Toyota,Alphard,2016.0,43500,Used,Not reported,"Tuol Kouk, Phnom Penh",Phnom Penh,MPV,Gasoline,2026-07-28,https://www.khmer24.com/en/post-adid-13567523
13776764,Lexus Rx300,Lexus,RX,2000.0,10000,Used,Not reported,"Saensokh, Phnom Penh",Phnom Penh,SUV,Gasoline,2026-07-28,https://www.khmer24.com/en/post-adid-13776764
13797338,HONDA CR-V 2017,Honda,CR-V,2017.0,17800,Used,Not reported,"Chrouy Changva, Phnom Penh",Phnom Penh,SUV,Gasoline,2026-07-28,https://www.khmer24.com/en/post-adid-13797338
13668034,Ford Ranger Wildtrak 2026,Ford,Ranger,2026.0,51900,Used,Not reported,"Saensokh, Phnom Penh",Phnom Penh,Pickup,Gasoline,2026-07-28,https://www.khmer24.com/en/post-adid-13668034
13421178,Kia Morning 2012 full 8100$ ចរចារ,Kia,Morning,2012.0,8100,Used,Not reported,"Saensokh, Phnom Penh",Phnom Penh,Hatchback,Gasoline,2026-07-28,https://www.khmer24.com/en/post-adid-13421178
13811115,Mazda Cx30 Full Option ប្រភេទឡានស្អាត,Mazda,CX-30,2020.0,23800,Used,Not reported,"Dangkao, Phnom Penh",Phnom Penh,Sedan,Gasoline,2026-07-28,https://www.khmer24.com/en/post-adid-13811115
13662641,Hyundai H1 2019,Hyundai,Starex,2019.0,18900,Used,Not reported,"Doun Penh, Phnom Penh",Phnom Penh,Sedan,Gasoline,2026-07-28,https://www.khmer24.com/en/post-adid-13662641
13464819,Nissan Frontier 05 P1 ហ្កាស់រួចឯកសារគ្រប់,Nissan,Frontier,2005.0,11500,Used,Not reported,"Saensokh, Phnom Penh",Phnom Penh,Sedan,Gasoline,2026-07-28,https://www.khmer24.com/en/post-adid-13464819
13292428,Honda HRV SUV 2019 full I-VTEC Econ,Honda,HR-V,2019.0,19900,Used,Not reported,"Ruessei Kaev, Phnom Penh",Phnom Penh,SUV,Gasoline,2026-07-28,https://www.khmer24.com/en/post-adid-13292428
13649035,Hilux Travo មកដល់ខ្មែរហើយ,Not identified,Hilux,2027.0,51100,New,Not reported,"Mean Chey, Phnom Penh",Phnom Penh,Pickup,Gasoline,2026-07-28,https://www.khmer24.com/en/post-adid-13649035
13817273,Avatar 07 2026 Max+,Not identified,Avatar Max+,2026.0,41500,New,Not reported,"Saensokh, Phnom Penh",Phnom Penh,Sedan,Gasoline,2026-07-28,https://www.khmer24.com/en/post-adid-13817273
13449825,2026 Aion i 60 Advanced Edition Hybrid with a Super Range of 1200km,GAC,Aion Advanced Edition Hybrid,2026.0,25600,New,Not reported,"Saensokh, Phnom Penh",Phnom Penh,Sedan,Hybrid,2026-07-28,https://www.khmer24.com/en/post-adid-13449825
13456383,ទ្បានលក់,Not identified,Model not identified,2008.0,11600,Used,Not reported,"Saensokh, Phnom Penh",Phnom Penh,Sedan,Gasoline,2026-07-28,https://www.khmer24.com/en/post-adid-13456383
13494221,ឡានលក់ Prius 05 haft full 8550,Toyota,Prius,2005.0,8550,Used,Not reported,"Saensokh, Phnom Penh",Phnom Penh,Hatchback,Hybrid,2026-07-28,https://www.khmer24.com/en/post-adid-13494221
13799403,🖤BYD Xia MPV DM-I តម្លៃចរចារតាមtelegram 0962068539📲🖤,BYD,Xia,2025.0,55800,Used,Not reported,"Saensokh, Phnom Penh",Phnom Penh,MPV,Plug-in Hybrid,2026-07-28,https://www.khmer24.com/en/post-adid-13799403
13679852,"2025 BYD Seagull, nearly new car with just over 1000 kilometers on it.",BYD,Seagull,2025.0,14800,Used,Not reported,"Saensokh, Phnom Penh",Phnom Penh,Hatchback,Electricity,2026-07-28,https://www.khmer24.com/en/post-adid-13679852
13722313,Ferrari 458 Italia ឆ្នាំ2013 តម្លៃល្អ✅,Ferrari,458 Italia,2013.0,108000,Used,Not reported,"Saensokh, Phnom Penh",Phnom Penh,Sports,Gasoline,2026-07-28,https://www.khmer24.com/en/post-adid-13722313
13454715,2019 Lamborghini Urus តម្លែពិសេស ✨,Lamborghini,Urus,2019.0,250000,Used,Not reported,"Mean Chey, Phnom Penh",Phnom Penh,SUV,Gasoline,2026-07-28,https://www.khmer24.com/en/post-adid-13454715
13781066,Bentley Continental GT S 4.0 2023,Bentley,Continental GT,2023.0,397700,Used,Not reported,"Por Senchey, Phnom Penh",Phnom Penh,Sedan,Gasoline,2026-07-28,https://www.khmer24.com/en/post-adid-13781066
13602246,Car for sale,Maserati,Model not identified,2022.0,120000,Used,Not reported,"Saensokh, Phnom Penh",Phnom Penh,Sedan,Gasoline,2026-07-28,https://www.khmer24.com/en/post-adid-13602246
13618655,McLaren 570S 3.8 Spider 2018,McLaren,570S,2018.0,226500,Used,Not reported,"Por Senchey, Phnom Penh",Phnom Penh,Sports,Gasoline,2026-07-28,https://www.khmer24.com/en/post-adid-13618655
13216268,ROLLS ROYCE PHANTOM05,Rolls-Royce,ROLLS ROYCE PHANTOM,2005.0,80000,Used,Not reported,"Chrouy Changva, Phnom Penh",Phnom Penh,Sedan,Gasoline,2026-07-28,https://www.khmer24.com/en/post-adid-13216268
13768619,Aston Matin V8 Vantage 4.7 Coupe 2015,Not identified,Vantage,2015.0,113500,Used,Not reported,"Por Senchey, Phnom Penh",Phnom Penh,Coupe,Gasoline,2026-07-28,https://www.khmer24.com/en/post-adid-13768619
13807278,រថយន្តនៅស្អាតសម្រាប់លក់ Forester 2022,Subaru,Forester,2022.0,26000,Used,Not reported,"Saensokh, Phnom Penh",Phnom Penh,SUV,Gasoline,2026-07-28,https://www.khmer24.com/en/post-adid-13807278
13736106,MITSUBISHI TRITON,Mitsubishi,Triton,2008.0,13000,Used,Not reported,"Krong Siem Reab, Siem Reap",Siem Reap,Pickup,Gasoline,2026-07-28,https://www.khmer24.com/en/post-adid-13736106
13466636,VOLKSWAGEN CARAVELLE (VIP)✨,Volkswagen,Caravelle,2018.0,33000,Used,Not reported,"Saensokh, Phnom Penh",Phnom Penh,Sedan,Gasoline,2026-07-28,https://www.khmer24.com/en/post-adid-13466636
13605691,"Volvo XC60 2022 (16,000km)",Volvo,XC60,2022.0,51800,Used,Not reported,"Tuol Kouk, Phnom Penh",Phnom Penh,SUV,Gasoline,2026-07-28,https://www.khmer24.com/en/post-adid-13605691
13536340,"ថ្មីណាស់ Chevrolet Equinox 2023 ប្រើតិច​ 20,000km ថ្មីណាស់",Chevrolet,Equinox km,2023.0,29500,Used,Not reported,"Boeng Keng Kang, Phnom Penh",Phnom Penh,Sedan,Gasoline,2026-07-28,https://www.khmer24.com/en/post-adid-13536340
13684946,លក់ SUZUKI JIMNY ឆ្នាំ 2026 6000Km ម្ចាស់ដើមឡានស្អាត ស្កុត filmមួយជុំឡាន សំបក់ថ្មី 5គ្រាប់ ✅,Suzuki,Jimny,2026.0,39000,Used,Not reported,"Krong Siem Reab, Siem Reap",Siem Reap,SUV,Gasoline,2026-07-28,https://www.khmer24.com/en/post-adid-13684946
13597304,Isuzu D-max V cross year 2025 full,Isuzu,D-Max,2025.0,39000,New,Not reported,"Mean Chey, Phnom Penh",Phnom Penh,Pickup,Gasoline,2026-07-28,https://www.khmer24.com/en/post-adid-13597304
13618907,ឡានលក់Peugeot 5008 25000ចរចារ,Peugeot,5008,2017.0,25000,Used,Not reported,"Krong Siem Reab, Siem Reap",Siem Reap,SUV,Gasoline,2026-07-28,https://www.khmer24.com/en/post-adid-13618907
13811910,Cadillac Escalade Sports platinum 2025 Big Seat Full,Cadillac,Escalade Sports platinum Big,2025.0,167000,Used,Not reported,"Prampir Meakkakra, Phnom Penh",Phnom Penh,SUV,Gasoline,2026-07-28,https://www.khmer24.com/en/post-adid-13811910
13795006,Geely M9 full Options 2026,Geely,M9,2026.0,57800,New,Not reported,"Saensokh, Phnom Penh",Phnom Penh,Sedan,Gasoline,2026-07-28,https://www.khmer24.com/en/post-adid-13795006
13399307,Changan Q05 2025,Changan,Q05,2025.0,19800,New,Not reported,"Saensokh, Phnom Penh",Phnom Penh,Sedan,Gasoline,2026-07-28,https://www.khmer24.com/en/post-adid-13399307
13558646,LEAPMOTOR C01 625km ថ្មី 💯  ក្នុងស្តុក,Leapmotor,km,2024.0,26800,New,Not reported,"Mean Chey, Phnom Penh",Phnom Penh,Sedan,Electricity,2026-07-28,https://www.khmer24.com/en/post-adid-13558646
13249528,DENZA D9 2024 លក់លាងឃ្លាំង Top option កៅអីម៉ាស្សា4 DVDក្បាលខ្នើយ តម្លៃមហាពិសេស,Denza,D9,2024.0,58900,New,Not reported,"Prampir Meakkakra, Phnom Penh",Phnom Penh,MPV,Gasoline,2026-07-28,https://www.khmer24.com/en/post-adid-13249528
13821423,XPeng X9 2026 ម្ចាស់ផ្ទាល់,XPeng,X9,2026.0,56000,Used,Not reported,"Saensokh, Phnom Penh",Phnom Penh,Sedan,Electricity,2026-07-28,https://www.khmer24.com/en/post-adid-13821423
13739360,Zeekr  9X Black Knight version,Zeekr,9X,2026.0,139800,New,Not reported,"Tuol Kouk, Phnom Penh",Phnom Penh,Sedan,Plug-in Hybrid,2026-07-28,https://www.khmer24.com/en/post-adid-13739360
13625633,GWM tank300,Great Wall,Tank 300,2025.0,48800,Used,Not reported,"Tuol Kouk, Phnom Penh",Phnom Penh,Sedan,Gasoline,2026-07-28,https://www.khmer24.com/en/post-adid-13625633
13606169,Jetour X70 Plus 2022,Jetour,X70 Plus,2022.0,18500,Used,Not reported,"Tuol Kouk, Phnom Penh",Phnom Penh,SUV,Gasoline,2026-07-28,https://www.khmer24.com/en/post-adid-13606169
13563162,JAC EV car,JAC,EV,2026.0,25999,New,Not reported,"Saensokh, Phnom Penh",Phnom Penh,Sedan,Electricity,2026-07-28,https://www.khmer24.com/en/post-adid-13563162
13663036,NX200T F-sport 2017 ក្នុង cherry ហ្សុីន,Not identified,NX,2017.0,35500,Used,Not reported,"Tuol Kouk, Phnom Penh",Phnom Penh,SUV,Gasoline,2026-07-28,https://www.khmer24.com/en/post-adid-13663036
13821000,BMW M2 G87 Coupe 2025,BMW,M2,2025.0,155000,Used,Not reported,"Por Senchey, Phnom Penh",Phnom Penh,Coupe,Gasoline,2026-07-28,https://www.khmer24.com/en/post-adid-13821000
13759861,Mustang 2018 Full option បើក បិត ដំបូល បាន,Not identified,Mustang,2018.0,19999,Used,Not reported,"Saensokh, Phnom Penh",Phnom Penh,Sports,Gasoline,2026-07-28,https://www.khmer24.com/en/post-adid-13759861
13500415,Porsches Carrera S ក្រដាសពន្ធថ្មី,Porsche,Carrera,2020.0,173500,Used,Not reported,"Chamkar Mon, Phnom Penh",Phnom Penh,Sedan,Gasoline,2026-07-28,https://www.khmer24.com/en/post-adid-13500415
13734570,មកដល់ក្តៅៗ BMW I 3 full options ឡានកាលីសុទ្ធ,BMW,options,2014.0,9300,Used,Not reported,"Por Senchey, Phnom Penh",Phnom Penh,Sedan,Gasoline,2026-07-28,https://www.khmer24.com/en/post-adid-13734570
13693445,Mercedes AMG GLB35 4Matic 2022,Mercedes-Benz,GLB,2022.0,65200,Used,Not reported,"Por Senchey, Phnom Penh",Phnom Penh,Sports,Gasoline,2026-07-28,https://www.khmer24.com/en/post-adid-13693445
13582554,Toyota Prius 04.  ស្អាត,Toyota,Prius,2004.0,8900,Used,Not reported,"Saensokh, Phnom Penh",Phnom Penh,Hatchback,Hybrid,2026-07-28,https://www.khmer24.com/en/post-adid-13582554
13783562,Lexus RX300,Lexus,RX,2022.0,11000,Used,Not reported,"Chbar Ampov, Phnom Penh",Phnom Penh,SUV,Gasoline,2026-07-28,https://www.khmer24.com/en/post-adid-13783562
13156300,Honda acc 93​ លេខដៃ​ (វ៉ៃដូរHiace),Honda,acc Hiace,1993.0,4450,Used,Not reported,"Paoy Paet, Banteay Meanchey",Banteay Meanchey,Sedan,Gasoline,2026-07-28,https://www.khmer24.com/en/post-adid-13156300
13719554,Ford Ranger Wildtrak 2023,Ford,Ranger,2023.0,42900,Used,Not reported,"Chamkar Mon, Phnom Penh",Phnom Penh,Pickup,Gasoline,2026-07-28,https://www.khmer24.com/en/post-adid-13719554
13568370,KIA Morning 015 - Full Option F-Sport តម្លៃចរចារ,Kia,Morning,2015.0,10300,Used,Not reported,"Chrouy Changva, Phnom Penh",Phnom Penh,Hatchback,Gasoline,2026-07-28,https://www.khmer24.com/en/post-adid-13568370
13756108,Mazda CX5 2018 Full option,Mazda,CX-5,2018.0,26800,Used,Not reported,"Tuol Kouk, Phnom Penh",Phnom Penh,SUV,Gasoline,2026-07-28,https://www.khmer24.com/en/post-adid-13756108
13753257,Hyundai Palisade Premium 2026,Hyundai,Palisade,2026.0,75900,New,Not reported,"Doun Penh, Phnom Penh",Phnom Penh,SUV,Gasoline,2026-07-28,https://www.khmer24.com/en/post-adid-13753257
13817657,Nissan Frontier ឆ្នាំ 07 ប៉ុង1,Nissan,Frontier,2007.0,10500,Used,Not reported,"Por Senchey, Phnom Penh",Phnom Penh,Sedan,Gasoline,2026-07-28,https://www.khmer24.com/en/post-adid-13817657
13752989,តម្លៃស្ដើងខ្លាំងSUV 5កៅអី,Not identified,Model not identified,2026.0,22800,New,Not reported,"Prampir Meakkakra, Phnom Penh",Phnom Penh,SUV,Gasoline,2026-07-28,https://www.khmer24.com/en/post-adid-13752989
13635079,𝐅𝐎𝐑𝐃 𝐑𝐀𝐍𝐆𝐄𝐑 𝐖𝐈𝐋𝐃𝐓𝐑𝐀𝐊 𝟐𝟎𝟏𝟗,Not identified,Model not identified,2019.0,31500,Used,Not reported,"Tuol Kouk, Phnom Penh",Phnom Penh,Pickup,Gasoline,2026-07-28,https://www.khmer24.com/en/post-adid-13635079
13732052,"ឡានម្ចាស់ដើមជិះផ្ទាល់, អត់បុកអត់ប៉ះធានាឡានស្អាត, Full Option Ev",Not identified,Ev,2023.0,25000,Used,Not reported,"Krong Siem Reab, Siem Reap",Siem Reap,Sedan,Electricity,2026-07-28,https://www.khmer24.com/en/post-adid-13732052
13497002,07 Hybrid អាគុយ020,Not identified,Hybrid,2007.0,15800,Used,Not reported,"Saensokh, Phnom Penh",Phnom Penh,Sedan,Hybrid,2026-07-28,https://www.khmer24.com/en/post-adid-13497002
13576350,លក់ត្រូវការដូរសេរី,Not identified,Model not identified,2010.0,16168,Used,Not reported,"Mean Chey, Phnom Penh",Phnom Penh,Sedan,Gasoline,2026-07-28,https://www.khmer24.com/en/post-adid-13576350
13537629,012 លក់ធូៗ ចែកបងប្អូនប្រើ,Not identified,Model not identified,2012.0,7875,Used,Not reported,"Dangkao, Phnom Penh",Phnom Penh,Hatchback,Gasoline,2026-07-28,https://www.khmer24.com/en/post-adid-13537629
13514942,LUXURY MPV CUSTIN,Not identified,Custin,2025.0,39900,New,Not reported,"Krong Siem Reab, Siem Reap",Siem Reap,MPV,Gasoline,2026-07-28,https://www.khmer24.com/en/post-adid-13514942
13793791,BYD dolphin range 420km,BYD,Dolphin,2023.0,14800,Used,Not reported,"Saensokh, Phnom Penh",Phnom Penh,Hatchback,Electricity,2026-07-28,https://www.khmer24.com/en/post-adid-13793791
13640590,Ferrari 488 GTB,Ferrari,488 GTB,2016.0,173000,Used,Not reported,"Tuol Kouk, Phnom Penh",Phnom Penh,Sports,Gasoline,2026-07-28,https://www.khmer24.com/en/post-adid-13640590
13744370,Lamborghini Urus 2019,Lamborghini,Urus,2019.0,288800,Used,Not reported,"Por Senchey, Phnom Penh",Phnom Penh,SUV,Gasoline,2026-07-28,https://www.khmer24.com/en/post-adid-13744370
13603342,Bentley,Bentley,Model not identified,2013.0,35000,Used,Not reported,"Chamkar Mon, Phnom Penh",Phnom Penh,Sedan,Gasoline,2026-07-28,https://www.khmer24.com/en/post-adid-13603342
13811134,玛莎拉蒂总裁v8 GTS,Maserati,GTS,2015.0,25000,Used,Not reported,"Saensokh, Phnom Penh",Phnom Penh,Sedan,Gasoline,2026-07-28,https://www.khmer24.com/en/post-adid-13811134
13618645,McLaren GT 4.0 2022,McLaren,GT,2022.0,326000,Used,Not reported,"Por Senchey, Phnom Penh",Phnom Penh,Sports,Gasoline,2026-07-28,https://www.khmer24.com/en/post-adid-13618645
13500642,Rolls-Royce Ghost,Rolls-Royce,Ghost,2022.0,568000,Used,Not reported,"Krong Preah Sihanouk, Preah Sihanouk",Preah Sihanouk,Sedan,Gasoline,2026-07-28,https://www.khmer24.com/en/post-adid-13500642
13728745,ឡានលក់ម្ចាស់ដើមផ្ទាល់,Subaru,Model not identified,2019.0,23000,Used,Not reported,"Dangkao, Phnom Penh",Phnom Penh,Sedan,Gasoline,2026-07-28,https://www.khmer24.com/en/post-adid-13728745
13591115,Mitsubishi lancer EVO X MR 2008 Full option,Mitsubishi,lancer EVO MR,2008.0,29500,Used,Not reported,"Saensokh, Phnom Penh",Phnom Penh,Sedan,Gasoline,2026-07-28,https://www.khmer24.com/en/post-adid-13591115
13586749,៖  Volkswagen Caravelle តួវែង​  2018​ (​ ពណ៌ខ្មៅ🖤)V4 2.0L( ម៉ាស៊ីន​សាំង​​ ),Volkswagen,Caravelle,2018.0,29500,Used,Not reported,"Tuol Kouk, Phnom Penh",Phnom Penh,Sedan,Gasoline,2026-07-28,https://www.khmer24.com/en/post-adid-13586749
13316576,Volvo XC60,Volvo,XC60,2018.0,23000,Used,Not reported,"Tuol Kouk, Phnom Penh",Phnom Penh,SUV,Gasoline,2026-07-28,https://www.khmer24.com/en/post-adid-13316576
13688550,Chevrolet Camaro 2019 (ឡានស្អាត),Chevrolet,Camaro,2019.0,24500,Used,Not reported,"Tuol Kouk, Phnom Penh",Phnom Penh,Sports,Gasoline,2026-07-28,https://www.khmer24.com/en/post-adid-13688550
13660693,Suzuki Fronx,Suzuki,Fronx,2026.0,31900,New,Not reported,"Krong Battambang, Battambang",Battambang,Sedan,Gasoline,2026-07-28,https://www.khmer24.com/en/post-adid-13660693
13423810,"ISUZU big truck 3.5T, year 2023",Isuzu,big truck year,2023.0,19999,Used,Not reported,"Chamkar Mon, Phnom Penh",Phnom Penh,Sedan,Gasoline,2026-07-28,https://www.khmer24.com/en/post-adid-13423810
13697655,Peugeot 2021 3008,Peugeot,3008,2021.0,21500,Used,Not reported,"Chrouy Changva, Phnom Penh",Phnom Penh,SUV,Gasoline,2026-07-28,https://www.khmer24.com/en/post-adid-13697655
13671338,Cadillac Escalade ESV platinum បង់មុន 30% អាចយកឡានជិះបាន,Cadillac,Escalade ESV platinum,2016.0,63500,Used,Not reported,"Chrouy Changva, Phnom Penh",Phnom Penh,SUV,Gasoline,2026-07-28,https://www.khmer24.com/en/post-adid-13671338
13606740,Geely Geome,Geely,Geome,2025.0,16800,New,Not reported,"Saensokh, Phnom Penh",Phnom Penh,Sedan,Gasoline,2026-07-28,https://www.khmer24.com/en/post-adid-13606740
13772855,Changan Q07 PHEV 145km 32800$/215km 34800$,Changan,Q07,2025.0,34800,New,Not reported,"Chbar Ampov, Phnom Penh",Phnom Penh,Sedan,Plug-in Hybrid,2026-07-28,https://www.khmer24.com/en/post-adid-13772855
13572494,Leapmotor B10 ឆ្នាំ 2026 global spec Rank 600km,Leapmotor,B10,2026.0,26888,New,Not reported,"Mean Chey, Phnom Penh",Phnom Penh,Sedan,Electricity,2026-07-28,https://www.khmer24.com/en/post-adid-13572494
13244661,DENZA D9 EV 620km Telegram 0965555881,Denza,D9,2025.0,63800,New,Not reported,"Chbar Ampov, Phnom Penh",Phnom Penh,MPV,Electricity,2026-07-28,https://www.khmer24.com/en/post-adid-13244661
13712054,XPeng P7 Ultra Long Range 820km,XPeng,Ultra Long Range km,2025.0,46000,New,Not reported,"Chamkar Mon, Phnom Penh",Phnom Penh,Sedan,Electricity,2026-07-28,https://www.khmer24.com/en/post-adid-13712054
13554143,Zeekr 9X Telegram 0965555881,Zeekr,9X,2025.0,148000,New,Not reported,"Chbar Ampov, Phnom Penh",Phnom Penh,Sedan,Plug-in Hybrid,2026-07-28,https://www.khmer24.com/en/post-adid-13554143
