listing_id,fuel_economy,cylinders,displacement_l,seats,transmission,spec_source_name,spec_source_url,spec_confidence,spec_note
13333736,20–30 mpg combined (EPA),4 or 6 or 8,2 L or 3 L or 4 L,4,Automatic 7-spd,U.S. DOE/EPA FuelEconomy.gov,https://www.fueleconomy.gov/feg/Find.do?action=sbs&id=36659&id=36737&id=36738,Exact year/make/model EPA range,"EPA values cover matching U.S.-market configurations. The imported Cambodian trim may use a different engine, transmission, battery, or test cycle."
13795748,24 mpg combined,4,2.0 L,5,9-speed automatic,U.S. DOE/EPA FuelEconomy.gov,https://www.fueleconomy.gov/feg/Find.do?action=sbs&id=36512,Exact model-year reference,Reference is a U.S.-market configuration; verify the imported vehicle.
13715137,7.5 L/100 km,4,1.5 L turbo,7,7-speed dual-clutch,GAC M6 model-family specification,https://www.gacgroup.com/en/mpv/gac-m6,Model-family reference,GN6/M6 specification; the listing does not identify the exact trim.
13796045,48 mpg combined,4,1.8 L,5,e-CVT,U.S. DOE/EPA FuelEconomy.gov,https://www.fueleconomy.gov/feg/Find.do?action=sbs&id=31767,Exact model-year reference,Reference is a U.S.-market Prius configuration.
13589502,28–29 mpg combined,4,1.5 L,5,4-speed automatic or 5-speed manual,U.S. DOE/EPA FuelEconomy.gov,https://www.fueleconomy.gov/feg/Find.do?action=sbs&id=19901&id=19902,Model-year range,The listing does not identify which transmission is installed.
13763152,670 km CLTC range; energy use not reported,N/A (electric),N/A (electric),4,Single-speed electric drive,AVATR official configuration,https://www.avatr.com/en/configuration?car=12,Exact Royal Edition reference,EV range is shown instead of gasoline fuel economy and may vary in real use.
13803753,52.3–64.2 UK mpg combined (official Picanto family configurations),4,1.0 L,5,4-speed automatic or 5-speed manual,Kia Picanto official specification,https://www.kia.com/content/dam/kwcms/kme/uk/en/assets/vehicles/All-New%20Picanto/Specifications/all-new-picanto-specification.PDF,Official manufacturer model-family range,Kia Morning is sold as Picanto in other markets. Figures are a model-family range; confirm the Cambodian import's engine.
13567301,95 MPGe combined; 50 mpg in hybrid mode,4,1.8 L,5,e-CVT,Toyota and U.S. DOE/EPA reference,https://www.fueleconomy.gov/feg/Find.do?action=sbs&id=32484,Exact model-year reference,Plug-in efficiency depends on charging and driving mode.
13290207,19 mpg combined,8,4.6 L,5,8-speed automatic,U.S. DOE/EPA FuelEconomy.gov,https://www.fueleconomy.gov/feg/Find.do?action=sbs&id=23584,Exact model-year reference,Reference is a U.S.-market LS 460 L configuration.
13803862,16–18 mpg combined,6,3.4 L,2–5 depending on cab,4-speed automatic or 5-speed manual,U.S. DOE/EPA FuelEconomy.gov,https://www.fueleconomy.gov/feg/Find.do?action=sbs&id=16992&id=17042,Model-year range,"The title identifies a V6 but not drive system, cab, or transmission."
13697560,9.5–19.4 km/L (official Japanese test cycles; powertrain dependent),6,3.5 L,7,8-speed automatic,Toyota Global Newsroom,https://global.toyota/en/newsroom/toyota/23310520.html,Official manufacturer model-family range,Official Alphard family figures span gasoline and hybrid grades. Confirm the imported vehicle's grade and test cycle.
13807663,18 mpg combined,6,3.0 L,5,4-speed automatic,U.S. DOE/EPA FuelEconomy.gov,https://www.fueleconomy.gov/feg/Find.do?action=sbs&id=16904&id=16905,Exact model-year range,Fuel economy varies slightly between front-wheel and all-wheel drive.
13790669,Official figure unavailable: seller did not identify the exact engine/trim,4,1.5 L turbo,5,7-speed dual-clutch,MG Cambodia RX5 brochure,https://mgmotor.com.kh/wp-content/uploads/2024/07/RX5-Brochure-compressed.pdf,Model-family reference,Current Cambodia brochure; verify that the 2020 vehicle uses the same powertrain.
13799118,24 mpg combined,4,2.0 L turbo,5,6-speed automatic,U.S. DOE/EPA FuelEconomy.gov,https://www.fueleconomy.gov/feg/Find.do?action=sbs&id=39588,Exact model-year reference,Reference is the U.S.-market NX 300 AWD F Sport.
13759750,19–23 mpg combined on gasoline,4 or 6,2.2 L or 3.0 L,5,4-speed automatic or 5-speed manual,U.S. DOE/EPA FuelEconomy.gov,https://www.fueleconomy.gov/feg/Find.do?action=sbs&id=13605&id=13607,Model-year range,The listing does not identify engine or transmission; LPG use changes consumption.
13747561,Official figure unavailable: seller did not identify the exact engine/trim,6,3.5 L twin-turbo,7,10-speed automatic,Toyota Land Cruiser 300 reference,https://global.toyota/en/newsroom/toyota/35584064.html,Model-family reference,The title identifies a gasoline V6 GR Sport; verify the import-market configuration.
13690563,13 mpg combined,8,4.7 L,8,4-speed automatic,U.S. DOE/EPA and Lexus LX 470 reference,https://www.fueleconomy.gov/feg/Find.do?action=sbs&id=16366,Exact model-year reference,The listing says Lexus LX; specification assumes the 2000 LX 470.
13628960,8.1 L/100 km,4,1.6 L turbo,7,7-speed dual-clutch,Jetour X95 technical reference,https://www.auto-data.net/en/jetour-x95-generation-10542,Model-year reference,The listing does not identify trim; published X95 engines vary by market.
13352941,8.9–10.7 km/L in official regional diesel tests,4,2.0 L bi-turbo diesel,5,10-speed automatic,Ford Ranger official specifications,https://media.ford.com/content/dam/fordmedia/img/MiddleEast/2023/15May/Next%20Generation%20Ranger%20Spec%20Sheet%20x%20English%20%281%29.pdf,Official manufacturer model-family range,"Ranger specifications vary by cab, engine, and market. Confirm that the listing is the double-cab version."
13218946,15–16 mpg combined,6,3.5 L twin-turbo,5,10-speed automatic,U.S. DOE/EPA FuelEconomy.gov,https://www.fueleconomy.gov/feg/Find.do?action=sbs&id=44367&id=44368,Exact model-year range,Fuel economy varies with wheel and tire package.
13809070,16.8 kWh/100 km WLTP,N/A (electric),N/A (electric),5,Single-speed electric drive,Lexus UX 300e official reference,https://newsroom.lexus.eu/new-lexus-ux-300e/,Model-year reference,"Energy use and range depend on test cycle, battery condition, and driving."
13799606,16–21 mpg combined,4 or 6,2.7 L or 4.0 L,2–5 depending on cab,4/5-speed automatic or 5/6-speed manual,U.S. DOE/EPA FuelEconomy.gov,https://www.fueleconomy.gov/feg/Find.do?action=sbs&id=22232&id=22234,Model-year range,"The listing does not identify engine, cab, drive system, or transmission."
13793654,48 mpg combined,4,1.8 L,5,e-CVT,U.S. DOE/EPA FuelEconomy.gov,https://www.fueleconomy.gov/feg/Find.do?action=sbs&id=31767,Exact model-year reference,Reference is a U.S.-market Prius configuration.
13792349,15 mpg combined (EPA),8,5.7 L,7–8,Automatic (S6),U.S. DOE/EPA FuelEconomy.gov,https://www.fueleconomy.gov/feg/Find.do?action=sbs&id=34327,Exact year/make/model EPA range,"EPA values cover matching U.S.-market configurations. The imported Cambodian trim may use a different engine, transmission, battery, or test cycle."
13787190,8.9–10.7 km/L in official regional diesel tests,4,2.0 L bi-turbo diesel,5,10-speed automatic,Ford Ranger official specifications,https://media.ford.com/content/dam/fordmedia/img/MiddleEast/2023/15May/Next%20Generation%20Ranger%20Spec%20Sheet%20x%20English%20%281%29.pdf,Official manufacturer model-family range,"Ranger specifications vary by cab, engine, and market. Confirm that the listing is the double-cab version."
13764966,48 mpg combined,4,1.8 L,5,e-CVT,U.S. DOE/EPA FuelEconomy.gov,https://www.fueleconomy.gov/feg/Find.do?action=sbs&id=33324,Exact model-year reference,Reference is a U.S.-market Prius configuration.
13763369,14–15 mpg combined,8,5.0 L,5,6-speed automatic,U.S. DOE/EPA FuelEconomy.gov,https://www.fueleconomy.gov/feg/Find.do?action=sbs&id=30789&id=30790,Exact model-year range,Fuel economy depends on the naturally aspirated or supercharged HSE configuration.
13759399,15 mpg combined,8,5.7 L,8,6-speed automatic,U.S. DOE/EPA FuelEconomy.gov,https://www.fueleconomy.gov/feg/Find.do?action=sbs&id=26212,Exact model-year reference,Reference is a U.S.-market Land Cruiser Wagon 4WD.
13269350,19 mpg combined,6,3.0 L supercharged,5,8-speed automatic,U.S. DOE/EPA FuelEconomy.gov,https://www.fueleconomy.gov/feg/Find.do?action=sbs&id=39808,Exact model-year reference,The listing identifies a gasoline V6; reference is the U.S.-market configuration.
13811777,19–23 mpg combined,4 or 6,2.0 L turbo or 3.6 L,4–5,6-speed manual or 8-speed automatic,U.S. DOE/EPA FuelEconomy.gov,https://www.fueleconomy.gov/feg/Find.do?action=sbs&id=41677&id=41763,Model-year range,"Rubicon body, engine, and transmission are not identified by the listing."
13273721,52.3–64.2 UK mpg combined (official Picanto family configurations),4,1.0 L or 1.1 L,5,4-speed automatic or 5-speed manual,Kia Picanto official specification,https://www.kia.com/content/dam/kwcms/kme/uk/en/assets/vehicles/All-New%20Picanto/Specifications/all-new-picanto-specification.PDF,Official manufacturer model-family range,Kia Morning is sold as Picanto in other markets. Figures are a model-family range; confirm the Cambodian import's engine.
13747303,18 mpg combined,6,3.0 L,7,4-speed automatic,U.S. DOE/EPA FuelEconomy.gov,https://www.fueleconomy.gov/feg/Find.do?action=sbs&id=18133&id=18247,Exact model-year range,The title identifies a V6; drive system is not reported.
13773197,15 mpg combined (EPA),8,5.7 L,7–8,Automatic (S6),U.S. DOE/EPA FuelEconomy.gov,https://www.fueleconomy.gov/feg/Find.do?action=sbs&id=32227,Exact year/make/model EPA range,"EPA values cover matching U.S.-market configurations. The imported Cambodian trim may use a different engine, transmission, battery, or test cycle."
13509854,8.9–10.7 km/L in official regional diesel tests,4,2.0 L bi-turbo diesel,5,10-speed automatic,Ford Ranger official specifications,https://media.ford.com/content/dam/fordmedia/img/MiddleEast/2023/15May/Next%20Generation%20Ranger%20Spec%20Sheet%20x%20English%20%281%29.pdf,Official manufacturer model-family range,"Ranger specifications vary by cab, engine, and market. Confirm that the listing is the double-cab version."
13497409,9.5–19.4 km/L (official Japanese test cycles; powertrain dependent),6,3.5 L,7,8-speed automatic,Toyota Global Newsroom,https://global.toyota/en/newsroom/toyota/23310520.html,Official manufacturer model-family range,Official Alphard family figures span gasoline and hybrid grades. Confirm the imported vehicle's grade and test cycle.
13346191,Official figure unavailable: seller did not identify the exact engine/trim,4,2.8 L turbo diesel,7,6-speed automatic,Toyota Land Cruiser Prado model-family reference,https://global.toyota/en/newsroom/toyota/39526684.html,Model-family reference,The listing does not report a model year; specifications are a modern VXL reference only.
13723926,21–24 mpg combined,4 or 6,2.4 L or 3.0 L,5,4-speed automatic,U.S. DOE/EPA FuelEconomy.gov,https://www.fueleconomy.gov/feg/Find.do?action=sbs&id=17759&id=17761,Model-year range,Camry LE was available with multiple engines; the listing does not identify one.
13769348,13.5 km/L combined,3,1.0 L,5,4-speed automatic,Kia Ray model-family reference,https://www.kia.com/kr/vehicles/ray/features,Model-family reference,Korean-market trim and test-cycle values may differ from the imported vehicle.
13534823,Range unavailable: seller did not identify the exact battery/model version,N/A (electric),N/A (electric),5,Single-speed electric drive,Khmer24 listing and model-family EV reference,https://www.khmer24.com/km/deepal-s05-adid-13534823,Model-family reference,The listing does not identify the battery or exact S05 powertrain; verify the imported trim and driving range.
13753452,Range unavailable: seller did not identify the exact battery/model version,N/A (electric),N/A (electric),5,Single-speed electric drive,Khmer24 listing and model-family EV reference,https://www.khmer24.com/km/mg-marvel-r-adid-13753452,Model-family reference,The listing does not identify the model year or battery configuration; verify the exact imported trim.
13772425,Range unavailable: seller did not identify the exact battery/model version,N/A (electric),N/A (electric),5,Single-speed electric drive,Khmer24 listing and model-family EV reference,https://www.khmer24.com/km/deepal-so5-2026-full-option-ultra-adid-13772425,Model-family reference,The seller identifies an S05 Ultra but does not state its battery or certified range.
13661008,Seller advertises 520 km range,N/A (electric),N/A (electric),5,Single-speed electric drive,Khmer24 listing,https://www.khmer24.com/km/toyota-bz3x-025-520km-adid-13661008,Seller-advertised range,Range is a seller claim and its test cycle is not identified; verify the exact battery and trim.
13812115,Seller advertises 520 km range,N/A (electric),N/A (electric),5,Single-speed electric drive,Khmer24 listing,https://www.khmer24.com/km/toyota-bz3x-026-full-option-range-520km-adid-13812115,Seller-advertised range,Range is a seller claim and its test cycle is not identified; verify the exact battery and trim.
13768999,Range unavailable: seller did not identify the exact battery/model version,N/A (electric),N/A (electric),5,Single-speed electric drive,Khmer24 listing and model-family EV reference,https://www.khmer24.com/km/4-2025-honda-enp2-advance-adid-13768999,Model-family reference,The seller reports about 4000 km of use but does not identify the battery or certified driving range.
13795381,Seller advertises 650 km range,N/A (electric),N/A (electric),5,Single-speed electric drive,Khmer24 listing,https://www.khmer24.com/km/gac-aion-i60650-advanced-edition-adid-13795381,Seller-advertised range,Range is a seller claim and its test cycle is not identified; verify the exact Aion trim.
13788156,Range unavailable: seller did not identify the exact battery/model version,N/A (electric),N/A (electric),5,Single-speed electric drive,Tesla Model 3 model-family reference,https://www.tesla.com/model3,Model-family reference,The listing does not identify a model year; battery capacity and certified range vary by year and market.
13669621,Range unavailable: seller did not identify the exact battery/model version,N/A (electric),N/A (electric),4,Single-speed electric drive,MINI JCW Electric model-family reference,https://www.mini.com/en_MS/home/range/mini-cooper/john-cooper-works.html,Model-family reference,Verify the exact battery and market-specific driving range of the imported vehicle.
13682685,300–380 km NEDC range (sold globally as DOLPHIN MINI),N/A (electric),N/A (electric),5,Single-speed electric drive,BYD DOLPHIN MINI official specification,https://www.byd.com/content/dam/byd-site/america-public/flyer/BYD-DOLPHIN-MINI-flyer-ES-20231116.pdf,Official manufacturer model-family range,BYD Seagull is marketed as DOLPHIN MINI in several export markets.
13791061,Range unavailable: seller did not identify the exact battery/model version,N/A (electric),N/A (electric),5,Single-speed electric drive,Khmer24 listing and model-family EV reference,https://www.khmer24.com/km/honda-ens2-adid-13791061,Model-family reference,The listing does not identify the battery or trim; verify the imported e:NS2 configuration.
13523769,Seller advertises 630 km range,N/A (electric),N/A (electric),5,Single-speed electric drive,Khmer24 listing,https://www.khmer24.com/km/qiyuan-a06-630km-ultra-adid-13523769,Seller-advertised range,Range is a seller claim and its test cycle is not identified; verify battery and exact trim.
13744819,Seller advertises 518 km range,N/A (electric),N/A (electric),5,Single-speed electric drive,Khmer24 listing,https://www.khmer24.com/km/18900-l7-518dongfeng-l7-ev-518km-adid-13744819,Seller-advertised range,Range is a seller claim and its test cycle is not identified; verify battery and exact trim.
13564754,Range unavailable: seller did not identify the exact battery/model version,N/A (electric),N/A (electric),5,Single-speed electric drive,Khmer24 listing and Avatr 11 model-family reference,https://www.khmer24.com/km/avatr-11-special-edition-adid-13564754,Model-family reference,The listing does not identify the battery or exact drivetrain; verify the imported Special Edition configuration.
13780979,24–32 mpg combined (EPA),4,2 L or 2.5 L,Usually 5–8; exact model/trim not identified,Automatic (AV-S6) or Automatic (S6),U.S. DOE/EPA FuelEconomy.gov,https://www.fueleconomy.gov/feg/Find.do?action=sbs&id=37057&id=37058&id=37061,Exact year/make/model EPA range,"EPA values cover matching U.S.-market configurations. The imported Cambodian trim may use a different engine, transmission, battery, or test cycle."
13791703,19–30 mpg combined (EPA),4 or 6 or 8,2 L or 3 L or 4 L,Usually 2–5; exact model/trim not identified,Automatic 7-spd or Automatic 9-spd,U.S. DOE/EPA FuelEconomy.gov,https://www.fueleconomy.gov/feg/Find.do?action=sbs&id=37428&id=37461&id=37913,Exact year/make/model EPA range,"EPA values cover matching U.S.-market configurations. The imported Cambodian trim may use a different engine, transmission, battery, or test cycle."
13466891,23–27 mpg combined (EPA),4 or 6,2 L or 3 L,Usually 2–4; exact model/trim not identified,Automatic (S8) or Manual 6-spd,U.S. DOE/EPA FuelEconomy.gov,https://www.fueleconomy.gov/feg/Find.do?action=sbs&id=34851&id=34872&id=34893,Exact year/make/model EPA range,"EPA values cover matching U.S.-market configurations. The imported Cambodian trim may use a different engine, transmission, battery, or test cycle."
13495739,21 mpg combined (EPA),6,3 L,Usually 5–8; exact model/trim not identified,Automatic 8-spd,U.S. DOE/EPA FuelEconomy.gov,https://www.fueleconomy.gov/feg/Find.do?action=sbs&id=30964,Exact year/make/model EPA range,"EPA values cover matching U.S.-market configurations. The imported Cambodian trim may use a different engine, transmission, battery, or test cycle."
13802569,Range unavailable: seller did not identify the exact battery/model version,N/A (electric),N/A (electric),Usually 4–5; exact model/trim not identified,Single-speed electric drive,Khmer24 listing,https://www.khmer24.com/en/post-adid-13802569,Seller did not identify exact configuration,"The marketplace listing lacks enough model, engine, battery, or trim detail for a responsible numeric claim. The card states the limitation instead of inventing data."
13688622,18 mpg combined (EPA),8,4 L,Usually 2–4; exact model/trim not identified,Automatic (AM7),U.S. DOE/EPA FuelEconomy.gov,https://www.fueleconomy.gov/feg/Find.do?action=sbs&id=36193,Exact year/make/model EPA range,"EPA values cover matching U.S.-market configurations. The imported Cambodian trim may use a different engine, transmission, battery, or test cycle."
13756522,46 mpg combined (EPA),4,1.5 L,Usually 4–5; exact model/trim not identified,Automatic (variable gear ratios),U.S. DOE/EPA FuelEconomy.gov,https://www.fueleconomy.gov/feg/Find.do?action=sbs&id=23599,Exact year/make/model EPA range,"EPA values cover matching U.S.-market configurations. The imported Cambodian trim may use a different engine, transmission, battery, or test cycle."
13733961,18 mpg combined (EPA),6,3 L,Usually 5–8; exact model/trim not identified,Automatic 4-spd,U.S. DOE/EPA FuelEconomy.gov,https://www.fueleconomy.gov/feg/Find.do?action=sbs&id=17842&id=17843,Exact year/make/model EPA range,"EPA values cover matching U.S.-market configurations. The imported Cambodian trim may use a different engine, transmission, battery, or test cycle."
13701199,Official figure unavailable: seller did not identify the exact engine/trim,Varies by engine; exact trim not identified,Varies by engine; exact trim not identified,Usually 4–5; exact model/trim not identified,Varies by trim; exact gearbox not identified,Khmer24 listing,https://www.khmer24.com/en/post-adid-13701199,Seller did not identify exact configuration,"The marketplace listing lacks enough model, engine, battery, or trim detail for a responsible numeric claim. The card states the limitation instead of inventing data."
13583824,17–23 mpg combined (EPA),4 or 6,2.3 L or 2.7 L or 3 L,5 for double-cab passenger configuration,Automatic (S10),U.S. DOE/EPA FuelEconomy.gov,https://www.fueleconomy.gov/feg/Find.do?action=sbs&id=50095&id=50105&id=50106,Exact year/make/model EPA range,"EPA values cover matching U.S.-market configurations. The imported Cambodian trim may use a different engine, transmission, battery, or test cycle."
13573543,Official figure unavailable: seller did not identify the exact engine/trim,Varies by engine; exact trim not identified,Varies by engine; exact trim not identified,Usually 4–5; exact model/trim not identified,Varies by trim; exact gearbox not identified,Khmer24 listing,https://www.khmer24.com/en/post-adid-13573543,Seller did not identify exact configuration,"The marketplace listing lacks enough model, engine, battery, or trim detail for a responsible numeric claim. The card states the limitation instead of inventing data."
13680054,6.3–9.2 L/100 km across official generation/powertrain references,4 or 5,"1.9 L, 2.2 L, 3.0 L, or 3.2 L diesel",2–5 depending on cab configuration,6-speed manual/automatic or current 8-speed automatic,Mazda BT-50 official specifications,https://www.mazda.com.au/mazda-news/mazda-bt-50-20-year-history/,Official manufacturer model-family range,BT-50 figures span several generations and cab configurations. Confirm the listing's engine and cab before purchase.
13605676,Official consumption varies by 2.2 diesel or 3.5 gasoline market trim,4 or 6,2.2 L diesel or 3.5 L gasoline,"3, 7, 10, or 11 depending on configuration",6-speed manual or 8-speed automatic,Hyundai STARIA official brochure,https://www.hyundai.com/content/dam/hyundai/ph/en/data/marketing/brochure/product/staria-2021/staria-0702622.pdf,Official manufacturer model-family range,The seller must confirm whether the listing is a passenger or cargo version and identify its market specification.
13446995,Official figure unavailable: seller did not identify the exact engine/trim,Varies by engine; exact trim not identified,Varies by engine; exact trim not identified,Usually 4–5; exact model/trim not identified,Varies by trim; exact gearbox not identified,Khmer24 listing,https://www.khmer24.com/en/post-adid-13446995,Seller did not identify exact configuration,"The marketplace listing lacks enough model, engine, battery, or trim detail for a responsible numeric claim. The card states the limitation instead of inventing data."
13615616,Official figure unavailable: seller did not identify the exact engine/trim,Varies by engine; exact trim not identified,Varies by engine; exact trim not identified,Usually 5–8; exact model/trim not identified,Varies by trim; exact gearbox not identified,Khmer24 listing,https://www.khmer24.com/en/post-adid-13615616,Seller did not identify exact configuration,"The marketplace listing lacks enough model, engine, battery, or trim detail for a responsible numeric claim. The card states the limitation instead of inventing data."
13639541,Official figure unavailable: seller did not identify the exact engine/trim,Varies by engine; exact trim not identified,Varies by engine; exact trim not identified,Usually 2–5; exact cab configuration not identified,Varies by trim; exact gearbox not identified,Khmer24 listing,https://www.khmer24.com/en/post-adid-13639541,Seller did not identify exact configuration,"The marketplace listing lacks enough model, engine, battery, or trim detail for a responsible numeric claim. The card states the limitation instead of inventing data."
13756222,Official figure unavailable: seller did not identify the exact engine/trim,Varies by engine; exact trim not identified,Varies by engine; exact trim not identified,Usually 5–8; exact model/trim not identified,Varies by trim; exact gearbox not identified,Khmer24 listing,https://www.khmer24.com/en/post-adid-13756222,Seller did not identify exact configuration,"The marketplace listing lacks enough model, engine, battery, or trim detail for a responsible numeric claim. The card states the limitation instead of inventing data."
13207042,Official figure unavailable: seller did not identify the exact engine/trim,Varies by engine; exact trim not identified,Varies by engine; exact trim not identified,Usually 4–5; exact model/trim not identified,Varies by trim; exact gearbox not identified,Khmer24 listing,https://www.khmer24.com/en/post-adid-13207042,Seller did not identify exact configuration,"The marketplace listing lacks enough model, engine, battery, or trim detail for a responsible numeric claim. The card states the limitation instead of inventing data."
13678683,Seller advertises 401 km range,N/A (electric),N/A (electric),Usually 4–5; exact model/trim not identified,Single-speed electric drive,Khmer24 listing,https://www.khmer24.com/en/post-adid-13678683,Seller did not identify exact configuration,"The marketplace listing lacks enough model, engine, battery, or trim detail for a responsible numeric claim. The card states the limitation instead of inventing data."
13729051,Official figure unavailable: seller did not identify the exact engine/trim,Varies by engine; exact trim not identified,Varies by engine; exact trim not identified,Usually 4–5; exact model/trim not identified,Varies by trim; exact gearbox not identified,Khmer24 listing,https://www.khmer24.com/en/post-adid-13729051,Seller did not identify exact configuration,"The marketplace listing lacks enough model, engine, battery, or trim detail for a responsible numeric claim. The card states the limitation instead of inventing data."
13587325,9.5–19.4 km/L (official Japanese test cycles; powertrain dependent),4 or 6,"2.4 L, 2.5 L, or 3.5 L",6–8 depending on grade,"Super CVT-i, e-CVT, or 6-speed automatic",Toyota Global Newsroom,https://global.toyota/en/newsroom/toyota/23310520.html,Official manufacturer model-family range,Official Alphard family figures span gasoline and hybrid grades. Confirm the imported vehicle's grade and test cycle.
13777483,345–420 km WLTP range,N/A (electric),N/A (electric),5,Single-speed electric drive,BYD ATTO 3 official brochure,https://www.byd.com/content/dam/byd-site/au/product/atto3/new-added%282024%29/24_atto3/20240603_2024%20ATTO%203%20brochure.pdf,Official manufacturer model-family range,Range depends on battery version; verify the Cambodian vehicle's battery capacity.
13809866,24–31 mpg combined (EPA),4,2 L or 2.5 L,Usually 5–8; exact model/trim not identified,Automatic (AV-S6) or Automatic (S6),U.S. DOE/EPA FuelEconomy.gov,https://www.fueleconomy.gov/feg/Find.do?action=sbs&id=38280&id=38285&id=38286,Exact year/make/model EPA range,"EPA values cover matching U.S.-market configurations. The imported Cambodian trim may use a different engine, transmission, battery, or test cycle."
13683098,Official figure unavailable: seller did not identify the exact engine/trim,Varies by engine; exact trim not identified,Varies by engine; exact trim not identified,Usually 2–5; exact model/trim not identified,Varies by trim; exact gearbox not identified,Khmer24 listing,https://www.khmer24.com/en/post-adid-13683098,Seller did not identify exact configuration,"The marketplace listing lacks enough model, engine, battery, or trim detail for a responsible numeric claim. The card states the limitation instead of inventing data."
13770985,19–26 mpg combined (EPA),4 or 6,2 L or 3 L,Usually 2–4; exact model/trim not identified,Multiple EPA-listed transmissions,U.S. DOE/EPA FuelEconomy.gov,https://www.fueleconomy.gov/feg/Find.do?action=sbs&id=33479&id=33480&id=33481,Exact year/make/model EPA range,"EPA values cover matching U.S.-market configurations. The imported Cambodian trim may use a different engine, transmission, battery, or test cycle."
13724770,17–22 mpg combined (EPA),6 or 8,2.9 L or 4 L,Usually 4–5; exact model/trim not identified,Automatic (AM-S8),U.S. DOE/EPA FuelEconomy.gov,https://www.fueleconomy.gov/feg/Find.do?action=sbs&id=45728&id=45729&id=45730,Exact year/make/model EPA range,"EPA values cover matching U.S.-market configurations. The imported Cambodian trim may use a different engine, transmission, battery, or test cycle."
13692243,21–23 mpg combined (EPA),4 or 6,2 L or 3 L,Usually 4–5; exact model/trim not identified,Automatic (S8),U.S. DOE/EPA FuelEconomy.gov,https://www.fueleconomy.gov/feg/Find.do?action=sbs&id=35240&id=35241,Exact year/make/model EPA range,"EPA values cover matching U.S.-market configurations. The imported Cambodian trim may use a different engine, transmission, battery, or test cycle."
13479322,18 mpg combined (EPA),8,4 L,Usually 2–4; exact model/trim not identified,Automatic (AM7),U.S. DOE/EPA FuelEconomy.gov,https://www.fueleconomy.gov/feg/Find.do?action=sbs&id=36193,Exact year/make/model EPA range,"EPA values cover matching U.S.-market configurations. The imported Cambodian trim may use a different engine, transmission, battery, or test cycle."
13497382,Official figure unavailable: seller did not identify the exact engine/trim,Varies by engine; exact trim not identified,Varies by engine; exact trim not identified,Usually 4–5; exact model/trim not identified,Varies by trim; exact gearbox not identified,Khmer24 listing,https://www.khmer24.com/en/post-adid-13497382,Seller did not identify exact configuration,"The marketplace listing lacks enough model, engine, battery, or trim detail for a responsible numeric claim. The card states the limitation instead of inventing data."
13556803,Official figure unavailable: seller did not identify the exact engine/trim,Varies by engine; exact trim not identified,Varies by engine; exact trim not identified,Usually 4–5; exact model/trim not identified,Varies by trim; exact gearbox not identified,Khmer24 listing,https://www.khmer24.com/en/post-adid-13556803,Seller did not identify exact configuration,"The marketplace listing lacks enough model, engine, battery, or trim detail for a responsible numeric claim. The card states the limitation instead of inventing data."
13559197,21–22 mpg combined (EPA),4,2.4 L,Usually 5–8; exact model/trim not identified,Automatic 4-spd or Manual 5-spd,U.S. DOE/EPA FuelEconomy.gov,https://www.fueleconomy.gov/feg/Find.do?action=sbs&id=19056&id=19171&id=19172,Exact year/make/model EPA range,"EPA values cover matching U.S.-market configurations. The imported Cambodian trim may use a different engine, transmission, battery, or test cycle."
13756063,25–28 mpg combined (EPA),3 or 4,1 L or 2 L,Usually 4–5; exact model/trim not identified,Automatic (S6),U.S. DOE/EPA FuelEconomy.gov,https://www.fueleconomy.gov/feg/Find.do?action=sbs&id=43157&id=43160,Exact year/make/model EPA range,"EPA values cover matching U.S.-market configurations. The imported Cambodian trim may use a different engine, transmission, battery, or test cycle."
13637347,7.5 L/100 km combined for an official regional diesel configuration,4 or 6,2.2 L diesel or 3.5 L gasoline,"7, 8, 9, or 11 depending on market",8-speed automatic (current family reference),Kia Carnival official specifications,https://www.kia.com/hk/en/showroom/carnival/specification.html,Official manufacturer model-family range,Carnival engines and seating layouts vary substantially by market and generation; confirm the listing's exact configuration.
13764129,Official figure unavailable: seller did not identify the exact engine/trim,Varies by engine; exact trim not identified,Varies by engine; exact trim not identified,Usually 4–5; exact model/trim not identified,Varies by trim; exact gearbox not identified,Khmer24 listing,https://www.khmer24.com/en/post-adid-13764129,Seller did not identify exact configuration,"The marketplace listing lacks enough model, engine, battery, or trim detail for a responsible numeric claim. The card states the limitation instead of inventing data."
13543470,Official consumption varies by 2.2 diesel or 3.5 gasoline market trim,4 or 6,2.2 L diesel or 3.5 L gasoline,"3, 7, 10, or 11 depending on configuration",6-speed manual or 8-speed automatic,Hyundai STARIA official brochure,https://www.hyundai.com/content/dam/hyundai/ph/en/data/marketing/brochure/product/staria-2021/staria-0702622.pdf,Official manufacturer model-family range,The seller must confirm whether the listing is a passenger or cargo version and identify its market specification.
13785425,15–21 mpg combined (EPA),4 or 6,2.4 L or 3.3 L,Usually 4–5; exact model/trim not identified,Automatic 4-spd or Manual 5-spd,U.S. DOE/EPA FuelEconomy.gov,https://www.fueleconomy.gov/feg/Find.do?action=sbs&id=17918&id=17919&id=17920,Exact year/make/model EPA range,"EPA values cover matching U.S.-market configurations. The imported Cambodian trim may use a different engine, transmission, battery, or test cycle."
13387850,24–32 mpg combined (EPA),4,2 L or 2.5 L,Usually 5–8; exact model/trim not identified,Automatic (AV-S6) or Automatic (S6),U.S. DOE/EPA FuelEconomy.gov,https://www.fueleconomy.gov/feg/Find.do?action=sbs&id=35785&id=35788&id=35912,Exact year/make/model EPA range,"EPA values cover matching U.S.-market configurations. The imported Cambodian trim may use a different engine, transmission, battery, or test cycle."
13731786,Official figure unavailable: seller did not identify the exact engine/trim,Varies by engine; exact trim not identified,Varies by engine; exact trim not identified,Usually 2–5; exact cab configuration not identified,Varies by trim; exact gearbox not identified,Khmer24 listing,https://www.khmer24.com/en/post-adid-13731786,Seller did not identify exact configuration,"The marketplace listing lacks enough model, engine, battery, or trim detail for a responsible numeric claim. The card states the limitation instead of inventing data."
13652885,Official figure unavailable: seller did not identify the exact engine/trim,Varies by engine; exact trim not identified,Varies by engine; exact trim not identified,Usually 4–5; exact model/trim not identified,Varies by trim; exact gearbox not identified,Khmer24 listing,https://www.khmer24.com/en/post-adid-13652885,Seller did not identify exact configuration,"The marketplace listing lacks enough model, engine, battery, or trim detail for a responsible numeric claim. The card states the limitation instead of inventing data."
13525255,Official figure unavailable: seller did not identify the exact engine/trim,Varies by engine; exact trim not identified,Varies by engine; exact trim not identified,Usually 4–5; exact model/trim not identified,Varies by trim; exact gearbox not identified,Khmer24 listing,https://www.khmer24.com/en/post-adid-13525255,Seller did not identify exact configuration,"The marketplace listing lacks enough model, engine, battery, or trim detail for a responsible numeric claim. The card states the limitation instead of inventing data."
13342873,15–26 mpg combined (EPA),6 or 8 or 12,3 L or 4.7 L or 5.5 L or 6 L,Usually 4–5; exact model/trim not identified,Automatic 7-spd,U.S. DOE/EPA FuelEconomy.gov,https://www.fueleconomy.gov/feg/Find.do?action=sbs&id=34897&id=34898&id=34899,Exact year/make/model EPA range,"EPA values cover matching U.S.-market configurations. The imported Cambodian trim may use a different engine, transmission, battery, or test cycle."
13613257,31–32 mpg combined (EPA),4,1.5 L,Usually 4–5; exact model/trim not identified,Automatic 4-spd or Manual 5-spd,U.S. DOE/EPA FuelEconomy.gov,https://www.fueleconomy.gov/feg/Find.do?action=sbs&id=29629&id=29630,Exact year/make/model EPA range,"EPA values cover matching U.S.-market configurations. The imported Cambodian trim may use a different engine, transmission, battery, or test cycle."
13734601,Official figure unavailable: seller did not identify the exact engine/trim,Varies by engine; exact trim not identified,Varies by engine; exact trim not identified,Usually 5–11; exact seating layout not identified,Varies by trim; exact gearbox not identified,Khmer24 listing,https://www.khmer24.com/en/post-adid-13734601,Seller did not identify exact configuration,"The marketplace listing lacks enough model, engine, battery, or trim detail for a responsible numeric claim. The card states the limitation instead of inventing data."
13603328,Official figure unavailable: seller did not identify the exact engine/trim,Varies by engine; exact trim not identified,Varies by engine; exact trim not identified,Usually 4–5; exact model/trim not identified,Varies by trim; exact gearbox not identified,Khmer24 listing,https://www.khmer24.com/en/post-adid-13603328,Seller did not identify exact configuration,"The marketplace listing lacks enough model, engine, battery, or trim detail for a responsible numeric claim. The card states the limitation instead of inventing data."
13701698,24–32 mpg combined (EPA),4,2 L or 2.5 L,Usually 5–8; exact model/trim not identified,Automatic (AV-S6) or Automatic (S6),U.S. DOE/EPA FuelEconomy.gov,https://www.fueleconomy.gov/feg/Find.do?action=sbs&id=35785&id=35788&id=35912,Exact year/make/model EPA range,"EPA values cover matching U.S.-market configurations. The imported Cambodian trim may use a different engine, transmission, battery, or test cycle."
13618515,Official figure unavailable: seller did not identify the exact engine/trim,Varies by engine; exact trim not identified,Varies by engine; exact trim not identified,Usually 2–5; exact model/trim not identified,Varies by trim; exact gearbox not identified,Khmer24 listing,https://www.khmer24.com/en/post-adid-13618515,Seller did not identify exact configuration,"The marketplace listing lacks enough model, engine, battery, or trim detail for a responsible numeric claim. The card states the limitation instead of inventing data."
13798870,19–30 mpg combined (EPA),4 or 6 or 8,2 L or 3 L or 4 L,Usually 2–4; exact model/trim not identified,Automatic 7-spd or Automatic 9-spd,U.S. DOE/EPA FuelEconomy.gov,https://www.fueleconomy.gov/feg/Find.do?action=sbs&id=37428&id=37461&id=37913,Exact year/make/model EPA range,"EPA values cover matching U.S.-market configurations. The imported Cambodian trim may use a different engine, transmission, battery, or test cycle."
13740886,17 mpg combined (EPA),6,4 L,Usually 2–4; exact model/trim not identified,Automatic (AM-S7),U.S. DOE/EPA FuelEconomy.gov,https://www.fueleconomy.gov/feg/Find.do?action=sbs&id=36171,Exact year/make/model EPA range,"EPA values cover matching U.S.-market configurations. The imported Cambodian trim may use a different engine, transmission, battery, or test cycle."
13586281,Official figure unavailable: seller did not identify the exact engine/trim,Varies by engine; exact trim not identified,Varies by engine; exact trim not identified,Usually 4–5; exact model/trim not identified,Varies by trim; exact gearbox not identified,Khmer24 listing,https://www.khmer24.com/en/post-adid-13586281,Seller did not identify exact configuration,"The marketplace listing lacks enough model, engine, battery, or trim detail for a responsible numeric claim. The card states the limitation instead of inventing data."
13453340,15 mpg combined (EPA),8,6.2 L,Usually 2–4; exact model/trim not identified,Automatic (AM7),U.S. DOE/EPA FuelEconomy.gov,https://www.fueleconomy.gov/feg/Find.do?action=sbs&id=34878&id=34879,Exact year/make/model EPA range,"EPA values cover matching U.S.-market configurations. The imported Cambodian trim may use a different engine, transmission, battery, or test cycle."
13340806,48 mpg combined (EPA),4,1.8 L,Usually 4–5; exact model/trim not identified,Automatic (variable gear ratios),U.S. DOE/EPA FuelEconomy.gov,https://www.fueleconomy.gov/feg/Find.do?action=sbs&id=34489,Exact year/make/model EPA range,"EPA values cover matching U.S.-market configurations. The imported Cambodian trim may use a different engine, transmission, battery, or test cycle."
13747778,19–20 mpg combined (EPA),6,3.3 L,Usually 5–8; exact model/trim not identified,Automatic (S5) or Automatic 5-spd,U.S. DOE/EPA FuelEconomy.gov,https://www.fueleconomy.gov/feg/Find.do?action=sbs&id=20206&id=20207&id=20328,Exact year/make/model EPA range,"EPA values cover matching U.S.-market configurations. The imported Cambodian trim may use a different engine, transmission, battery, or test cycle."
13740572,Up to 545 km CLTC range for the e:NP2/e:NS2 family,N/A (electric),N/A (electric),5,Single-speed electric drive,Honda Global e:NP2/e:NS2 release,https://global.honda/en/newsroom/news/2024/c240425aeng.html,Official manufacturer model-family range,The official range uses China's CLTC cycle. Confirm whether the listing is e:NP2 or e:NS2 and verify battery trim.
13583364,17–23 mpg combined (EPA),4 or 6,2.3 L or 2.7 L or 3 L,5 for double-cab passenger configuration,Automatic (S10),U.S. DOE/EPA FuelEconomy.gov,https://www.fueleconomy.gov/feg/Find.do?action=sbs&id=50095&id=50105&id=50106,Exact year/make/model EPA range,"EPA values cover matching U.S.-market configurations. The imported Cambodian trim may use a different engine, transmission, battery, or test cycle."
13738123,Official figure unavailable: seller did not identify the exact engine/trim,Varies by engine; exact trim not identified,Varies by engine; exact trim not identified,Usually 4–5; exact model/trim not identified,Varies by trim; exact gearbox not identified,Khmer24 listing,https://www.khmer24.com/en/post-adid-13738123,Seller did not identify exact configuration,"The marketplace listing lacks enough model, engine, battery, or trim detail for a responsible numeric claim. The card states the limitation instead of inventing data."
13761696,Official figure unavailable: seller did not identify the exact engine/trim,Varies by engine; exact trim not identified,Varies by engine; exact trim not identified,Usually 4–5; exact model/trim not identified,Varies by trim; exact gearbox not identified,Khmer24 listing,https://www.khmer24.com/en/post-adid-13761696,Seller did not identify exact configuration,"The marketplace listing lacks enough model, engine, battery, or trim detail for a responsible numeric claim. The card states the limitation instead of inventing data."
13753416,19–34 mpg combined (EPA),4 or 6,2.5 L or 3.5 L,Usually 5–8; exact model/trim not identified,Automatic (AM-S6) or Automatic (S8),U.S. DOE/EPA FuelEconomy.gov,https://www.fueleconomy.gov/feg/Find.do?action=sbs&id=49553&id=49554&id=49581,Exact year/make/model EPA range,"EPA values cover matching U.S.-market configurations. The imported Cambodian trim may use a different engine, transmission, battery, or test cycle."
13791922,16–21 mpg combined (EPA),4 or 6,2.5 L or 4 L,Usually 4–5; exact model/trim not identified,Multiple EPA-listed transmissions,U.S. DOE/EPA FuelEconomy.gov,https://www.fueleconomy.gov/feg/Find.do?action=sbs&id=22227&id=22228&id=22229,Exact year/make/model EPA range,"EPA values cover matching U.S.-market configurations. The imported Cambodian trim may use a different engine, transmission, battery, or test cycle."
13801684,Official figure unavailable: seller did not identify the exact engine/trim,Varies by engine; exact trim not identified,Varies by engine; exact trim not identified,Usually 5–8; exact model/trim not identified,Varies by trim; exact gearbox not identified,Khmer24 listing,https://www.khmer24.com/en/post-adid-13801684,Seller did not identify exact configuration,"The marketplace listing lacks enough model, engine, battery, or trim detail for a responsible numeric claim. The card states the limitation instead of inventing data."
13712092,Official figure unavailable: seller did not identify the exact engine/trim,Varies by engine; exact trim not identified,Varies by engine; exact trim not identified,Usually 2–5; exact cab configuration not identified,Varies by trim; exact gearbox not identified,Khmer24 listing,https://www.khmer24.com/en/post-adid-13712092,Seller did not identify exact configuration,"The marketplace listing lacks enough model, engine, battery, or trim detail for a responsible numeric claim. The card states the limitation instead of inventing data."
13635474,Official figure unavailable: seller did not identify the exact engine/trim,Varies by engine; exact trim not identified,Varies by engine; exact trim not identified,Usually 4–5; exact model/trim not identified,Varies by trim; exact gearbox not identified,Khmer24 listing,https://www.khmer24.com/en/post-adid-13635474,Seller did not identify exact configuration,"The marketplace listing lacks enough model, engine, battery, or trim detail for a responsible numeric claim. The card states the limitation instead of inventing data."
13207115,9.5–19.4 km/L (official Japanese test cycles; powertrain dependent),4 or 6,"2.4 L, 2.5 L, or 3.5 L",6–8 depending on grade,"Super CVT-i, e-CVT, or 6-speed automatic",Toyota Global Newsroom,https://global.toyota/en/newsroom/toyota/23310520.html,Official manufacturer model-family range,Official Alphard family figures span gasoline and hybrid grades. Confirm the imported vehicle's grade and test cycle.
13646359,29–35 mpg combined (EPA),3 or 4,1 L or 1.6 L,Usually 4–5; exact model/trim not identified,Multiple EPA-listed transmissions,U.S. DOE/EPA FuelEconomy.gov,https://www.fueleconomy.gov/feg/Find.do?action=sbs&id=35180&id=35182&id=35187,Exact year/make/model EPA range,"EPA values cover matching U.S.-market configurations. The imported Cambodian trim may use a different engine, transmission, battery, or test cycle."
13799011,Official figure unavailable: seller did not identify the exact engine/trim,Varies by engine; exact trim not identified,Varies by engine; exact trim not identified,Usually 4–5; exact model/trim not identified,Varies by trim; exact gearbox not identified,Khmer24 listing,https://www.khmer24.com/en/post-adid-13799011,Seller did not identify exact configuration,"The marketplace listing lacks enough model, engine, battery, or trim detail for a responsible numeric claim. The card states the limitation instead of inventing data."
13627075,Official figure unavailable: seller did not identify the exact engine/trim,Varies by engine; exact trim not identified,Varies by engine; exact trim not identified,Usually 5–11; exact seating layout not identified,Varies by trim; exact gearbox not identified,Khmer24 listing,https://www.khmer24.com/en/post-adid-13627075,Seller did not identify exact configuration,"The marketplace listing lacks enough model, engine, battery, or trim detail for a responsible numeric claim. The card states the limitation instead of inventing data."
13679904,Seller advertises 300 km range,N/A (electric),N/A (electric),4–5 depending on market version,Single-speed electric drive,BYD DOLPHIN MINI official specification,https://www.byd.com/content/dam/byd-site/america-public/flyer/BYD-DOLPHIN-MINI-flyer-ES-20231116.pdf,Official manufacturer model-family range,BYD Seagull is marketed as DOLPHIN MINI in several export markets.
13793534,24–32 mpg combined (EPA),4,2 L or 2.5 L,Usually 5–8; exact model/trim not identified,Automatic (AV-S6) or Automatic (S6),U.S. DOE/EPA FuelEconomy.gov,https://www.fueleconomy.gov/feg/Find.do?action=sbs&id=35785&id=35788&id=35912,Exact year/make/model EPA range,"EPA values cover matching U.S.-market configurations. The imported Cambodian trim may use a different engine, transmission, battery, or test cycle."
13735348,26 mpg combined (EPA),6,3 L,Usually 2–5; exact model/trim not identified,Automatic (S8),U.S. DOE/EPA FuelEconomy.gov,https://www.fueleconomy.gov/feg/Find.do?action=sbs&id=46642&id=46766,Exact year/make/model EPA range,"EPA values cover matching U.S.-market configurations. The imported Cambodian trim may use a different engine, transmission, battery, or test cycle."
13797477,18 mpg combined (EPA),8,5 L,Usually 2–4; exact model/trim not identified,Automatic (S10),U.S. DOE/EPA FuelEconomy.gov,https://www.fueleconomy.gov/feg/Find.do?action=sbs&id=42795,Exact year/make/model EPA range,"EPA values cover matching U.S.-market configurations. The imported Cambodian trim may use a different engine, transmission, battery, or test cycle."
13523174,18–25 mpg combined (EPA),6 or 8,3 L or 3.6 L or 4.8 L,Usually 4–5; exact model/trim not identified,Automatic (AM-S7) or Automatic (AM-S8),U.S. DOE/EPA FuelEconomy.gov,https://www.fueleconomy.gov/feg/Find.do?action=sbs&id=34354&id=34355&id=34356,Exact year/make/model EPA range,"EPA values cover matching U.S.-market configurations. The imported Cambodian trim may use a different engine, transmission, battery, or test cycle."
13493570,Range unavailable: seller did not identify the exact battery/model version,N/A (electric),N/A (electric),Usually 4–5; exact model/trim not identified,Single-speed electric drive,Khmer24 listing,https://www.khmer24.com/en/post-adid-13493570,Seller did not identify exact configuration,"The marketplace listing lacks enough model, engine, battery, or trim detail for a responsible numeric claim. The card states the limitation instead of inventing data."
13796015,23–28 mpg combined (EPA),4,2 L,Usually 2–4; exact model/trim not identified,Automatic (AM7) or Automatic (AM8),U.S. DOE/EPA FuelEconomy.gov,https://www.fueleconomy.gov/feg/Find.do?action=sbs&id=41996&id=41997&id=42417,Exact year/make/model EPA range,"EPA values cover matching U.S.-market configurations. The imported Cambodian trim may use a different engine, transmission, battery, or test cycle."
13597221,46 mpg combined (EPA),4,1.5 L,Usually 4–5; exact model/trim not identified,Automatic (variable gear ratios),U.S. DOE/EPA FuelEconomy.gov,https://www.fueleconomy.gov/feg/Find.do?action=sbs&id=24882,Exact year/make/model EPA range,"EPA values cover matching U.S.-market configurations. The imported Cambodian trim may use a different engine, transmission, battery, or test cycle."
13455264,18 mpg combined (EPA),6,3 L,Usually 5–8; exact model/trim not identified,Automatic 4-spd,U.S. DOE/EPA FuelEconomy.gov,https://www.fueleconomy.gov/feg/Find.do?action=sbs&id=17842&id=17843,Exact year/make/model EPA range,"EPA values cover matching U.S.-market configurations. The imported Cambodian trim may use a different engine, transmission, battery, or test cycle."
13474852,Up to 545 km CLTC range for the e:NP2/e:NS2 family,N/A (electric),N/A (electric),5,Single-speed electric drive,Honda Global e:NP2/e:NS2 release,https://global.honda/en/newsroom/news/2024/c240425aeng.html,Official manufacturer model-family range,The official range uses China's CLTC cycle. Confirm whether the listing is e:NP2 or e:NS2 and verify battery trim.
13658212,Official figure unavailable: seller did not identify the exact engine/trim,Varies by engine; exact trim not identified,Varies by engine; exact trim not identified,Usually 4–5; exact model/trim not identified,Varies by trim; exact gearbox not identified,Khmer24 listing,https://www.khmer24.com/en/post-adid-13658212,Seller did not identify exact configuration,"The marketplace listing lacks enough model, engine, battery, or trim detail for a responsible numeric claim. The card states the limitation instead of inventing data."
13610819,7.5 L/100 km combined for an official regional diesel configuration,4 or 6,2.2 L diesel or 3.5 L gasoline,"7, 8, 9, or 11 depending on market",8-speed automatic (current family reference),Kia Carnival official specifications,https://www.kia.com/hk/en/showroom/carnival/specification.html,Official manufacturer model-family range,Carnival engines and seating layouts vary substantially by market and generation; confirm the listing's exact configuration.
13776372,6.3–9.2 L/100 km across official generation/powertrain references,4 or 5,"1.9 L, 2.2 L, 3.0 L, or 3.2 L diesel",2–5 depending on cab configuration,6-speed manual/automatic or current 8-speed automatic,Mazda BT-50 official specifications,https://www.mazda.com.au/mazda-news/mazda-bt-50-20-year-history/,Official manufacturer model-family range,BT-50 figures span several generations and cab configurations. Confirm the listing's engine and cab before purchase.
13680285,22–25 mpg combined (EPA),4,2 L or 2.4 L,Usually 5–8; exact model/trim not identified,Automatic (S8),U.S. DOE/EPA FuelEconomy.gov,https://www.fueleconomy.gov/feg/Find.do?action=sbs&id=41475&id=41476&id=41479,Exact year/make/model EPA range,"EPA values cover matching U.S.-market configurations. The imported Cambodian trim may use a different engine, transmission, battery, or test cycle."
13738632,Official figure unavailable: seller did not identify the exact engine/trim,Varies by engine; exact trim not identified,Varies by engine; exact trim not identified,Usually 4–5; exact model/trim not identified,Varies by trim; exact gearbox not identified,Khmer24 listing,https://www.khmer24.com/en/post-adid-13738632,Seller did not identify exact configuration,"The marketplace listing lacks enough model, engine, battery, or trim detail for a responsible numeric claim. The card states the limitation instead of inventing data."
13761744,Official figure unavailable: seller did not identify the exact engine/trim,Varies by engine; exact trim not identified,Varies by engine; exact trim not identified,Usually 5–8; exact model/trim not identified,Varies by trim; exact gearbox not identified,Khmer24 listing,https://www.khmer24.com/en/post-adid-13761744,Seller did not identify exact configuration,"The marketplace listing lacks enough model, engine, battery, or trim detail for a responsible numeric claim. The card states the limitation instead of inventing data."
13656879,Official figure unavailable: seller did not identify the exact engine/trim,Varies by engine; exact trim not identified,Varies by engine; exact trim not identified,Usually 2–5; exact cab configuration not identified,Varies by trim; exact gearbox not identified,Khmer24 listing,https://www.khmer24.com/en/post-adid-13656879,Seller did not identify exact configuration,"The marketplace listing lacks enough model, engine, battery, or trim detail for a responsible numeric claim. The card states the limitation instead of inventing data."
13781256,Official figure unavailable: seller did not identify the exact engine/trim,Varies by engine; exact trim not identified,Varies by engine; exact trim not identified,Usually 4–5; exact model/trim not identified,Varies by trim; exact gearbox not identified,Khmer24 listing,https://www.khmer24.com/en/post-adid-13781256,Seller did not identify exact configuration,"The marketplace listing lacks enough model, engine, battery, or trim detail for a responsible numeric claim. The card states the limitation instead of inventing data."
13224374,9.5–19.4 km/L (official Japanese test cycles; powertrain dependent),4 or 6,"2.4 L, 2.5 L, or 3.5 L",6–8 depending on grade,"Super CVT-i, e-CVT, or 6-speed automatic",Toyota Global Newsroom,https://global.toyota/en/newsroom/toyota/23310520.html,Official manufacturer model-family range,Official Alphard family figures span gasoline and hybrid grades. Confirm the imported vehicle's grade and test cycle.
13672321,Official figure unavailable: seller did not identify the exact engine/trim,Varies by engine; exact trim not identified,Varies by engine; exact trim not identified,Usually 4–5; exact model/trim not identified,Varies by trim; exact gearbox not identified,Khmer24 listing,https://www.khmer24.com/en/post-adid-13672321,Seller did not identify exact configuration,"The marketplace listing lacks enough model, engine, battery, or trim detail for a responsible numeric claim. The card states the limitation instead of inventing data."
13647545,Official figure unavailable: seller did not identify the exact engine/trim,Varies by engine; exact trim not identified,Varies by engine; exact trim not identified,Usually 4–5; exact model/trim not identified,Varies by trim; exact gearbox not identified,Khmer24 listing,https://www.khmer24.com/en/post-adid-13647545,Seller did not identify exact configuration,"The marketplace listing lacks enough model, engine, battery, or trim detail for a responsible numeric claim. The card states the limitation instead of inventing data."
13753434,Official consumption varies by destination-market 1.5 T-GDI calibration,4,1.5 L turbo gasoline,7,8-speed automatic,Hyundai CUSTIN official brochure,https://www.hyundai.com/content/dam/hyundai/ph/en/data/marketing/brochure/product/custin/Custin-brochure-v2.pdf,Official manufacturer model-family range,Official Philippine-market family reference; verify the Cambodian import's calibration and equipment.
13353228,Official figure unavailable: seller did not identify the exact engine/trim,Varies by engine; exact trim not identified,Varies by engine; exact trim not identified,Usually 4–5; exact model/trim not identified,Varies by trim; exact gearbox not identified,Khmer24 listing,https://www.khmer24.com/en/post-adid-13353228,Seller did not identify exact configuration,"The marketplace listing lacks enough model, engine, battery, or trim detail for a responsible numeric claim. The card states the limitation instead of inventing data."
13743269,22 mpg combined (EPA),4,2 L,Usually 5–8; exact model/trim not identified,Automatic (S9),U.S. DOE/EPA FuelEconomy.gov,https://www.fueleconomy.gov/feg/Find.do?action=sbs&id=36006,Exact year/make/model EPA range,"EPA values cover matching U.S.-market configurations. The imported Cambodian trim may use a different engine, transmission, battery, or test cycle."
13649810,19–30 mpg combined (EPA),4 or 6 or 8,2 L or 3 L or 4 L,Usually 2–5; exact model/trim not identified,Automatic 7-spd or Automatic 9-spd,U.S. DOE/EPA FuelEconomy.gov,https://www.fueleconomy.gov/feg/Find.do?action=sbs&id=37428&id=37461&id=37913,Exact year/make/model EPA range,"EPA values cover matching U.S.-market configurations. The imported Cambodian trim may use a different engine, transmission, battery, or test cycle."
13804731,19–30 mpg combined (EPA),4 or 6 or 8,2 L or 3 L or 4 L,Usually 2–4; exact model/trim not identified,Automatic 7-spd or Automatic 9-spd,U.S. DOE/EPA FuelEconomy.gov,https://www.fueleconomy.gov/feg/Find.do?action=sbs&id=37428&id=37461&id=37913,Exact year/make/model EPA range,"EPA values cover matching U.S.-market configurations. The imported Cambodian trim may use a different engine, transmission, battery, or test cycle."
13580890,17–21 mpg combined (EPA),6 or 8,3 L or 3.6 L or 4.8 L,Usually 5–8; exact model/trim not identified,Multiple EPA-listed transmissions,U.S. DOE/EPA FuelEconomy.gov,https://www.fueleconomy.gov/feg/Find.do?action=sbs&id=31538&id=31539&id=31540,Exact year/make/model EPA range,"EPA values cover matching U.S.-market configurations. The imported Cambodian trim may use a different engine, transmission, battery, or test cycle."
13730021,28 mpg combined (EPA),3,1.5 L,Usually 4–5; exact model/trim not identified,Automatic 6-spd,U.S. DOE/EPA FuelEconomy.gov,https://www.fueleconomy.gov/feg/Find.do?action=sbs&id=35599,Exact year/make/model EPA range,"EPA values cover matching U.S.-market configurations. The imported Cambodian trim may use a different engine, transmission, battery, or test cycle."
13781127,26–30 mpg combined (EPA),4,2 L,Usually 2–4; exact model/trim not identified,Automatic (AM7),U.S. DOE/EPA FuelEconomy.gov,https://www.fueleconomy.gov/feg/Find.do?action=sbs&id=35954&id=35955&id=35956,Exact year/make/model EPA range,"EPA values cover matching U.S.-market configurations. The imported Cambodian trim may use a different engine, transmission, battery, or test cycle."
13395053,9.5–19.4 km/L (official Japanese test cycles; powertrain dependent),4 or 6,"2.4 L, 2.5 L, or 3.5 L",6–8 depending on grade,"Super CVT-i, e-CVT, or 6-speed automatic",Toyota Global Newsroom,https://global.toyota/en/newsroom/toyota/23310520.html,Official manufacturer model-family range,Official Alphard family figures span gasoline and hybrid grades. Confirm the imported vehicle's grade and test cycle.
13558775,Official figure unavailable: seller did not identify the exact engine/trim,Varies by engine; exact trim not identified,Varies by engine; exact trim not identified,Usually 4–5; exact model/trim not identified,Varies by trim; exact gearbox not identified,Khmer24 listing,https://www.khmer24.com/en/post-adid-13558775,Seller did not identify exact configuration,"The marketplace listing lacks enough model, engine, battery, or trim detail for a responsible numeric claim. The card states the limitation instead of inventing data."
13474879,Up to 545 km CLTC range for the e:NP2/e:NS2 family,N/A (electric),N/A (electric),5,Single-speed electric drive,Honda Global e:NP2/e:NS2 release,https://global.honda/en/newsroom/news/2024/c240425aeng.html,Official manufacturer model-family range,The official range uses China's CLTC cycle. Confirm whether the listing is e:NP2 or e:NS2 and verify battery trim.
13739092,Official figure unavailable: seller did not identify the exact engine/trim,Varies by engine; exact trim not identified,Varies by engine; exact trim not identified,Usually 4–5; exact model/trim not identified,Varies by trim; exact gearbox not identified,Khmer24 listing,https://www.khmer24.com/en/post-adid-13739092,Seller did not identify exact configuration,"The marketplace listing lacks enough model, engine, battery, or trim detail for a responsible numeric claim. The card states the limitation instead of inventing data."
13431095,7.5 L/100 km combined for an official regional diesel configuration,4 or 6,2.2 L diesel or 3.5 L gasoline,"7, 8, 9, or 11 depending on market",8-speed automatic (current family reference),Kia Carnival official specifications,https://www.kia.com/hk/en/showroom/carnival/specification.html,Official manufacturer model-family range,Carnival engines and seating layouts vary substantially by market and generation; confirm the listing's exact configuration.
13698791,Official figure unavailable: seller did not identify the exact engine/trim,Varies by engine; exact trim not identified,Varies by engine; exact trim not identified,Usually 4–5; exact model/trim not identified,Varies by trim; exact gearbox not identified,Khmer24 listing,https://www.khmer24.com/en/post-adid-13698791,Seller did not identify exact configuration,"The marketplace listing lacks enough model, engine, battery, or trim detail for a responsible numeric claim. The card states the limitation instead of inventing data."
13523933,Official consumption varies by destination-market 1.5 T-GDI calibration,4,1.5 L turbo gasoline,7,8-speed automatic,Hyundai CUSTIN official brochure,https://www.hyundai.com/content/dam/hyundai/ph/en/data/marketing/brochure/product/custin/Custin-brochure-v2.pdf,Official manufacturer model-family range,Official Philippine-market family reference; verify the Cambodian import's calibration and equipment.
13612537,16–21 mpg combined (EPA),4 or 6,2.5 L or 4 L,Usually 4–5; exact model/trim not identified,Multiple EPA-listed transmissions,U.S. DOE/EPA FuelEconomy.gov,https://www.fueleconomy.gov/feg/Find.do?action=sbs&id=24932&id=24933&id=24934,Exact year/make/model EPA range,"EPA values cover matching U.S.-market configurations. The imported Cambodian trim may use a different engine, transmission, battery, or test cycle."
13819053,Official figure unavailable: seller did not identify the exact engine/trim,Varies by engine; exact trim not identified,Varies by engine; exact trim not identified,Usually 5–8; exact model/trim not identified,Varies by trim; exact gearbox not identified,Khmer24 listing,https://www.khmer24.com/en/post-adid-13819053,Seller did not identify exact configuration,"The marketplace listing lacks enough model, engine, battery, or trim detail for a responsible numeric claim. The card states the limitation instead of inventing data."
13756983,Official figure unavailable: seller did not identify the exact engine/trim,Varies by engine; exact trim not identified,Varies by engine; exact trim not identified,Usually 2–5; exact cab configuration not identified,Varies by trim; exact gearbox not identified,Khmer24 listing,https://www.khmer24.com/en/post-adid-13756983,Seller did not identify exact configuration,"The marketplace listing lacks enough model, engine, battery, or trim detail for a responsible numeric claim. The card states the limitation instead of inventing data."
13757631,Official figure unavailable: seller did not identify the exact engine/trim,Varies by engine; exact trim not identified,Varies by engine; exact trim not identified,Usually 4–5; exact model/trim not identified,Varies by trim; exact gearbox not identified,Khmer24 listing,https://www.khmer24.com/en/post-adid-13757631,Seller did not identify exact configuration,"The marketplace listing lacks enough model, engine, battery, or trim detail for a responsible numeric claim. The card states the limitation instead of inventing data."
13744340,34 mpg combined (EPA),4,2.4 L,Usually 4–5; exact model/trim not identified,Automatic (variable gear ratios),U.S. DOE/EPA FuelEconomy.gov,https://www.fueleconomy.gov/feg/Find.do?action=sbs&id=22825,Exact year/make/model EPA range,"EPA values cover matching U.S.-market configurations. The imported Cambodian trim may use a different engine, transmission, battery, or test cycle."
13647935,Official figure unavailable: seller did not identify the exact engine/trim,Varies by engine; exact trim not identified,Varies by engine; exact trim not identified,Usually 4–5; exact model/trim not identified,Varies by trim; exact gearbox not identified,Khmer24 listing,https://www.khmer24.com/en/post-adid-13647935,Seller did not identify exact configuration,"The marketplace listing lacks enough model, engine, battery, or trim detail for a responsible numeric claim. The card states the limitation instead of inventing data."
13590875,Official figure unavailable: seller did not identify the exact engine/trim,Varies by engine; exact trim not identified,Varies by engine; exact trim not identified,Usually 4–5; exact model/trim not identified,Varies by trim; exact gearbox not identified,Khmer24 listing,https://www.khmer24.com/en/post-adid-13590875,Seller did not identify exact configuration,"The marketplace listing lacks enough model, engine, battery, or trim detail for a responsible numeric claim. The card states the limitation instead of inventing data."
13423803,Official figure unavailable: seller did not identify the exact engine/trim,Varies by engine; exact trim not identified,Varies by engine; exact trim not identified,Usually 5–11; exact seating layout not identified,Varies by trim; exact gearbox not identified,Khmer24 listing,https://www.khmer24.com/en/post-adid-13423803,Seller did not identify exact configuration,"The marketplace listing lacks enough model, engine, battery, or trim detail for a responsible numeric claim. The card states the limitation instead of inventing data."
13789595,Official figure unavailable: seller did not identify the exact engine/trim,Varies by engine; exact trim not identified,Varies by engine; exact trim not identified,Usually 4–5; exact model/trim not identified,Varies by trim; exact gearbox not identified,Khmer24 listing,https://www.khmer24.com/en/post-adid-13789595,Seller did not identify exact configuration,"The marketplace listing lacks enough model, engine, battery, or trim detail for a responsible numeric claim. The card states the limitation instead of inventing data."
13760398,24–32 mpg combined (EPA),4,2 L or 2.5 L,Usually 5–8; exact model/trim not identified,Automatic (AV-S6) or Automatic (S6),U.S. DOE/EPA FuelEconomy.gov,https://www.fueleconomy.gov/feg/Find.do?action=sbs&id=37057&id=37058&id=37061,Exact year/make/model EPA range,"EPA values cover matching U.S.-market configurations. The imported Cambodian trim may use a different engine, transmission, battery, or test cycle."
13766785,19–30 mpg combined (EPA),4 or 6 or 8,2 L or 3 L or 4 L,Usually 2–4; exact model/trim not identified,Automatic 7-spd or Automatic 9-spd,U.S. DOE/EPA FuelEconomy.gov,https://www.fueleconomy.gov/feg/Find.do?action=sbs&id=37428&id=37461&id=37913,Exact year/make/model EPA range,"EPA values cover matching U.S.-market configurations. The imported Cambodian trim may use a different engine, transmission, battery, or test cycle."
13661292,16–24 mpg combined (EPA),4 or 6 or 8,2.3 L or 3.7 L or 5 L or 5.2 L,Usually 2–4; exact model/trim not identified,Automatic (S6) or Manual 6-spd,U.S. DOE/EPA FuelEconomy.gov,https://www.fueleconomy.gov/feg/Find.do?action=sbs&id=37530&id=37573&id=37574,Exact year/make/model EPA range,"EPA values cover matching U.S.-market configurations. The imported Cambodian trim may use a different engine, transmission, battery, or test cycle."
13353262,17–23 mpg combined (EPA),6,3.4 L or 3.8 L,Usually 2–4; exact model/trim not identified,Automatic (AM-S7) or Manual 7-spd,U.S. DOE/EPA FuelEconomy.gov,https://www.fueleconomy.gov/feg/Find.do?action=sbs&id=35153&id=35160&id=35161,Exact year/make/model EPA range,"EPA values cover matching U.S.-market configurations. The imported Cambodian trim may use a different engine, transmission, battery, or test cycle."
13564496,16–17 mpg combined (EPA),8,4.4 L,Usually 4–5; exact model/trim not identified,Automatic (AM-S7) or Manual 6-spd,U.S. DOE/EPA FuelEconomy.gov,https://www.fueleconomy.gov/feg/Find.do?action=sbs&id=33075&id=33076,Exact year/make/model EPA range,"EPA values cover matching U.S.-market configurations. The imported Cambodian trim may use a different engine, transmission, battery, or test cycle."
13606811,26–30 mpg combined (EPA),4,2 L,Usually 2–4; exact model/trim not identified,Automatic (AM7),U.S. DOE/EPA FuelEconomy.gov,https://www.fueleconomy.gov/feg/Find.do?action=sbs&id=35954&id=35955&id=35956,Exact year/make/model EPA range,"EPA values cover matching U.S.-market configurations. The imported Cambodian trim may use a different engine, transmission, battery, or test cycle."
13721317,50 mpg combined (EPA),4,1.8 L,Usually 4–5; exact model/trim not identified,Automatic (variable gear ratios),U.S. DOE/EPA FuelEconomy.gov,https://www.fueleconomy.gov/feg/Find.do?action=sbs&id=26425,Exact year/make/model EPA range,"EPA values cover matching U.S.-market configurations. The imported Cambodian trim may use a different engine, transmission, battery, or test cycle."
13240141,18 mpg combined (EPA),6,3 L,Usually 5–8; exact model/trim not identified,Automatic 4-spd,U.S. DOE/EPA FuelEconomy.gov,https://www.fueleconomy.gov/feg/Find.do?action=sbs&id=18807&id=18808,Exact year/make/model EPA range,"EPA values cover matching U.S.-market configurations. The imported Cambodian trim may use a different engine, transmission, battery, or test cycle."
13656031,Official figure unavailable: seller did not identify the exact engine/trim,Varies by engine; exact trim not identified,Varies by engine; exact trim not identified,Usually 4–5; exact model/trim not identified,Varies by trim; exact gearbox not identified,Khmer24 listing,https://www.khmer24.com/en/post-adid-13656031,Seller did not identify exact configuration,"The marketplace listing lacks enough model, engine, battery, or trim detail for a responsible numeric claim. The card states the limitation instead of inventing data."
13724123,Official figure unavailable: seller did not identify the exact engine/trim,Varies by engine; exact trim not identified,Varies by engine; exact trim not identified,Usually 5–8; exact model/trim not identified,Varies by trim; exact gearbox not identified,Khmer24 listing,https://www.khmer24.com/en/post-adid-13724123,Seller did not identify exact configuration,"The marketplace listing lacks enough model, engine, battery, or trim detail for a responsible numeric claim. The card states the limitation instead of inventing data."
13712225,Official figure unavailable: seller did not identify the exact engine/trim,Varies by engine; exact trim not identified,Varies by engine; exact trim not identified,Usually 4–5; exact model/trim not identified,Varies by trim; exact gearbox not identified,Khmer24 listing,https://www.khmer24.com/en/post-adid-13712225,Seller did not identify exact configuration,"The marketplace listing lacks enough model, engine, battery, or trim detail for a responsible numeric claim. The card states the limitation instead of inventing data."
13534885,Official figure unavailable: seller did not identify the exact engine/trim,Varies by engine; exact trim not identified,Varies by engine; exact trim not identified,Usually 4–5; exact model/trim not identified,Varies by trim; exact gearbox not identified,Khmer24 listing,https://www.khmer24.com/en/post-adid-13534885,Seller did not identify exact configuration,"The marketplace listing lacks enough model, engine, battery, or trim detail for a responsible numeric claim. The card states the limitation instead of inventing data."
13770445,Official figure unavailable: seller did not identify the exact engine/trim,Varies by engine; exact trim not identified,Varies by engine; exact trim not identified,Usually 4–5; exact model/trim not identified,Varies by trim; exact gearbox not identified,Khmer24 listing,https://www.khmer24.com/en/post-adid-13770445,Seller did not identify exact configuration,"The marketplace listing lacks enough model, engine, battery, or trim detail for a responsible numeric claim. The card states the limitation instead of inventing data."
13715328,Official figure unavailable: seller did not identify the exact engine/trim,Varies by engine; exact trim not identified,Varies by engine; exact trim not identified,Usually 4–5; exact model/trim not identified,Varies by trim; exact gearbox not identified,Khmer24 listing,https://www.khmer24.com/en/post-adid-13715328,Seller did not identify exact configuration,"The marketplace listing lacks enough model, engine, battery, or trim detail for a responsible numeric claim. The card states the limitation instead of inventing data."
13809259,Official figure unavailable: seller did not identify the exact engine/trim,Varies by engine; exact trim not identified,Varies by engine; exact trim not identified,Usually 5–8; exact model/trim not identified,Varies by trim; exact gearbox not identified,Khmer24 listing,https://www.khmer24.com/en/post-adid-13809259,Seller did not identify exact configuration,"The marketplace listing lacks enough model, engine, battery, or trim detail for a responsible numeric claim. The card states the limitation instead of inventing data."
13358181,Official figure unavailable: seller did not identify the exact engine/trim,Varies by engine; exact trim not identified,Varies by engine; exact trim not identified,Usually 2–5; exact cab configuration not identified,Varies by trim; exact gearbox not identified,Khmer24 listing,https://www.khmer24.com/en/post-adid-13358181,Seller did not identify exact configuration,"The marketplace listing lacks enough model, engine, battery, or trim detail for a responsible numeric claim. The card states the limitation instead of inventing data."
13727007,Range unavailable: seller did not identify the exact battery/model version,N/A (electric),N/A (electric),Usually 4–5; exact model/trim not identified,Single-speed electric drive,Khmer24 listing,https://www.khmer24.com/en/post-adid-13727007,Seller did not identify exact configuration,"The marketplace listing lacks enough model, engine, battery, or trim detail for a responsible numeric claim. The card states the limitation instead of inventing data."
13729259,9.5–19.4 km/L (official Japanese test cycles; powertrain dependent),4 or 6,"2.4 L, 2.5 L, or 3.5 L",6–8 depending on grade,"Super CVT-i, e-CVT, or 6-speed automatic",Toyota Global Newsroom,https://global.toyota/en/newsroom/toyota/23310520.html,Official manufacturer model-family range,Official Alphard family figures span gasoline and hybrid grades. Confirm the imported vehicle's grade and test cycle.
13553537,Official figure unavailable: seller did not identify the exact engine/trim,Varies by engine; exact trim not identified,Varies by engine; exact trim not identified,Usually 4–5; exact model/trim not identified,Varies by trim; exact gearbox not identified,Khmer24 listing,https://www.khmer24.com/en/post-adid-13553537,Seller did not identify exact configuration,"The marketplace listing lacks enough model, engine, battery, or trim detail for a responsible numeric claim. The card states the limitation instead of inventing data."
13603091,Official figure unavailable: seller did not identify the exact engine/trim,Varies by engine; exact trim not identified,Varies by engine; exact trim not identified,Usually 4–5; exact model/trim not identified,Varies by trim; exact gearbox not identified,Khmer24 listing,https://www.khmer24.com/en/post-adid-13603091,Seller did not identify exact configuration,"The marketplace listing lacks enough model, engine, battery, or trim detail for a responsible numeric claim. The card states the limitation instead of inventing data."
13436154,Official figure unavailable: seller did not identify the exact engine/trim,Varies by engine; exact trim not identified,Varies by engine; exact trim not identified,Usually 5–11; exact seating layout not identified,Varies by trim; exact gearbox not identified,Khmer24 listing,https://www.khmer24.com/en/post-adid-13436154,Seller did not identify exact configuration,"The marketplace listing lacks enough model, engine, battery, or trim detail for a responsible numeric claim. The card states the limitation instead of inventing data."
13601046,Official figure unavailable: seller did not identify the exact engine/trim,Varies by engine; exact trim not identified,Varies by engine; exact trim not identified,Usually 4–5; exact model/trim not identified,Varies by trim; exact gearbox not identified,Khmer24 listing,https://www.khmer24.com/en/post-adid-13601046,Seller did not identify exact configuration,"The marketplace listing lacks enough model, engine, battery, or trim detail for a responsible numeric claim. The card states the limitation instead of inventing data."
13722069,24–32 mpg combined (EPA),4,2 L or 2.5 L,Usually 5–8; exact model/trim not identified,Automatic (AV-S6) or Automatic (S6),U.S. DOE/EPA FuelEconomy.gov,https://www.fueleconomy.gov/feg/Find.do?action=sbs&id=35785&id=35788&id=35912,Exact year/make/model EPA range,"EPA values cover matching U.S.-market configurations. The imported Cambodian trim may use a different engine, transmission, battery, or test cycle."
13414617,18–25 mpg combined (EPA),4 or 6 or 8,2 L or 3 L or 4 L,Usually 5–8; exact model/trim not identified,Automatic 9-spd,U.S. DOE/EPA FuelEconomy.gov,https://www.fueleconomy.gov/feg/Find.do?action=sbs&id=41872&id=41877&id=41896,Exact year/make/model EPA range,"EPA values cover matching U.S.-market configurations. The imported Cambodian trim may use a different engine, transmission, battery, or test cycle."
13694848,Official figure unavailable: seller did not identify the exact engine/trim,Varies by engine; exact trim not identified,Varies by engine; exact trim not identified,Usually 2–4; exact model/trim not identified,Varies by trim; exact gearbox not identified,Khmer24 listing,https://www.khmer24.com/en/post-adid-13694848,Seller did not identify exact configuration,"The marketplace listing lacks enough model, engine, battery, or trim detail for a responsible numeric claim. The card states the limitation instead of inventing data."
13240037,21–24 mpg combined (EPA),6 or 8,2.9 L or 3 L or 4 L,Usually 4–5; exact model/trim not identified,Automatic (AM-S8),U.S. DOE/EPA FuelEconomy.gov,https://www.fueleconomy.gov/feg/Find.do?action=sbs&id=38593&id=38594&id=38595,Exact year/make/model EPA range,"EPA values cover matching U.S.-market configurations. The imported Cambodian trim may use a different engine, transmission, battery, or test cycle."
13811248,15–20 mpg combined (EPA),6 or 8 or 12,3 L or 4.4 L or 6 L,Usually 4–5; exact model/trim not identified,Automatic (S6) or Automatic (S8),U.S. DOE/EPA FuelEconomy.gov,https://www.fueleconomy.gov/feg/Find.do?action=sbs&id=31228&id=31229&id=31230,Exact year/make/model EPA range,"EPA values cover matching U.S.-market configurations. The imported Cambodian trim may use a different engine, transmission, battery, or test cycle."
13540342,26–30 mpg combined (EPA),4,2 L,Usually 2–4; exact model/trim not identified,Automatic (AM7),U.S. DOE/EPA FuelEconomy.gov,https://www.fueleconomy.gov/feg/Find.do?action=sbs&id=35954&id=35955&id=35956,Exact year/make/model EPA range,"EPA values cover matching U.S.-market configurations. The imported Cambodian trim may use a different engine, transmission, battery, or test cycle."
13731847,Official figure unavailable: seller did not identify the exact engine/trim,Varies by engine; exact trim not identified,Varies by engine; exact trim not identified,Usually 4–5; exact model/trim not identified,Varies by trim; exact gearbox not identified,Khmer24 listing,https://www.khmer24.com/en/post-adid-13731847,Seller did not identify exact configuration,"The marketplace listing lacks enough model, engine, battery, or trim detail for a responsible numeric claim. The card states the limitation instead of inventing data."
13800104,18 mpg combined (EPA),6,3 L,Usually 5–8; exact model/trim not identified,Automatic 4-spd,U.S. DOE/EPA FuelEconomy.gov,https://www.fueleconomy.gov/feg/Find.do?action=sbs&id=16904&id=16905,Exact year/make/model EPA range,"EPA values cover matching U.S.-market configurations. The imported Cambodian trim may use a different engine, transmission, battery, or test cycle."
13795130,Up to 545 km CLTC range for the e:NP2/e:NS2 family,N/A (electric),N/A (electric),5,Single-speed electric drive,Honda Global e:NP2/e:NS2 release,https://global.honda/en/newsroom/news/2024/c240425aeng.html,Official manufacturer model-family range,The official range uses China's CLTC cycle. Confirm whether the listing is e:NP2 or e:NS2 and verify battery trim.
13583343,17–23 mpg combined (EPA),4 or 6,2.3 L or 2.7 L or 3 L,5 for double-cab passenger configuration,Automatic (S10),U.S. DOE/EPA FuelEconomy.gov,https://www.fueleconomy.gov/feg/Find.do?action=sbs&id=50095&id=50105&id=50106,Exact year/make/model EPA range,"EPA values cover matching U.S.-market configurations. The imported Cambodian trim may use a different engine, transmission, battery, or test cycle."
13756008,Official figure unavailable: seller did not identify the exact engine/trim,Varies by engine; exact trim not identified,Varies by engine; exact trim not identified,Usually 4–5; exact model/trim not identified,Varies by trim; exact gearbox not identified,Khmer24 listing,https://www.khmer24.com/en/post-adid-13756008,Seller did not identify exact configuration,"The marketplace listing lacks enough model, engine, battery, or trim detail for a responsible numeric claim. The card states the limitation instead of inventing data."
13637375,23 mpg combined (EPA),4,2.5 L,Usually 5–8; exact model/trim not identified,Automatic (S6),U.S. DOE/EPA FuelEconomy.gov,https://www.fueleconomy.gov/feg/Find.do?action=sbs&id=44956,Exact year/make/model EPA range,"EPA values cover matching U.S.-market configurations. The imported Cambodian trim may use a different engine, transmission, battery, or test cycle."
13586926,31 mpg combined (EPA),4,1.6 L,Usually 4–5; exact model/trim not identified,Automatic (AV-S1),U.S. DOE/EPA FuelEconomy.gov,https://www.fueleconomy.gov/feg/Find.do?action=sbs&id=49452,Exact year/make/model EPA range,"EPA values cover matching U.S.-market configurations. The imported Cambodian trim may use a different engine, transmission, battery, or test cycle."
13677908,Official figure unavailable: seller did not identify the exact engine/trim,Varies by engine; exact trim not identified,Varies by engine; exact trim not identified,Usually 4–5; exact model/trim not identified,Varies by trim; exact gearbox not identified,Khmer24 listing,https://www.khmer24.com/en/post-adid-13677908,Seller did not identify exact configuration,"The marketplace listing lacks enough model, engine, battery, or trim detail for a responsible numeric claim. The card states the limitation instead of inventing data."
13528061,19 mpg combined (EPA),6,3.4 L,Usually 5–8; exact model/trim not identified,Automatic (S10),U.S. DOE/EPA FuelEconomy.gov,https://www.fueleconomy.gov/feg/Find.do?action=sbs&id=46243,Exact year/make/model EPA range,"EPA values cover matching U.S.-market configurations. The imported Cambodian trim may use a different engine, transmission, battery, or test cycle."
13555588,Official figure unavailable: seller did not identify the exact engine/trim,Varies by engine; exact trim not identified,Varies by engine; exact trim not identified,Usually 2–5; exact cab configuration not identified,Varies by trim; exact gearbox not identified,Khmer24 listing,https://www.khmer24.com/en/post-adid-13555588,Seller did not identify exact configuration,"The marketplace listing lacks enough model, engine, battery, or trim detail for a responsible numeric claim. The card states the limitation instead of inventing data."
13612803,Range unavailable: seller did not identify the exact battery/model version,N/A (electric),N/A (electric),Usually 4–5; exact model/trim not identified,Single-speed electric drive,Khmer24 listing,https://www.khmer24.com/en/post-adid-13612803,Seller did not identify exact configuration,"The marketplace listing lacks enough model, engine, battery, or trim detail for a responsible numeric claim. The card states the limitation instead of inventing data."
13736942,9.5–19.4 km/L (official Japanese test cycles; powertrain dependent),4 or 6,"2.4 L, 2.5 L, or 3.5 L",6–8 depending on grade,"Super CVT-i, e-CVT, or 6-speed automatic",Toyota Global Newsroom,https://global.toyota/en/newsroom/toyota/23310520.html,Official manufacturer model-family range,Official Alphard family figures span gasoline and hybrid grades. Confirm the imported vehicle's grade and test cycle.
13753577,Official figure unavailable: seller did not identify the exact engine/trim,Varies by engine; exact trim not identified,Varies by engine; exact trim not identified,Usually 4–5; exact model/trim not identified,Varies by trim; exact gearbox not identified,Khmer24 listing,https://www.khmer24.com/en/post-adid-13753577,Seller did not identify exact configuration,"The marketplace listing lacks enough model, engine, battery, or trim detail for a responsible numeric claim. The card states the limitation instead of inventing data."
13643669,Official figure unavailable: seller did not identify the exact engine/trim,Varies by engine; exact trim not identified,Varies by engine; exact trim not identified,Usually 4–5; exact model/trim not identified,Varies by trim; exact gearbox not identified,Khmer24 listing,https://www.khmer24.com/en/post-adid-13643669,Seller did not identify exact configuration,"The marketplace listing lacks enough model, engine, battery, or trim detail for a responsible numeric claim. The card states the limitation instead of inventing data."
13810635,Official figure unavailable: seller did not identify the exact engine/trim,Varies by engine; exact trim not identified,Varies by engine; exact trim not identified,Usually 5–11; exact seating layout not identified,Varies by trim; exact gearbox not identified,Khmer24 listing,https://www.khmer24.com/en/post-adid-13810635,Seller did not identify exact configuration,"The marketplace listing lacks enough model, engine, battery, or trim detail for a responsible numeric claim. The card states the limitation instead of inventing data."
13460795,Seller advertises 401 km range,N/A (electric),N/A (electric),Usually 4–5; exact model/trim not identified,Single-speed electric drive,Khmer24 listing,https://www.khmer24.com/en/post-adid-13460795,Seller did not identify exact configuration,"The marketplace listing lacks enough model, engine, battery, or trim detail for a responsible numeric claim. The card states the limitation instead of inventing data."
13655770,24–32 mpg combined (EPA),4,2 L or 2.5 L,Usually 5–8; exact model/trim not identified,Automatic (AV-S6) or Automatic (S6),U.S. DOE/EPA FuelEconomy.gov,https://www.fueleconomy.gov/feg/Find.do?action=sbs&id=35785&id=35788&id=35912,Exact year/make/model EPA range,"EPA values cover matching U.S.-market configurations. The imported Cambodian trim may use a different engine, transmission, battery, or test cycle."
13261218,19–30 mpg combined (EPA),4 or 6 or 8,2 L or 3 L or 4 L,Usually 2–5; exact model/trim not identified,Automatic 7-spd or Automatic 9-spd,U.S. DOE/EPA FuelEconomy.gov,https://www.fueleconomy.gov/feg/Find.do?action=sbs&id=37428&id=37461&id=37913,Exact year/make/model EPA range,"EPA values cover matching U.S.-market configurations. The imported Cambodian trim may use a different engine, transmission, battery, or test cycle."
13765058,Official figure unavailable: seller did not identify the exact engine/trim,Varies by engine; exact trim not identified,Varies by engine; exact trim not identified,Usually 2–4; exact model/trim not identified,Varies by trim; exact gearbox not identified,Khmer24 listing,https://www.khmer24.com/en/post-adid-13765058,Seller did not identify exact configuration,"The marketplace listing lacks enough model, engine, battery, or trim detail for a responsible numeric claim. The card states the limitation instead of inventing data."
13754200,18–25 mpg combined (EPA),6 or 8,3 L or 3.6 L or 4.8 L,Usually 4–5; exact model/trim not identified,Automatic 7-spd or Automatic 8-spd,U.S. DOE/EPA FuelEconomy.gov,https://www.fueleconomy.gov/feg/Find.do?action=sbs&id=31805&id=31806&id=31807,Exact year/make/model EPA range,"EPA values cover matching U.S.-market configurations. The imported Cambodian trim may use a different engine, transmission, battery, or test cycle."
13727155,21–23 mpg combined (EPA),4 or 6,2 L or 3 L,Usually 4–5; exact model/trim not identified,Automatic (S8),U.S. DOE/EPA FuelEconomy.gov,https://www.fueleconomy.gov/feg/Find.do?action=sbs&id=35240&id=35241,Exact year/make/model EPA range,"EPA values cover matching U.S.-market configurations. The imported Cambodian trim may use a different engine, transmission, battery, or test cycle."
13583999,18 mpg combined (EPA),8,4 L,Usually 2–4; exact model/trim not identified,Automatic (AM7),U.S. DOE/EPA FuelEconomy.gov,https://www.fueleconomy.gov/feg/Find.do?action=sbs&id=36193,Exact year/make/model EPA range,"EPA values cover matching U.S.-market configurations. The imported Cambodian trim may use a different engine, transmission, battery, or test cycle."
13781654,46 mpg combined (EPA),4,1.5 L,Usually 4–5; exact model/trim not identified,Automatic (variable gear ratios),U.S. DOE/EPA FuelEconomy.gov,https://www.fueleconomy.gov/feg/Find.do?action=sbs&id=24882,Exact year/make/model EPA range,"EPA values cover matching U.S.-market configurations. The imported Cambodian trim may use a different engine, transmission, battery, or test cycle."
13643395,Official figure unavailable: seller did not identify the exact engine/trim,Varies by engine; exact trim not identified,Varies by engine; exact trim not identified,Usually 4–5; exact model/trim not identified,Varies by trim; exact gearbox not identified,Khmer24 listing,https://www.khmer24.com/en/post-adid-13643395,Seller did not identify exact configuration,"The marketplace listing lacks enough model, engine, battery, or trim detail for a responsible numeric claim. The card states the limitation instead of inventing data."
13555356,Up to 545 km CLTC range for the e:NP2/e:NS2 family,N/A (electric),N/A (electric),5,Single-speed electric drive,Honda Global e:NP2/e:NS2 release,https://global.honda/en/newsroom/news/2024/c240425aeng.html,Official manufacturer model-family range,The official range uses China's CLTC cycle. Confirm whether the listing is e:NP2 or e:NS2 and verify battery trim.
13762425,Official figure unavailable: seller did not identify the exact engine/trim,Varies by engine; exact trim not identified,Varies by engine; exact trim not identified,Usually 5–8; exact model/trim not identified,Varies by trim; exact gearbox not identified,Khmer24 listing,https://www.khmer24.com/en/post-adid-13762425,Seller did not identify exact configuration,"The marketplace listing lacks enough model, engine, battery, or trim detail for a responsible numeric claim. The card states the limitation instead of inventing data."
13805895,Official figure unavailable: seller did not identify the exact engine/trim,Varies by engine; exact trim not identified,Varies by engine; exact trim not identified,Usually 4–5; exact model/trim not identified,Varies by trim; exact gearbox not identified,Khmer24 listing,https://www.khmer24.com/en/post-adid-13805895,Seller did not identify exact configuration,"The marketplace listing lacks enough model, engine, battery, or trim detail for a responsible numeric claim. The card states the limitation instead of inventing data."
13809124,6.3–9.2 L/100 km across official generation/powertrain references,4 or 5,"1.9 L, 2.2 L, 3.0 L, or 3.2 L diesel",2–5 depending on cab configuration,6-speed manual/automatic or current 8-speed automatic,Mazda BT-50 official specifications,https://www.mazda.com.au/mazda-news/mazda-bt-50-20-year-history/,Official manufacturer model-family range,BT-50 figures span several generations and cab configurations. Confirm the listing's engine and cab before purchase.
13427712,19–34 mpg combined (EPA),4 or 6,2.5 L or 3.5 L,Usually 5–8; exact model/trim not identified,Automatic (AM-S6) or Automatic (S8),U.S. DOE/EPA FuelEconomy.gov,https://www.fueleconomy.gov/feg/Find.do?action=sbs&id=49553&id=49554&id=49581,Exact year/make/model EPA range,"EPA values cover matching U.S.-market configurations. The imported Cambodian trim may use a different engine, transmission, battery, or test cycle."
13591274,16–21 mpg combined (EPA),4 or 6,2.5 L or 4 L,Usually 4–5; exact model/trim not identified,Multiple EPA-listed transmissions,U.S. DOE/EPA FuelEconomy.gov,https://www.fueleconomy.gov/feg/Find.do?action=sbs&id=22227&id=22228&id=22229,Exact year/make/model EPA range,"EPA values cover matching U.S.-market configurations. The imported Cambodian trim may use a different engine, transmission, battery, or test cycle."
13336208,28–30 mpg combined (EPA),4,1.8 L,Usually 5–8; exact model/trim not identified,Automatic (AV-S7) or Automatic (variable gear ratios),U.S. DOE/EPA FuelEconomy.gov,https://www.fueleconomy.gov/feg/Find.do?action=sbs&id=40420&id=40421&id=40422,Exact year/make/model EPA range,"EPA values cover matching U.S.-market configurations. The imported Cambodian trim may use a different engine, transmission, battery, or test cycle."
13756884,6.3–9.2 L/100 km across official generation/powertrain references,4 or 5,"1.9 L, 2.2 L, 3.0 L, or 3.2 L diesel",2–5 depending on cab configuration,6-speed manual/automatic or current 8-speed automatic,Mazda BT-50 official specifications,https://www.mazda.com.au/mazda-news/mazda-bt-50-20-year-history/,Official manufacturer model-family range,BT-50 figures span several generations and cab configurations. Confirm the listing's engine and cab before purchase.
13638064,Range unavailable: seller did not identify the exact battery/model version,N/A (electric),N/A (electric),Usually 4–5; exact model/trim not identified,Single-speed electric drive,Khmer24 listing,https://www.khmer24.com/en/post-adid-13638064,Seller did not identify exact configuration,"The marketplace listing lacks enough model, engine, battery, or trim detail for a responsible numeric claim. The card states the limitation instead of inventing data."
13775583,9.5–19.4 km/L (official Japanese test cycles; powertrain dependent),4 or 6,"2.4 L, 2.5 L, or 3.5 L",6–8 depending on grade,"Super CVT-i, e-CVT, or 6-speed automatic",Toyota Global Newsroom,https://global.toyota/en/newsroom/toyota/23310520.html,Official manufacturer model-family range,Official Alphard family figures span gasoline and hybrid grades. Confirm the imported vehicle's grade and test cycle.
13428216,Range unavailable: seller did not identify the exact battery/model version,N/A (electric),N/A (electric),Usually 4–5; exact model/trim not identified,Single-speed electric drive,Khmer24 listing,https://www.khmer24.com/en/post-adid-13428216,Seller did not identify exact configuration,"The marketplace listing lacks enough model, engine, battery, or trim detail for a responsible numeric claim. The card states the limitation instead of inventing data."
13493676,Official figure unavailable: seller did not identify the exact engine/trim,Varies by engine; exact trim not identified,Varies by engine; exact trim not identified,Usually 4–5; exact model/trim not identified,Varies by trim; exact gearbox not identified,Khmer24 listing,https://www.khmer24.com/en/post-adid-13493676,Seller did not identify exact configuration,"The marketplace listing lacks enough model, engine, battery, or trim detail for a responsible numeric claim. The card states the limitation instead of inventing data."
13692830,Official figure unavailable: seller did not identify the exact engine/trim,Varies by engine; exact trim not identified,Varies by engine; exact trim not identified,Usually 5–11; exact seating layout not identified,Varies by trim; exact gearbox not identified,Khmer24 listing,https://www.khmer24.com/en/post-adid-13692830,Seller did not identify exact configuration,"The marketplace listing lacks enough model, engine, battery, or trim detail for a responsible numeric claim. The card states the limitation instead of inventing data."
13810449,Official figure unavailable: seller did not identify the exact engine/trim,Varies by engine; exact trim not identified,Varies by engine; exact trim not identified,Usually 4–5; exact model/trim not identified,Varies by trim; exact gearbox not identified,Khmer24 listing,https://www.khmer24.com/en/post-adid-13810449,Seller did not identify exact configuration,"The marketplace listing lacks enough model, engine, battery, or trim detail for a responsible numeric claim. The card states the limitation instead of inventing data."
13707655,Official figure unavailable: seller did not identify the exact engine/trim,Varies by engine; exact trim not identified,Varies by engine; exact trim not identified,Usually 5–8; exact model/trim not identified,Varies by trim; exact gearbox not identified,Khmer24 listing,https://www.khmer24.com/en/post-adid-13707655,Seller did not identify exact configuration,"The marketplace listing lacks enough model, engine, battery, or trim detail for a responsible numeric claim. The card states the limitation instead of inventing data."
13272367,Official figure unavailable: seller did not identify the exact engine/trim,Varies by engine; exact trim not identified,Varies by engine; exact trim not identified,Usually 2–4; exact model/trim not identified,Varies by trim; exact gearbox not identified,Khmer24 listing,https://www.khmer24.com/en/post-adid-13272367,Seller did not identify exact configuration,"The marketplace listing lacks enough model, engine, battery, or trim detail for a responsible numeric claim. The card states the limitation instead of inventing data."
13806503,Official figure unavailable: seller did not identify the exact engine/trim,Varies by engine; exact trim not identified,Varies by engine; exact trim not identified,Usually 2–4; exact model/trim not identified,Varies by trim; exact gearbox not identified,Khmer24 listing,https://www.khmer24.com/en/post-adid-13806503,Seller did not identify exact configuration,"The marketplace listing lacks enough model, engine, battery, or trim detail for a responsible numeric claim. The card states the limitation instead of inventing data."
13635951,17 mpg combined (EPA),6,4 L,Usually 2–4; exact model/trim not identified,Automatic (AM-S7),U.S. DOE/EPA FuelEconomy.gov,https://www.fueleconomy.gov/feg/Find.do?action=sbs&id=36171,Exact year/make/model EPA range,"EPA values cover matching U.S.-market configurations. The imported Cambodian trim may use a different engine, transmission, battery, or test cycle."
13605827,21–27 mpg combined (EPA),6 or 8,3 L or 4.4 L,Usually 4–5; exact model/trim not identified,Automatic (S8),U.S. DOE/EPA FuelEconomy.gov,https://www.fueleconomy.gov/feg/Find.do?action=sbs&id=45663&id=45664,Exact year/make/model EPA range,"EPA values cover matching U.S.-market configurations. The imported Cambodian trim may use a different engine, transmission, battery, or test cycle."
13626520,26–30 mpg combined (EPA),4,2 L,Usually 2–4; exact model/trim not identified,Automatic (AM7),U.S. DOE/EPA FuelEconomy.gov,https://www.fueleconomy.gov/feg/Find.do?action=sbs&id=34455&id=34571&id=34786,Exact year/make/model EPA range,"EPA values cover matching U.S.-market configurations. The imported Cambodian trim may use a different engine, transmission, battery, or test cycle."
13693164,9.5–19.4 km/L (official Japanese test cycles; powertrain dependent),4 or 6,"2.4 L, 2.5 L, or 3.5 L",6–8 depending on grade,"Super CVT-i, e-CVT, or 6-speed automatic",Toyota Global Newsroom,https://global.toyota/en/newsroom/toyota/23310520.html,Official manufacturer model-family range,Official Alphard family figures span gasoline and hybrid grades. Confirm the imported vehicle's grade and test cycle.
13527078,19–20 mpg combined (EPA),6,3.3 L,Usually 5–8; exact model/trim not identified,Automatic (S5) or Automatic 5-spd,U.S. DOE/EPA FuelEconomy.gov,https://www.fueleconomy.gov/feg/Find.do?action=sbs&id=20206&id=20207&id=20328,Exact year/make/model EPA range,"EPA values cover matching U.S.-market configurations. The imported Cambodian trim may use a different engine, transmission, battery, or test cycle."
13655844,Up to 545 km CLTC range for the e:NP2/e:NS2 family,N/A (electric),N/A (electric),5,Single-speed electric drive,Honda Global e:NP2/e:NS2 release,https://global.honda/en/newsroom/news/2024/c240425aeng.html,Official manufacturer model-family range,The official range uses China's CLTC cycle. Confirm whether the listing is e:NP2 or e:NS2 and verify battery trim.
13477945,Official figure unavailable: seller did not identify the exact engine/trim,Varies by engine; exact trim not identified,Varies by engine; exact trim not identified,Usually 5–8; exact model/trim not identified,Varies by trim; exact gearbox not identified,Khmer24 listing,https://www.khmer24.com/en/post-adid-13477945,Seller did not identify exact configuration,"The marketplace listing lacks enough model, engine, battery, or trim detail for a responsible numeric claim. The card states the limitation instead of inventing data."
13227224,7.5 L/100 km combined for an official regional diesel configuration,4 or 6,2.2 L diesel or 3.5 L gasoline,"7, 8, 9, or 11 depending on market",8-speed automatic (current family reference),Kia Carnival official specifications,https://www.kia.com/hk/en/showroom/carnival/specification.html,Official manufacturer model-family range,Carnival engines and seating layouts vary substantially by market and generation; confirm the listing's exact configuration.
13539459,Official figure unavailable: seller did not identify the exact engine/trim,Varies by engine; exact trim not identified,Varies by engine; exact trim not identified,Usually 4–5; exact model/trim not identified,Varies by trim; exact gearbox not identified,Khmer24 listing,https://www.khmer24.com/en/post-adid-13539459,Seller did not identify exact configuration,"The marketplace listing lacks enough model, engine, battery, or trim detail for a responsible numeric claim. The card states the limitation instead of inventing data."
13577479,Official consumption varies by destination-market 1.5 T-GDI calibration,4,1.5 L turbo gasoline,7,8-speed automatic,Hyundai CUSTIN official brochure,https://www.hyundai.com/content/dam/hyundai/ph/en/data/marketing/brochure/product/custin/Custin-brochure-v2.pdf,Official manufacturer model-family range,Official Philippine-market family reference; verify the Cambodian import's calibration and equipment.
13763466,Official figure unavailable: seller did not identify the exact engine/trim,Varies by engine; exact trim not identified,Varies by engine; exact trim not identified,Usually 4–5; exact model/trim not identified,Varies by trim; exact gearbox not identified,Khmer24 listing,https://www.khmer24.com/en/post-adid-13763466,Seller did not identify exact configuration,"The marketplace listing lacks enough model, engine, battery, or trim detail for a responsible numeric claim. The card states the limitation instead of inventing data."
13267580,Official figure unavailable: seller did not identify the exact engine/trim,Varies by engine; exact trim not identified,Varies by engine; exact trim not identified,Usually 5–8; exact model/trim not identified,Varies by trim; exact gearbox not identified,Khmer24 listing,https://www.khmer24.com/en/post-adid-13267580,Seller did not identify exact configuration,"The marketplace listing lacks enough model, engine, battery, or trim detail for a responsible numeric claim. The card states the limitation instead of inventing data."
13373563,19 mpg combined (EPA),6,3.6 L,Usually 2–5; exact cab configuration not identified,Automatic 8-spd or Manual 6-spd,U.S. DOE/EPA FuelEconomy.gov,https://www.fueleconomy.gov/feg/Find.do?action=sbs&id=42951&id=43011,Exact year/make/model EPA range,"EPA values cover matching U.S.-market configurations. The imported Cambodian trim may use a different engine, transmission, battery, or test cycle."
13809783,Official figure unavailable: seller did not identify the exact engine/trim,Varies by engine; exact trim not identified,Varies by engine; exact trim not identified,Usually 4–5; exact model/trim not identified,Varies by trim; exact gearbox not identified,Khmer24 listing,https://www.khmer24.com/en/post-adid-13809783,Seller did not identify exact configuration,"The marketplace listing lacks enough model, engine, battery, or trim detail for a responsible numeric claim. The card states the limitation instead of inventing data."
13769249,9.5–19.4 km/L (official Japanese test cycles; powertrain dependent),4 or 6,"2.4 L, 2.5 L, or 3.5 L",6–8 depending on grade,"Super CVT-i, e-CVT, or 6-speed automatic",Toyota Global Newsroom,https://global.toyota/en/newsroom/toyota/23310520.html,Official manufacturer model-family range,Official Alphard family figures span gasoline and hybrid grades. Confirm the imported vehicle's grade and test cycle.
13335590,Official figure unavailable: seller did not identify the exact engine/trim,Varies by engine; exact trim not identified,Varies by engine; exact trim not identified,Usually 4–5; exact model/trim not identified,Varies by trim; exact gearbox not identified,Khmer24 listing,https://www.khmer24.com/en/post-adid-13335590,Seller did not identify exact configuration,"The marketplace listing lacks enough model, engine, battery, or trim detail for a responsible numeric claim. The card states the limitation instead of inventing data."
13639739,Official figure unavailable: seller did not identify the exact engine/trim,Varies by engine; exact trim not identified,Varies by engine; exact trim not identified,Usually 4–5; exact model/trim not identified,Varies by trim; exact gearbox not identified,Khmer24 listing,https://www.khmer24.com/en/post-adid-13639739,Seller did not identify exact configuration,"The marketplace listing lacks enough model, engine, battery, or trim detail for a responsible numeric claim. The card states the limitation instead of inventing data."
13339784,9.5–19.4 km/L (official Japanese test cycles; powertrain dependent),4 or 6,"2.4 L, 2.5 L, or 3.5 L",6–8 depending on grade,"Super CVT-i, e-CVT, or 6-speed automatic",Toyota Global Newsroom,https://global.toyota/en/newsroom/toyota/23310520.html,Official manufacturer model-family range,Official Alphard family figures span gasoline and hybrid grades. Confirm the imported vehicle's grade and test cycle.
13619639,300–380 km NEDC range (sold globally as DOLPHIN MINI),N/A (electric),N/A (electric),4–5 depending on market version,Single-speed electric drive,BYD DOLPHIN MINI official specification,https://www.byd.com/content/dam/byd-site/america-public/flyer/BYD-DOLPHIN-MINI-flyer-ES-20231116.pdf,Official manufacturer model-family range,BYD Seagull is marketed as DOLPHIN MINI in several export markets.
13440459,24–32 mpg combined (EPA),4,2 L or 2.5 L,Usually 5–8; exact model/trim not identified,Automatic (AV-S6) or Automatic (S6),U.S. DOE/EPA FuelEconomy.gov,https://www.fueleconomy.gov/feg/Find.do?action=sbs&id=35785&id=35788&id=35912,Exact year/make/model EPA range,"EPA values cover matching U.S.-market configurations. The imported Cambodian trim may use a different engine, transmission, battery, or test cycle."
13528984,Official figure unavailable: seller did not identify the exact engine/trim,Varies by engine; exact trim not identified,Varies by engine; exact trim not identified,Usually 2–5; exact model/trim not identified,Varies by trim; exact gearbox not identified,Khmer24 listing,https://www.khmer24.com/en/post-adid-13528984,Seller did not identify exact configuration,"The marketplace listing lacks enough model, engine, battery, or trim detail for a responsible numeric claim. The card states the limitation instead of inventing data."
13737611,Official figure unavailable: seller did not identify the exact engine/trim,Varies by engine; exact trim not identified,Varies by engine; exact trim not identified,Usually 2–4; exact model/trim not identified,Varies by trim; exact gearbox not identified,Khmer24 listing,https://www.khmer24.com/en/post-adid-13737611,Seller did not identify exact configuration,"The marketplace listing lacks enough model, engine, battery, or trim detail for a responsible numeric claim. The card states the limitation instead of inventing data."
13597961,19–23 mpg combined (EPA),6,3.4 L or 3.8 L,Usually 2–4; exact model/trim not identified,Multiple EPA-listed transmissions,U.S. DOE/EPA FuelEconomy.gov,https://www.fueleconomy.gov/feg/Find.do?action=sbs&id=32375&id=32376&id=32377,Exact year/make/model EPA range,"EPA values cover matching U.S.-market configurations. The imported Cambodian trim may use a different engine, transmission, battery, or test cycle."
13748145,Official figure unavailable: seller did not identify the exact engine/trim,Varies by engine; exact trim not identified,Varies by engine; exact trim not identified,Usually 4–5; exact model/trim not identified,Varies by trim; exact gearbox not identified,Khmer24 listing,https://www.khmer24.com/en/post-adid-13748145,Seller did not identify exact configuration,"The marketplace listing lacks enough model, engine, battery, or trim detail for a responsible numeric claim. The card states the limitation instead of inventing data."
13782849,26–30 mpg combined (EPA),4,2 L,Usually 2–4; exact model/trim not identified,Automatic (AM7),U.S. DOE/EPA FuelEconomy.gov,https://www.fueleconomy.gov/feg/Find.do?action=sbs&id=35954&id=35955&id=35956,Exact year/make/model EPA range,"EPA values cover matching U.S.-market configurations. The imported Cambodian trim may use a different engine, transmission, battery, or test cycle."
13784769,15 mpg combined (EPA),8,5.7 L,Usually 5–8; exact model/trim not identified,Automatic (S6),U.S. DOE/EPA FuelEconomy.gov,https://www.fueleconomy.gov/feg/Find.do?action=sbs&id=25055,Exact year/make/model EPA range,"EPA values cover matching U.S.-market configurations. The imported Cambodian trim may use a different engine, transmission, battery, or test cycle."
13694227,Official figure unavailable: seller did not identify the exact engine/trim,Varies by engine; exact trim not identified,Varies by engine; exact trim not identified,Usually 4–5; exact model/trim not identified,Varies by trim; exact gearbox not identified,Khmer24 listing,https://www.khmer24.com/en/post-adid-13694227,Seller did not identify exact configuration,"The marketplace listing lacks enough model, engine, battery, or trim detail for a responsible numeric claim. The card states the limitation instead of inventing data."
13805243,Up to 545 km CLTC range for the e:NP2/e:NS2 family,N/A (electric),N/A (electric),5,Single-speed electric drive,Honda Global e:NP2/e:NS2 release,https://global.honda/en/newsroom/news/2024/c240425aeng.html,Official manufacturer model-family range,The official range uses China's CLTC cycle. Confirm whether the listing is e:NP2 or e:NS2 and verify battery trim.
13592028,17–23 mpg combined (EPA),4 or 6,2.3 L or 2.7 L or 3 L,5 for double-cab passenger configuration,Automatic (S10),U.S. DOE/EPA FuelEconomy.gov,https://www.fueleconomy.gov/feg/Find.do?action=sbs&id=50095&id=50105&id=50106,Exact year/make/model EPA range,"EPA values cover matching U.S.-market configurations. The imported Cambodian trim may use a different engine, transmission, battery, or test cycle."
13799856,7.5 L/100 km combined for an official regional diesel configuration,4 or 6,2.2 L diesel or 3.5 L gasoline,"7, 8, 9, or 11 depending on market",8-speed automatic (current family reference),Kia Carnival official specifications,https://www.kia.com/hk/en/showroom/carnival/specification.html,Official manufacturer model-family range,Carnival engines and seating layouts vary substantially by market and generation; confirm the listing's exact configuration.
13594733,Official figure unavailable: seller did not identify the exact engine/trim,Varies by engine; exact trim not identified,Varies by engine; exact trim not identified,Usually 4–5; exact model/trim not identified,Varies by trim; exact gearbox not identified,Khmer24 listing,https://www.khmer24.com/en/post-adid-13594733,Seller did not identify exact configuration,"The marketplace listing lacks enough model, engine, battery, or trim detail for a responsible numeric claim. The card states the limitation instead of inventing data."
13660893,Official figure unavailable: seller did not identify the exact engine/trim,Varies by engine; exact trim not identified,Varies by engine; exact trim not identified,Usually 4–5; exact model/trim not identified,Varies by trim; exact gearbox not identified,Khmer24 listing,https://www.khmer24.com/en/post-adid-13660893,Seller did not identify exact configuration,"The marketplace listing lacks enough model, engine, battery, or trim detail for a responsible numeric claim. The card states the limitation instead of inventing data."
13545604,16–21 mpg combined (EPA),4 or 6,2.5 L or 4 L,Usually 4–5; exact model/trim not identified,Multiple EPA-listed transmissions,U.S. DOE/EPA FuelEconomy.gov,https://www.fueleconomy.gov/feg/Find.do?action=sbs&id=21570&id=21571&id=21572,Exact year/make/model EPA range,"EPA values cover matching U.S.-market configurations. The imported Cambodian trim may use a different engine, transmission, battery, or test cycle."
13250892,Official figure unavailable: seller did not identify the exact engine/trim,Varies by engine; exact trim not identified,Varies by engine; exact trim not identified,Usually 5–8; exact model/trim not identified,Varies by trim; exact gearbox not identified,Khmer24 listing,https://www.khmer24.com/en/post-adid-13250892,Seller did not identify exact configuration,"The marketplace listing lacks enough model, engine, battery, or trim detail for a responsible numeric claim. The card states the limitation instead of inventing data."
13804678,Official figure unavailable: seller did not identify the exact engine/trim,Varies by engine; exact trim not identified,Varies by engine; exact trim not identified,Usually 2–5; exact cab configuration not identified,Varies by trim; exact gearbox not identified,Khmer24 listing,https://www.khmer24.com/en/post-adid-13804678,Seller did not identify exact configuration,"The marketplace listing lacks enough model, engine, battery, or trim detail for a responsible numeric claim. The card states the limitation instead of inventing data."
13582439,Range unavailable: seller did not identify the exact battery/model version,N/A (electric),N/A (electric),Usually 4–5; exact model/trim not identified,Single-speed electric drive,Khmer24 listing,https://www.khmer24.com/en/post-adid-13582439,Seller did not identify exact configuration,"The marketplace listing lacks enough model, engine, battery, or trim detail for a responsible numeric claim. The card states the limitation instead of inventing data."
13787499,9.5–19.4 km/L (official Japanese test cycles; powertrain dependent),4 or 6,"2.4 L, 2.5 L, or 3.5 L",6–8 depending on grade,"Super CVT-i, e-CVT, or 6-speed automatic",Toyota Global Newsroom,https://global.toyota/en/newsroom/toyota/23310520.html,Official manufacturer model-family range,Official Alphard family figures span gasoline and hybrid grades. Confirm the imported vehicle's grade and test cycle.
13719833,49–57 mpg combined (EPA),4,2 L,Usually 4–5; exact model/trim not identified,Automatic (variable gear ratios),U.S. DOE/EPA FuelEconomy.gov,https://www.fueleconomy.gov/feg/Find.do?action=sbs&id=46359&id=46360&id=46361,Exact year/make/model EPA range,"EPA values cover matching U.S.-market configurations. The imported Cambodian trim may use a different engine, transmission, battery, or test cycle."
13696252,Official figure unavailable: seller did not identify the exact engine/trim,Varies by engine; exact trim not identified,Varies by engine; exact trim not identified,Usually 4–5; exact model/trim not identified,Varies by trim; exact gearbox not identified,Khmer24 listing,https://www.khmer24.com/en/post-adid-13696252,Seller did not identify exact configuration,"The marketplace listing lacks enough model, engine, battery, or trim detail for a responsible numeric claim. The card states the limitation instead of inventing data."
13339926,9.5–19.4 km/L (official Japanese test cycles; powertrain dependent),4 or 6,"2.4 L, 2.5 L, or 3.5 L",6–8 depending on grade,"Super CVT-i, e-CVT, or 6-speed automatic",Toyota Global Newsroom,https://global.toyota/en/newsroom/toyota/23310520.html,Official manufacturer model-family range,Official Alphard family figures span gasoline and hybrid grades. Confirm the imported vehicle's grade and test cycle.
13781474,Range unavailable: seller did not identify the exact battery/model version,N/A (electric),N/A (electric),Usually 4–5; exact model/trim not identified,Single-speed electric drive,Khmer24 listing,https://www.khmer24.com/en/post-adid-13781474,Seller did not identify exact configuration,"The marketplace listing lacks enough model, engine, battery, or trim detail for a responsible numeric claim. The card states the limitation instead of inventing data."
13811107,Official figure unavailable: seller did not identify the exact engine/trim,Varies by engine; exact trim not identified,Varies by engine; exact trim not identified,Usually 5–8; exact model/trim not identified,Varies by trim; exact gearbox not identified,Khmer24 listing,https://www.khmer24.com/en/post-adid-13811107,Seller did not identify exact configuration,"The marketplace listing lacks enough model, engine, battery, or trim detail for a responsible numeric claim. The card states the limitation instead of inventing data."
13745332,19–30 mpg combined (EPA),4 or 6 or 8,2 L or 3 L or 4 L,Usually 2–5; exact model/trim not identified,Automatic 7-spd or Automatic 9-spd,U.S. DOE/EPA FuelEconomy.gov,https://www.fueleconomy.gov/feg/Find.do?action=sbs&id=37428&id=37461&id=37913,Exact year/make/model EPA range,"EPA values cover matching U.S.-market configurations. The imported Cambodian trim may use a different engine, transmission, battery, or test cycle."
13789606,Official figure unavailable: seller did not identify the exact engine/trim,Varies by engine; exact trim not identified,Varies by engine; exact trim not identified,Usually 2–4; exact model/trim not identified,Varies by trim; exact gearbox not identified,Khmer24 listing,https://www.khmer24.com/en/post-adid-13789606,Seller did not identify exact configuration,"The marketplace listing lacks enough model, engine, battery, or trim detail for a responsible numeric claim. The card states the limitation instead of inventing data."
13331596,21–24 mpg combined (EPA),6 or 8,2.9 L or 3 L or 4 L,Usually 4–5; exact model/trim not identified,Automatic (AM-S8),U.S. DOE/EPA FuelEconomy.gov,https://www.fueleconomy.gov/feg/Find.do?action=sbs&id=38593&id=38594&id=38595,Exact year/make/model EPA range,"EPA values cover matching U.S.-market configurations. The imported Cambodian trim may use a different engine, transmission, battery, or test cycle."
13761991,15–20 mpg combined (EPA),6 or 8 or 12,3 L or 4.4 L or 6 L,Usually 4–5; exact model/trim not identified,Automatic (S6) or Automatic (S8),U.S. DOE/EPA FuelEconomy.gov,https://www.fueleconomy.gov/feg/Find.do?action=sbs&id=31228&id=31229&id=31230,Exact year/make/model EPA range,"EPA values cover matching U.S.-market configurations. The imported Cambodian trim may use a different engine, transmission, battery, or test cycle."
13810472,Official figure unavailable: seller did not identify the exact engine/trim,Varies by engine; exact trim not identified,Varies by engine; exact trim not identified,Usually 2–4; exact model/trim not identified,Varies by trim; exact gearbox not identified,Khmer24 listing,https://www.khmer24.com/en/post-adid-13810472,Seller did not identify exact configuration,"The marketplace listing lacks enough model, engine, battery, or trim detail for a responsible numeric claim. The card states the limitation instead of inventing data."
13785854,Official figure unavailable: seller did not identify the exact engine/trim,Varies by engine; exact trim not identified,Varies by engine; exact trim not identified,Usually 4–5; exact model/trim not identified,Varies by trim; exact gearbox not identified,Khmer24 listing,https://www.khmer24.com/en/post-adid-13785854,Seller did not identify exact configuration,"The marketplace listing lacks enough model, engine, battery, or trim detail for a responsible numeric claim. The card states the limitation instead of inventing data."
13718938,Official figure unavailable: seller did not identify the exact engine/trim,Varies by engine; exact trim not identified,Varies by engine; exact trim not identified,Usually 4–5; exact model/trim not identified,Varies by trim; exact gearbox not identified,Khmer24 listing,https://www.khmer24.com/en/post-adid-13718938,Seller did not identify exact configuration,"The marketplace listing lacks enough model, engine, battery, or trim detail for a responsible numeric claim. The card states the limitation instead of inventing data."
13759846,Up to 545 km CLTC range for the e:NP2/e:NS2 family,N/A (electric),N/A (electric),5,Single-speed electric drive,Honda Global e:NP2/e:NS2 release,https://global.honda/en/newsroom/news/2024/c240425aeng.html,Official manufacturer model-family range,The official range uses China's CLTC cycle. Confirm whether the listing is e:NP2 or e:NS2 and verify battery trim.
13195782,16–22 mpg combined (EPA),6 or 8,2.7 L or 3.5 L or 5 L,Usually 2–5; exact cab configuration not identified,Multiple EPA-listed transmissions,U.S. DOE/EPA FuelEconomy.gov,https://www.fueleconomy.gov/feg/Find.do?action=sbs&id=38215&id=38261&id=38262,Exact year/make/model EPA range,"EPA values cover matching U.S.-market configurations. The imported Cambodian trim may use a different engine, transmission, battery, or test cycle."
13711574,Official figure unavailable: seller did not identify the exact engine/trim,Varies by engine; exact trim not identified,Varies by engine; exact trim not identified,Usually 4–5; exact model/trim not identified,Varies by trim; exact gearbox not identified,Khmer24 listing,https://www.khmer24.com/en/post-adid-13711574,Seller did not identify exact configuration,"The marketplace listing lacks enough model, engine, battery, or trim detail for a responsible numeric claim. The card states the limitation instead of inventing data."
13794320,6.3–9.2 L/100 km across official generation/powertrain references,4 or 5,"1.9 L, 2.2 L, 3.0 L, or 3.2 L diesel",2–5 depending on cab configuration,6-speed manual/automatic or current 8-speed automatic,Mazda BT-50 official specifications,https://www.mazda.com.au/mazda-news/mazda-bt-50-20-year-history/,Official manufacturer model-family range,BT-50 figures span several generations and cab configurations. Confirm the listing's engine and cab before purchase.
13609555,Official consumption varies by 2.2 diesel or 3.5 gasoline market trim,4 or 6,2.2 L diesel or 3.5 L gasoline,"3, 7, 10, or 11 depending on configuration",6-speed manual or 8-speed automatic,Hyundai STARIA official brochure,https://www.hyundai.com/content/dam/hyundai/ph/en/data/marketing/brochure/product/staria-2021/staria-0702622.pdf,Official manufacturer model-family range,The seller must confirm whether the listing is a passenger or cargo version and identify its market specification.
13674679,16–21 mpg combined (EPA),4 or 6,2.5 L or 4 L,Usually 4–5; exact model/trim not identified,Multiple EPA-listed transmissions,U.S. DOE/EPA FuelEconomy.gov,https://www.fueleconomy.gov/feg/Find.do?action=sbs&id=22227&id=22228&id=22229,Exact year/make/model EPA range,"EPA values cover matching U.S.-market configurations. The imported Cambodian trim may use a different engine, transmission, battery, or test cycle."
13663075,22 mpg combined (EPA),4,2 L,Usually 5–8; exact model/trim not identified,Automatic (S9),U.S. DOE/EPA FuelEconomy.gov,https://www.fueleconomy.gov/feg/Find.do?action=sbs&id=36006,Exact year/make/model EPA range,"EPA values cover matching U.S.-market configurations. The imported Cambodian trim may use a different engine, transmission, battery, or test cycle."
13773076,Official figure unavailable: seller did not identify the exact engine/trim,Varies by engine; exact trim not identified,Varies by engine; exact trim not identified,Usually 2–5; exact cab configuration not identified,Varies by trim; exact gearbox not identified,Khmer24 listing,https://www.khmer24.com/en/post-adid-13773076,Seller did not identify exact configuration,"The marketplace listing lacks enough model, engine, battery, or trim detail for a responsible numeric claim. The card states the limitation instead of inventing data."
13786685,Official figure unavailable: seller did not identify the exact engine/trim,Varies by engine; exact trim not identified,Varies by engine; exact trim not identified,Usually 4–5; exact model/trim not identified,Varies by trim; exact gearbox not identified,Khmer24 listing,https://www.khmer24.com/en/post-adid-13786685,Seller did not identify exact configuration,"The marketplace listing lacks enough model, engine, battery, or trim detail for a responsible numeric claim. The card states the limitation instead of inventing data."
13495949,34 mpg combined (EPA),4,2.4 L,Usually 4–5; exact model/trim not identified,Automatic (variable gear ratios),U.S. DOE/EPA FuelEconomy.gov,https://www.fueleconomy.gov/feg/Find.do?action=sbs&id=22825,Exact year/make/model EPA range,"EPA values cover matching U.S.-market configurations. The imported Cambodian trim may use a different engine, transmission, battery, or test cycle."
13790218,17 mpg combined (EPA),8,4.4 L,Usually 4–5; exact model/trim not identified,Automatic (S8),U.S. DOE/EPA FuelEconomy.gov,https://www.fueleconomy.gov/feg/Find.do?action=sbs&id=42002,Exact year/make/model EPA range,"EPA values cover matching U.S.-market configurations. The imported Cambodian trim may use a different engine, transmission, battery, or test cycle."
13705054,Official figure unavailable: seller did not identify the exact engine/trim,Varies by engine; exact trim not identified,Varies by engine; exact trim not identified,Usually 4–5; exact model/trim not identified,Varies by trim; exact gearbox not identified,Khmer24 listing,https://www.khmer24.com/en/post-adid-13705054,Seller did not identify exact configuration,"The marketplace listing lacks enough model, engine, battery, or trim detail for a responsible numeric claim. The card states the limitation instead of inventing data."
13400777,Official figure unavailable: seller did not identify the exact engine/trim,Varies by engine; exact trim not identified,Varies by engine; exact trim not identified,Usually 5–11; exact seating layout not identified,Varies by trim; exact gearbox not identified,Khmer24 listing,https://www.khmer24.com/en/post-adid-13400777,Seller did not identify exact configuration,"The marketplace listing lacks enough model, engine, battery, or trim detail for a responsible numeric claim. The card states the limitation instead of inventing data."
13617412,345–420 km WLTP range,N/A (electric),N/A (electric),5,Single-speed electric drive,BYD ATTO 3 official brochure,https://www.byd.com/content/dam/byd-site/au/product/atto3/new-added%282024%29/24_atto3/20240603_2024%20ATTO%203%20brochure.pdf,Official manufacturer model-family range,Range depends on battery version; verify the Cambodian vehicle's battery capacity.
13384615,12 mpg combined (EPA),12,6.5 L,Usually 2–4; exact model/trim not identified,Automatic (AM8),U.S. DOE/EPA FuelEconomy.gov,https://www.fueleconomy.gov/feg/Find.do?action=sbs&id=48634,Exact year/make/model EPA range,"EPA values cover matching U.S.-market configurations. The imported Cambodian trim may use a different engine, transmission, battery, or test cycle."
13688845,14 mpg combined (EPA),8,4 L,Usually 5–8; exact model/trim not identified,Automatic (S8),U.S. DOE/EPA FuelEconomy.gov,https://www.fueleconomy.gov/feg/Find.do?action=sbs&id=42058,Exact year/make/model EPA range,"EPA values cover matching U.S.-market configurations. The imported Cambodian trim may use a different engine, transmission, battery, or test cycle."
13537365,14 mpg combined (EPA),12,6 L,Usually 4–5; exact model/trim not identified,Automatic (S8),U.S. DOE/EPA FuelEconomy.gov,https://www.fueleconomy.gov/feg/Find.do?action=sbs&id=33548,Exact year/make/model EPA range,"EPA values cover matching U.S.-market configurations. The imported Cambodian trim may use a different engine, transmission, battery, or test cycle."
13799925,Official figure unavailable: seller did not identify the exact engine/trim,Varies by engine; exact trim not identified,Varies by engine; exact trim not identified,Usually 4–5; exact model/trim not identified,Varies by trim; exact gearbox not identified,Khmer24 listing,https://www.khmer24.com/en/post-adid-13799925,Seller did not identify exact configuration,"The marketplace listing lacks enough model, engine, battery, or trim detail for a responsible numeric claim. The card states the limitation instead of inventing data."
13731858,18 mpg combined (EPA),8,3.8 L,Usually 2–4; exact model/trim not identified,Automatic 7-spd,U.S. DOE/EPA FuelEconomy.gov,https://www.fueleconomy.gov/feg/Find.do?action=sbs&id=35604&id=35605,Exact year/make/model EPA range,"EPA values cover matching U.S.-market configurations. The imported Cambodian trim may use a different engine, transmission, battery, or test cycle."
13623184,Official figure unavailable: seller did not identify the exact engine/trim,Varies by engine; exact trim not identified,Varies by engine; exact trim not identified,Usually 4–5; exact model/trim not identified,Varies by trim; exact gearbox not identified,Khmer24 listing,https://www.khmer24.com/en/post-adid-13623184,Seller did not identify exact configuration,"The marketplace listing lacks enough model, engine, battery, or trim detail for a responsible numeric claim. The card states the limitation instead of inventing data."
13693275,15 mpg combined (EPA),8,4 L,Usually 5–8; exact model/trim not identified,Automatic 9-spd,U.S. DOE/EPA FuelEconomy.gov,https://www.fueleconomy.gov/feg/Find.do?action=sbs&id=43287,Exact year/make/model EPA range,"EPA values cover matching U.S.-market configurations. The imported Cambodian trim may use a different engine, transmission, battery, or test cycle."
13524221,29 mpg combined (EPA),4,2.5 L,Usually 5–8; exact model/trim not identified,Automatic (AV-S7),U.S. DOE/EPA FuelEconomy.gov,https://www.fueleconomy.gov/feg/Find.do?action=sbs&id=40381,Exact year/make/model EPA range,"EPA values cover matching U.S.-market configurations. The imported Cambodian trim may use a different engine, transmission, battery, or test cycle."
13768384,15 mpg combined (EPA),6,3 L,Usually 5–8; exact model/trim not identified,Automatic 4-spd or Manual 5-spd,U.S. DOE/EPA FuelEconomy.gov,https://www.fueleconomy.gov/feg/Find.do?action=sbs&id=10579&id=10580,Exact year/make/model EPA range,"EPA values cover matching U.S.-market configurations. The imported Cambodian trim may use a different engine, transmission, battery, or test cycle."
13731875,23–25 mpg combined (EPA),4,2 L,Usually 5–8; exact model/trim not identified,Automatic (S8),U.S. DOE/EPA FuelEconomy.gov,https://www.fueleconomy.gov/feg/Find.do?action=sbs&id=42101&id=42104,Exact year/make/model EPA range,"EPA values cover matching U.S.-market configurations. The imported Cambodian trim may use a different engine, transmission, battery, or test cycle."
13399780,21–27 mpg combined (EPA),4,2 L,Usually 5–8; exact model/trim not identified,Automatic (S8),U.S. DOE/EPA FuelEconomy.gov,https://www.fueleconomy.gov/feg/Find.do?action=sbs&id=41510&id=41528&id=41897,Exact year/make/model EPA range,"EPA values cover matching U.S.-market configurations. The imported Cambodian trim may use a different engine, transmission, battery, or test cycle."
13612460,33–34 mpg combined (EPA),4,1.2 L,Usually 4–5; exact model/trim not identified,Automatic (variable gear ratios) or Manual 5-spd,U.S. DOE/EPA FuelEconomy.gov,https://www.fueleconomy.gov/feg/Find.do?action=sbs&id=33786&id=33787,Exact year/make/model EPA range,"EPA values cover matching U.S.-market configurations. The imported Cambodian trim may use a different engine, transmission, battery, or test cycle."
13593418,Up to 5.0 L/100 km (official regional model-family figure),3,1.0 L,5,5-speed manual or Auto Gear Shift,Suzuki Global Celerio specification,https://www.globalsuzuki.com/globalnews/2021/1110.html,Official manufacturer model-family range,Celerio figures vary by generation and destination market.
13675782,Official figure unavailable: seller did not identify the exact engine/trim,Varies by engine; exact trim not identified,Varies by engine; exact trim not identified,Usually 2–5; exact cab configuration not identified,Varies by trim; exact gearbox not identified,Khmer24 listing,https://www.khmer24.com/en/post-adid-13675782,Seller did not identify exact configuration,"The marketplace listing lacks enough model, engine, battery, or trim detail for a responsible numeric claim. The card states the limitation instead of inventing data."
13382926,Up to 12.6 km/L combined (official regional NEDC figure),4,1.6 L turbo gasoline family reference,5,6-speed automatic,Peugeot 3008 official brochure,https://ksa.peugeot.com/content/dam/peugeot/saudi_arabia/brochure/PEUGEOT-Passenger-CAR-Brochure-3008_eng.pdf,Official manufacturer model-family range,Official regional specifications; earlier model years and imported engines can differ.
13481871,Official figure unavailable: seller did not identify the exact engine/trim,Varies by engine; exact trim not identified,Varies by engine; exact trim not identified,Usually 4–5; exact model/trim not identified,Varies by trim; exact gearbox not identified,Khmer24 listing,https://www.khmer24.com/en/post-adid-13481871,Seller did not identify exact configuration,"The marketplace listing lacks enough model, engine, battery, or trim detail for a responsible numeric claim. The card states the limitation instead of inventing data."
13305734,13–17 mpg combined (EPA),8,6.2 L,Usually 5–8; exact model/trim not identified,Automatic (S10) or Automatic 10-spd,U.S. DOE/EPA FuelEconomy.gov,https://www.fueleconomy.gov/feg/Find.do?action=sbs&id=48556&id=48620&id=48629,Exact year/make/model EPA range,"EPA values cover matching U.S.-market configurations. The imported Cambodian trim may use a different engine, transmission, battery, or test cycle."
13722409,Official figure unavailable: seller did not identify the exact engine/trim,Varies by engine; exact trim not identified,Varies by engine; exact trim not identified,Usually 4–5; exact model/trim not identified,Varies by trim; exact gearbox not identified,Khmer24 listing,https://www.khmer24.com/en/post-adid-13722409,Seller did not identify exact configuration,"The marketplace listing lacks enough model, engine, battery, or trim detail for a responsible numeric claim. The card states the limitation instead of inventing data."
13305163,Official figure unavailable: seller did not identify the exact engine/trim,Varies by engine; exact trim not identified,Varies by engine; exact trim not identified,Usually 5–8; exact model/trim not identified,Varies by trim; exact gearbox not identified,Khmer24 listing,https://www.khmer24.com/en/post-adid-13305163,Seller did not identify exact configuration,"The marketplace listing lacks enough model, engine, battery, or trim detail for a responsible numeric claim. The card states the limitation instead of inventing data."
13724152,Official figure unavailable: seller did not identify the exact engine/trim,Varies by engine; exact trim not identified,Varies by engine; exact trim not identified,Usually 4–5; exact model/trim not identified,Varies by trim; exact gearbox not identified,Khmer24 listing,https://www.khmer24.com/en/post-adid-13724152,Seller did not identify exact configuration,"The marketplace listing lacks enough model, engine, battery, or trim detail for a responsible numeric claim. The card states the limitation instead of inventing data."
13749095,Range unavailable: seller did not identify the exact battery/model version,N/A (electric),N/A (electric),Usually 4–5; exact model/trim not identified,Single-speed electric drive,Khmer24 listing,https://www.khmer24.com/en/post-adid-13749095,Seller did not identify exact configuration,"The marketplace listing lacks enough model, engine, battery, or trim detail for a responsible numeric claim. The card states the limitation instead of inventing data."
13652491,Official figure unavailable: seller did not identify the exact engine/trim,Varies by engine; exact trim not identified,Varies by engine; exact trim not identified,Usually 5–11; exact seating layout not identified,Varies by trim; exact gearbox not identified,Khmer24 listing,https://www.khmer24.com/en/post-adid-13652491,Seller did not identify exact configuration,"The marketplace listing lacks enough model, engine, battery, or trim detail for a responsible numeric claim. The card states the limitation instead of inventing data."
13557557,535–580 km WLTP range,N/A (electric),N/A (electric),7,Single-speed electric drive,XPENG X9 official configurator,https://store.xpeng.com/au/configurator/New_X9,Official manufacturer model-family range,Official export-market range depends on battery and drive version.
13708412,Range unavailable: seller did not identify the exact battery/model version,N/A (electric),N/A (electric),Usually 4–5; exact model/trim not identified,Single-speed electric drive,Khmer24 listing,https://www.khmer24.com/en/post-adid-13708412,Seller did not identify exact configuration,"The marketplace listing lacks enough model, engine, battery, or trim detail for a responsible numeric claim. The card states the limitation instead of inventing data."
13696356,Official figure unavailable: seller did not identify the exact engine/trim,Varies by engine; exact trim not identified,Varies by engine; exact trim not identified,Usually 4–5; exact model/trim not identified,Varies by trim; exact gearbox not identified,Khmer24 listing,https://www.khmer24.com/en/post-adid-13696356,Seller did not identify exact configuration,"The marketplace listing lacks enough model, engine, battery, or trim detail for a responsible numeric claim. The card states the limitation instead of inventing data."
13740381,Official figure unavailable: seller did not identify the exact engine/trim,Varies by engine; exact trim not identified,Varies by engine; exact trim not identified,Usually 5–8; exact model/trim not identified,Varies by trim; exact gearbox not identified,Khmer24 listing,https://www.khmer24.com/en/post-adid-13740381,Seller did not identify exact configuration,"The marketplace listing lacks enough model, engine, battery, or trim detail for a responsible numeric claim. The card states the limitation instead of inventing data."
13805236,Official figure unavailable: seller did not identify the exact engine/trim,Varies by engine; exact trim not identified,Varies by engine; exact trim not identified,Usually 4–5; exact model/trim not identified,Varies by trim; exact gearbox not identified,Khmer24 listing,https://www.khmer24.com/en/post-adid-13805236,Seller did not identify exact configuration,"The marketplace listing lacks enough model, engine, battery, or trim detail for a responsible numeric claim. The card states the limitation instead of inventing data."
13638589,Official figure unavailable: seller did not identify the exact engine/trim,Varies by engine; exact trim not identified,Varies by engine; exact trim not identified,Usually 5–8; exact model/trim not identified,Varies by trim; exact gearbox not identified,Khmer24 listing,https://www.khmer24.com/en/post-adid-13638589,Seller did not identify exact configuration,"The marketplace listing lacks enough model, engine, battery, or trim detail for a responsible numeric claim. The card states the limitation instead of inventing data."
13817656,Official figure unavailable: seller did not identify the exact engine/trim,Varies by engine; exact trim not identified,Varies by engine; exact trim not identified,Usually 2–4; exact model/trim not identified,Varies by trim; exact gearbox not identified,Khmer24 listing,https://www.khmer24.com/en/post-adid-13817656,Seller did not identify exact configuration,"The marketplace listing lacks enough model, engine, battery, or trim detail for a responsible numeric claim. The card states the limitation instead of inventing data."
13634802,Official figure unavailable: seller did not identify the exact engine/trim,Varies by engine; exact trim not identified,Varies by engine; exact trim not identified,Usually 2–4; exact model/trim not identified,Varies by trim; exact gearbox not identified,Khmer24 listing,https://www.khmer24.com/en/post-adid-13634802,Seller did not identify exact configuration,"The marketplace listing lacks enough model, engine, battery, or trim detail for a responsible numeric claim. The card states the limitation instead of inventing data."
13745522,21–24 mpg combined (EPA),6 or 8,2.9 L or 3 L or 4 L,Usually 4–5; exact model/trim not identified,Automatic (AM-S8),U.S. DOE/EPA FuelEconomy.gov,https://www.fueleconomy.gov/feg/Find.do?action=sbs&id=38593&id=38594&id=38595,Exact year/make/model EPA range,"EPA values cover matching U.S.-market configurations. The imported Cambodian trim may use a different engine, transmission, battery, or test cycle."
13694576,20–28 mpg combined (EPA),4 or 6 or 8,2 L or 3 L or 4.4 L,Usually 4–5; exact model/trim not identified,Automatic (S8),U.S. DOE/EPA FuelEconomy.gov,https://www.fueleconomy.gov/feg/Find.do?action=sbs&id=44190&id=44191&id=44245,Exact year/make/model EPA range,"EPA values cover matching U.S.-market configurations. The imported Cambodian trim may use a different engine, transmission, battery, or test cycle."
13307876,18 mpg combined (EPA),8,4 L,Usually 2–4; exact model/trim not identified,Automatic (AM7),U.S. DOE/EPA FuelEconomy.gov,https://www.fueleconomy.gov/feg/Find.do?action=sbs&id=36193,Exact year/make/model EPA range,"EPA values cover matching U.S.-market configurations. The imported Cambodian trim may use a different engine, transmission, battery, or test cycle."
13491018,9.5–19.4 km/L (official Japanese test cycles; powertrain dependent),4 or 6,"2.4 L, 2.5 L, or 3.5 L",6–8 depending on grade,"Super CVT-i, e-CVT, or 6-speed automatic",Toyota Global Newsroom,https://global.toyota/en/newsroom/toyota/23310520.html,Official manufacturer model-family range,Official Alphard family figures span gasoline and hybrid grades. Confirm the imported vehicle's grade and test cycle.
13386583,13 mpg combined (EPA),8,4.7 L,Usually 5–8; exact model/trim not identified,Automatic 5-spd,U.S. DOE/EPA FuelEconomy.gov,https://www.fueleconomy.gov/feg/Find.do?action=sbs&id=19201,Exact year/make/model EPA range,"EPA values cover matching U.S.-market configurations. The imported Cambodian trim may use a different engine, transmission, battery, or test cycle."
13763190,20 mpg combined (EPA),4,2 L,Usually 4–5; exact model/trim not identified,Manual 6-spd,U.S. DOE/EPA FuelEconomy.gov,https://www.fueleconomy.gov/feg/Find.do?action=sbs&id=16448,Exact year/make/model EPA range,"EPA values cover matching U.S.-market configurations. The imported Cambodian trim may use a different engine, transmission, battery, or test cycle."
13629537,17–23 mpg combined (EPA),4 or 6,2.3 L or 2.7 L or 3 L,5 for double-cab passenger configuration,Automatic (S10),U.S. DOE/EPA FuelEconomy.gov,https://www.fueleconomy.gov/feg/Find.do?action=sbs&id=50095&id=50105&id=50106,Exact year/make/model EPA range,"EPA values cover matching U.S.-market configurations. The imported Cambodian trim may use a different engine, transmission, battery, or test cycle."
13769305,Official figure unavailable: seller did not identify the exact engine/trim,Varies by engine; exact trim not identified,Varies by engine; exact trim not identified,Usually 4–5; exact model/trim not identified,Varies by trim; exact gearbox not identified,Khmer24 listing,https://www.khmer24.com/en/post-adid-13769305,Seller did not identify exact configuration,"The marketplace listing lacks enough model, engine, battery, or trim detail for a responsible numeric claim. The card states the limitation instead of inventing data."
13809108,6.3–9.2 L/100 km across official generation/powertrain references,4 or 5,"1.9 L, 2.2 L, 3.0 L, or 3.2 L diesel",2–5 depending on cab configuration,6-speed manual/automatic or current 8-speed automatic,Mazda BT-50 official specifications,https://www.mazda.com.au/mazda-news/mazda-bt-50-20-year-history/,Official manufacturer model-family range,BT-50 figures span several generations and cab configurations. Confirm the listing's engine and cab before purchase.
13598600,23–26 mpg combined (EPA),4,2 L or 2.4 L,Usually 5–8; exact model/trim not identified,Automatic (S6),U.S. DOE/EPA FuelEconomy.gov,https://www.fueleconomy.gov/feg/Find.do?action=sbs&id=40854&id=40859&id=40912,Exact year/make/model EPA range,"EPA values cover matching U.S.-market configurations. The imported Cambodian trim may use a different engine, transmission, battery, or test cycle."
13716170,Official figure unavailable: seller did not identify the exact engine/trim,Varies by engine; exact trim not identified,Varies by engine; exact trim not identified,Usually 2–5; exact cab configuration not identified,Varies by trim; exact gearbox not identified,Khmer24 listing,https://www.khmer24.com/en/post-adid-13716170,Seller did not identify exact configuration,"The marketplace listing lacks enough model, engine, battery, or trim detail for a responsible numeric claim. The card states the limitation instead of inventing data."
13752954,Official figure unavailable: seller did not identify the exact engine/trim,Varies by engine; exact trim not identified,Varies by engine; exact trim not identified,Usually 5–8; exact model/trim not identified,Varies by trim; exact gearbox not identified,Khmer24 listing,https://www.khmer24.com/en/post-adid-13752954,Seller did not identify exact configuration,"The marketplace listing lacks enough model, engine, battery, or trim detail for a responsible numeric claim. The card states the limitation instead of inventing data."
13725592,Range unavailable: seller did not identify the exact battery/model version,N/A (electric),N/A (electric),Usually 2–5; exact cab configuration not identified,Single-speed electric drive,Khmer24 listing,https://www.khmer24.com/en/post-adid-13725592,Seller did not identify exact configuration,"The marketplace listing lacks enough model, engine, battery, or trim detail for a responsible numeric claim. The card states the limitation instead of inventing data."
13782629,Official figure unavailable: seller did not identify the exact engine/trim,Varies by engine; exact trim not identified,Varies by engine; exact trim not identified,Usually 4–5; exact model/trim not identified,Varies by trim; exact gearbox not identified,Khmer24 listing,https://www.khmer24.com/en/post-adid-13782629,Seller did not identify exact configuration,"The marketplace listing lacks enough model, engine, battery, or trim detail for a responsible numeric claim. The card states the limitation instead of inventing data."
13413388,9.5–19.4 km/L (official Japanese test cycles; powertrain dependent),4 or 6,"2.4 L, 2.5 L, or 3.5 L",6–8 depending on grade,"Super CVT-i, e-CVT, or 6-speed automatic",Toyota Global Newsroom,https://global.toyota/en/newsroom/toyota/23310520.html,Official manufacturer model-family range,Official Alphard family figures span gasoline and hybrid grades. Confirm the imported vehicle's grade and test cycle.
13705447,Official figure unavailable: seller did not identify the exact engine/trim,Varies by engine; exact trim not identified,Varies by engine; exact trim not identified,Usually 4–5; exact model/trim not identified,Varies by trim; exact gearbox not identified,Khmer24 listing,https://www.khmer24.com/en/post-adid-13705447,Seller did not identify exact configuration,"The marketplace listing lacks enough model, engine, battery, or trim detail for a responsible numeric claim. The card states the limitation instead of inventing data."
13707543,Official figure unavailable: seller did not identify the exact engine/trim,Varies by engine; exact trim not identified,Varies by engine; exact trim not identified,Usually 4–5; exact model/trim not identified,Varies by trim; exact gearbox not identified,Khmer24 listing,https://www.khmer24.com/en/post-adid-13707543,Seller did not identify exact configuration,"The marketplace listing lacks enough model, engine, battery, or trim detail for a responsible numeric claim. The card states the limitation instead of inventing data."
13682218,Official figure unavailable: seller did not identify the exact engine/trim,Varies by engine; exact trim not identified,Varies by engine; exact trim not identified,Usually 5–11; exact seating layout not identified,Varies by trim; exact gearbox not identified,Khmer24 listing,https://www.khmer24.com/en/post-adid-13682218,Seller did not identify exact configuration,"The marketplace listing lacks enough model, engine, battery, or trim detail for a responsible numeric claim. The card states the limitation instead of inventing data."
13469533,Range unavailable: seller did not identify the exact battery/model version,N/A (electric),N/A (electric),Usually 4–5; exact model/trim not identified,Single-speed electric drive,Khmer24 listing,https://www.khmer24.com/en/post-adid-13469533,Seller did not identify exact configuration,"The marketplace listing lacks enough model, engine, battery, or trim detail for a responsible numeric claim. The card states the limitation instead of inventing data."
13597238,18 mpg combined (EPA),8,3.9 L,Usually 2–4; exact model/trim not identified,Automatic (AM7),U.S. DOE/EPA FuelEconomy.gov,https://www.fueleconomy.gov/feg/Find.do?action=sbs&id=38668&id=38669,Exact year/make/model EPA range,"EPA values cover matching U.S.-market configurations. The imported Cambodian trim may use a different engine, transmission, battery, or test cycle."
13288032,14 mpg combined (EPA),8,4 L,Usually 5–8; exact model/trim not identified,Automatic (S8),U.S. DOE/EPA FuelEconomy.gov,https://www.fueleconomy.gov/feg/Find.do?action=sbs&id=40758,Exact year/make/model EPA range,"EPA values cover matching U.S.-market configurations. The imported Cambodian trim may use a different engine, transmission, battery, or test cycle."
13523485,14–17 mpg combined (EPA),8 or 12,4 L or 6 L,Usually 4–5; exact model/trim not identified,Automatic (S8),U.S. DOE/EPA FuelEconomy.gov,https://www.fueleconomy.gov/feg/Find.do?action=sbs&id=34829&id=34927,Exact year/make/model EPA range,"EPA values cover matching U.S.-market configurations. The imported Cambodian trim may use a different engine, transmission, battery, or test cycle."
13159551,16 mpg combined (EPA),6,3 L,Usually 5–8; exact model/trim not identified,Automatic 8-spd,U.S. DOE/EPA FuelEconomy.gov,https://www.fueleconomy.gov/feg/Find.do?action=sbs&id=37699&id=37700,Exact year/make/model EPA range,"EPA values cover matching U.S.-market configurations. The imported Cambodian trim may use a different engine, transmission, battery, or test cycle."
13246618,19 mpg combined (EPA),8,3.8 L,2,Automatic 7-spd,U.S. DOE/EPA FuelEconomy.gov,https://www.fueleconomy.gov/feg/Find.do?action=sbs&id=37071,Exact year/make/model EPA range,"EPA values cover matching U.S.-market configurations. The imported Cambodian trim may use a different engine, transmission, battery, or test cycle."
13673948,15 mpg combined (EPA),12,6.6 L,Usually 4–5; exact model/trim not identified,Automatic (S8),U.S. DOE/EPA FuelEconomy.gov,https://www.fueleconomy.gov/feg/Find.do?action=sbs&id=34223&id=34224,Exact year/make/model EPA range,"EPA values cover matching U.S.-market configurations. The imported Cambodian trim may use a different engine, transmission, battery, or test cycle."
13802528,16 mpg combined (EPA),8,4 L,Usually 5–8; exact model/trim not identified,Automatic 9-spd,U.S. DOE/EPA FuelEconomy.gov,https://www.fueleconomy.gov/feg/Find.do?action=sbs&id=45321,Exact year/make/model EPA range,"EPA values cover matching U.S.-market configurations. The imported Cambodian trim may use a different engine, transmission, battery, or test cycle."
13502931,24–28 mpg combined (EPA),4,2 L or 2.5 L,Usually 5–8; exact model/trim not identified,Multiple EPA-listed transmissions,U.S. DOE/EPA FuelEconomy.gov,https://www.fueleconomy.gov/feg/Find.do?action=sbs&id=38645&id=38646&id=38647,Exact year/make/model EPA range,"EPA values cover matching U.S.-market configurations. The imported Cambodian trim may use a different engine, transmission, battery, or test cycle."
13418032,Manufacturer reports a low-consumption 1.5 L powertrain; exact market figure varies,4,1.5 L,7,5-speed manual or 4-speed automatic,Mitsubishi Motors XPANDER release,https://www.mitsubishi-motors.com/en/newsroom/newsrelease/2017/20170810_1.html,Official manufacturer model-family range,Official launch specifications are for an ASEAN-market XPANDER.
13462237,Range unavailable: seller did not identify the exact battery/model version,N/A (electric),N/A (electric),Usually 4–5; exact model/trim not identified,Single-speed electric drive,Khmer24 listing,https://www.khmer24.com/en/post-adid-13462237,Seller did not identify exact configuration,"The marketplace listing lacks enough model, engine, battery, or trim detail for a responsible numeric claim. The card states the limitation instead of inventing data."
13710094,25–26 mpg combined (EPA),4,2 L,Usually 5–8; exact model/trim not identified,Automatic (S8),U.S. DOE/EPA FuelEconomy.gov,https://www.fueleconomy.gov/feg/Find.do?action=sbs&id=44199&id=44204,Exact year/make/model EPA range,"EPA values cover matching U.S.-market configurations. The imported Cambodian trim may use a different engine, transmission, battery, or test cycle."
13775586,33–34 mpg combined (EPA),4,1.4 L,Usually 4–5; exact model/trim not identified,Automatic (variable gear ratios) or Manual 5-spd,U.S. DOE/EPA FuelEconomy.gov,https://www.fueleconomy.gov/feg/Find.do?action=sbs&id=37095&id=37096,Exact year/make/model EPA range,"EPA values cover matching U.S.-market configurations. The imported Cambodian trim may use a different engine, transmission, battery, or test cycle."
13778721,Official figure unavailable: seller did not identify the exact engine/trim,Varies by engine; exact trim not identified,Varies by engine; exact trim not identified,Usually 4–5; exact model/trim not identified,Varies by trim; exact gearbox not identified,Khmer24 listing,https://www.khmer24.com/en/post-adid-13778721,Seller did not identify exact configuration,"The marketplace listing lacks enough model, engine, battery, or trim detail for a responsible numeric claim. The card states the limitation instead of inventing data."
13674102,Official figure unavailable: seller did not identify the exact engine/trim,Varies by engine; exact trim not identified,Varies by engine; exact trim not identified,Usually 2–5; exact cab configuration not identified,Varies by trim; exact gearbox not identified,Khmer24 listing,https://www.khmer24.com/en/post-adid-13674102,Seller did not identify exact configuration,"The marketplace listing lacks enough model, engine, battery, or trim detail for a responsible numeric claim. The card states the limitation instead of inventing data."
13662047,Up to 12.6 km/L combined (official regional NEDC figure),4,1.6 L turbo gasoline family reference,5,6-speed automatic,Peugeot 3008 official brochure,https://ksa.peugeot.com/content/dam/peugeot/saudi_arabia/brochure/PEUGEOT-Passenger-CAR-Brochure-3008_eng.pdf,Official manufacturer model-family range,Official regional specifications; earlier model years and imported engines can differ.
13245962,13–17 mpg combined (EPA),8,6.2 L,Usually 5–8; exact model/trim not identified,Automatic (S10) or Automatic 10-spd,U.S. DOE/EPA FuelEconomy.gov,https://www.fueleconomy.gov/feg/Find.do?action=sbs&id=49898&id=49899&id=50138,Exact year/make/model EPA range,"EPA values cover matching U.S.-market configurations. The imported Cambodian trim may use a different engine, transmission, battery, or test cycle."
13795945,Official figure unavailable: seller did not identify the exact engine/trim,Varies by engine; exact trim not identified,Varies by engine; exact trim not identified,Usually 4–5; exact model/trim not identified,Varies by trim; exact gearbox not identified,Khmer24 listing,https://www.khmer24.com/en/post-adid-13795945,Seller did not identify exact configuration,"The marketplace listing lacks enough model, engine, battery, or trim detail for a responsible numeric claim. The card states the limitation instead of inventing data."
13476296,Official figure unavailable: seller did not identify the exact engine/trim,Varies by engine; exact trim not identified,Varies by engine; exact trim not identified,Usually 4–5; exact model/trim not identified,Varies by trim; exact gearbox not identified,Khmer24 listing,https://www.khmer24.com/en/post-adid-13476296,Seller did not identify exact configuration,"The marketplace listing lacks enough model, engine, battery, or trim detail for a responsible numeric claim. The card states the limitation instead of inventing data."
13476065,Official figure unavailable: seller did not identify the exact engine/trim,Varies by engine; exact trim not identified,Varies by engine; exact trim not identified,Usually 4–5; exact model/trim not identified,Varies by trim; exact gearbox not identified,Khmer24 listing,https://www.khmer24.com/en/post-adid-13476065,Seller did not identify exact configuration,"The marketplace listing lacks enough model, engine, battery, or trim detail for a responsible numeric claim. The card states the limitation instead of inventing data."
13771330,Range unavailable: seller did not identify the exact battery/model version,N/A (electric),N/A (electric),Usually 4–5; exact model/trim not identified,Single-speed electric drive,Khmer24 listing,https://www.khmer24.com/en/post-adid-13771330,Seller did not identify exact configuration,"The marketplace listing lacks enough model, engine, battery, or trim detail for a responsible numeric claim. The card states the limitation instead of inventing data."
13484354,Official figure unavailable: seller did not identify the exact engine/trim,Varies by engine; exact trim not identified,Varies by engine; exact trim not identified,Usually 4–5; exact model/trim not identified,Varies by trim; exact gearbox not identified,Khmer24 listing,https://www.khmer24.com/en/post-adid-13484354,Seller did not identify exact configuration,"The marketplace listing lacks enough model, engine, battery, or trim detail for a responsible numeric claim. The card states the limitation instead of inventing data."
13483207,535–580 km WLTP range,N/A (electric),N/A (electric),7,Single-speed electric drive,XPENG X9 official configurator,https://store.xpeng.com/au/configurator/New_X9,Official manufacturer model-family range,Official export-market range depends on battery and drive version.
13420723,Range unavailable: seller did not identify the exact battery/model version,N/A (electric),N/A (electric),Usually 4–5; exact model/trim not identified,Single-speed electric drive,Khmer24 listing,https://www.khmer24.com/en/post-adid-13420723,Seller did not identify exact configuration,"The marketplace listing lacks enough model, engine, battery, or trim detail for a responsible numeric claim. The card states the limitation instead of inventing data."
13813616,Official figure unavailable: seller did not identify the exact engine/trim,Varies by engine; exact trim not identified,Varies by engine; exact trim not identified,Usually 4–5; exact model/trim not identified,Varies by trim; exact gearbox not identified,Khmer24 listing,https://www.khmer24.com/en/post-adid-13813616,Seller did not identify exact configuration,"The marketplace listing lacks enough model, engine, battery, or trim detail for a responsible numeric claim. The card states the limitation instead of inventing data."
13351834,Official figure unavailable: seller did not identify the exact engine/trim,Varies by engine; exact trim not identified,Varies by engine; exact trim not identified,Usually 5–8; exact model/trim not identified,Varies by trim; exact gearbox not identified,Khmer24 listing,https://www.khmer24.com/en/post-adid-13351834,Seller did not identify exact configuration,"The marketplace listing lacks enough model, engine, battery, or trim detail for a responsible numeric claim. The card states the limitation instead of inventing data."
13454974,Official figure unavailable: seller did not identify the exact engine/trim,Varies by engine; exact trim not identified,Varies by engine; exact trim not identified,Usually 4–5; exact model/trim not identified,Varies by trim; exact gearbox not identified,Khmer24 listing,https://www.khmer24.com/en/post-adid-13454974,Seller did not identify exact configuration,"The marketplace listing lacks enough model, engine, battery, or trim detail for a responsible numeric claim. The card states the limitation instead of inventing data."
13320915,Official figure unavailable: seller did not identify the exact engine/trim,Varies by engine; exact trim not identified,Varies by engine; exact trim not identified,Usually 2–4; exact model/trim not identified,Varies by trim; exact gearbox not identified,Khmer24 listing,https://www.khmer24.com/en/post-adid-13320915,Seller did not identify exact configuration,"The marketplace listing lacks enough model, engine, battery, or trim detail for a responsible numeric claim. The card states the limitation instead of inventing data."
13663419,Official figure unavailable: seller did not identify the exact engine/trim,Varies by engine; exact trim not identified,Varies by engine; exact trim not identified,Usually 2–5; exact model/trim not identified,Varies by trim; exact gearbox not identified,Khmer24 listing,https://www.khmer24.com/en/post-adid-13663419,Seller did not identify exact configuration,"The marketplace listing lacks enough model, engine, battery, or trim detail for a responsible numeric claim. The card states the limitation instead of inventing data."
13692454,Official figure unavailable: seller did not identify the exact engine/trim,Varies by engine; exact trim not identified,Varies by engine; exact trim not identified,Usually 2–4; exact model/trim not identified,Varies by trim; exact gearbox not identified,Khmer24 listing,https://www.khmer24.com/en/post-adid-13692454,Seller did not identify exact configuration,"The marketplace listing lacks enough model, engine, battery, or trim detail for a responsible numeric claim. The card states the limitation instead of inventing data."
13668855,16–23 mpg combined (EPA),6,3.4 L or 3.8 L or 4 L,Usually 2–4; exact model/trim not identified,Multiple EPA-listed transmissions,U.S. DOE/EPA FuelEconomy.gov,https://www.fueleconomy.gov/feg/Find.do?action=sbs&id=36170&id=36171&id=36172,Exact year/make/model EPA range,"EPA values cover matching U.S.-market configurations. The imported Cambodian trim may use a different engine, transmission, battery, or test cycle."
13802646,Range unavailable: seller did not identify the exact battery/model version,N/A (electric),N/A (electric),Usually 4–5; exact model/trim not identified,Single-speed electric drive,Khmer24 listing,https://www.khmer24.com/en/post-adid-13802646,Seller did not identify exact configuration,"The marketplace listing lacks enough model, engine, battery, or trim detail for a responsible numeric claim. The card states the limitation instead of inventing data."
13787210,18 mpg combined (EPA),8,4 L,Usually 2–4; exact model/trim not identified,Automatic (AM7),U.S. DOE/EPA FuelEconomy.gov,https://www.fueleconomy.gov/feg/Find.do?action=sbs&id=36193,Exact year/make/model EPA range,"EPA values cover matching U.S.-market configurations. The imported Cambodian trim may use a different engine, transmission, battery, or test cycle."
13653966,46 mpg combined (EPA),4,1.5 L,Usually 4–5; exact model/trim not identified,Automatic (variable gear ratios),U.S. DOE/EPA FuelEconomy.gov,https://www.fueleconomy.gov/feg/Find.do?action=sbs&id=24882,Exact year/make/model EPA range,"EPA values cover matching U.S.-market configurations. The imported Cambodian trim may use a different engine, transmission, battery, or test cycle."
13786575,19–20 mpg combined (EPA),6,3.3 L,Usually 5–8; exact model/trim not identified,Automatic (S5) or Automatic 5-spd,U.S. DOE/EPA FuelEconomy.gov,https://www.fueleconomy.gov/feg/Find.do?action=sbs&id=20206&id=20207&id=20328,Exact year/make/model EPA range,"EPA values cover matching U.S.-market configurations. The imported Cambodian trim may use a different engine, transmission, battery, or test cycle."
13772072,Up to 545 km CLTC range for the e:NP2/e:NS2 family,N/A (electric),N/A (electric),5,Single-speed electric drive,Honda Global e:NP2/e:NS2 release,https://global.honda/en/newsroom/news/2024/c240425aeng.html,Official manufacturer model-family range,The official range uses China's CLTC cycle. Confirm whether the listing is e:NP2 or e:NS2 and verify battery trim.
13608508,15–25 mpg combined (EPA),6 or 8,2.7 L or 3.3 L or 3.5 L or 5 L,Usually 2–5; exact cab configuration not identified,Automatic (S10),U.S. DOE/EPA FuelEconomy.gov,https://www.fueleconomy.gov/feg/Find.do?action=sbs&id=44865&id=44866&id=44867,Exact year/make/model EPA range,"EPA values cover matching U.S.-market configurations. The imported Cambodian trim may use a different engine, transmission, battery, or test cycle."
13766577,52.3–64.2 UK mpg combined (official Picanto family configurations),3 or 4,1.0 L or 1.25 L,5,"5-speed manual, 4-speed automatic, or 5-speed AMT",Kia Picanto official specification,https://www.kia.com/content/dam/kwcms/kme/uk/en/assets/vehicles/All-New%20Picanto/Specifications/all-new-picanto-specification.PDF,Official manufacturer model-family range,Kia Morning is sold as Picanto in other markets. Figures are a model-family range; confirm the Cambodian import's engine.
13439186,26–29 mpg combined (EPA),4,2 L or 2.5 L,Usually 5–8; exact model/trim not identified,Automatic (S6) or Manual 6-spd,U.S. DOE/EPA FuelEconomy.gov,https://www.fueleconomy.gov/feg/Find.do?action=sbs&id=35988&id=35989&id=35993,Exact year/make/model EPA range,"EPA values cover matching U.S.-market configurations. The imported Cambodian trim may use a different engine, transmission, battery, or test cycle."
13806423,Official figure unavailable: seller did not identify the exact engine/trim,Varies by engine; exact trim not identified,Varies by engine; exact trim not identified,Usually 4–5; exact model/trim not identified,Varies by trim; exact gearbox not identified,Khmer24 listing,https://www.khmer24.com/en/post-adid-13806423,Seller did not identify exact configuration,"The marketplace listing lacks enough model, engine, battery, or trim detail for a responsible numeric claim. The card states the limitation instead of inventing data."
13792699,Official figure unavailable: seller did not identify the exact engine/trim,Varies by engine; exact trim not identified,Varies by engine; exact trim not identified,Usually 5–8; exact model/trim not identified,Varies by trim; exact gearbox not identified,Khmer24 listing,https://www.khmer24.com/en/post-adid-13792699,Seller did not identify exact configuration,"The marketplace listing lacks enough model, engine, battery, or trim detail for a responsible numeric claim. The card states the limitation instead of inventing data."
13433371,Official figure unavailable: seller did not identify the exact engine/trim,Varies by engine; exact trim not identified,Varies by engine; exact trim not identified,Usually 5–8; exact model/trim not identified,Varies by trim; exact gearbox not identified,Khmer24 listing,https://www.khmer24.com/en/post-adid-13433371,Seller did not identify exact configuration,"The marketplace listing lacks enough model, engine, battery, or trim detail for a responsible numeric claim. The card states the limitation instead of inventing data."
13499438,Official figure unavailable: seller did not identify the exact engine/trim,Varies by engine; exact trim not identified,Varies by engine; exact trim not identified,Usually 2–5; exact cab configuration not identified,Varies by trim; exact gearbox not identified,Khmer24 listing,https://www.khmer24.com/en/post-adid-13499438,Seller did not identify exact configuration,"The marketplace listing lacks enough model, engine, battery, or trim detail for a responsible numeric claim. The card states the limitation instead of inventing data."
13734168,Official figure unavailable: seller did not identify the exact engine/trim,Varies by engine; exact trim not identified,Varies by engine; exact trim not identified,Usually 4–5; exact model/trim not identified,Varies by trim; exact gearbox not identified,Khmer24 listing,https://www.khmer24.com/en/post-adid-13734168,Seller did not identify exact configuration,"The marketplace listing lacks enough model, engine, battery, or trim detail for a responsible numeric claim. The card states the limitation instead of inventing data."
13531746,34 mpg combined (EPA),4,2.4 L,Usually 4–5; exact model/trim not identified,Automatic (variable gear ratios),U.S. DOE/EPA FuelEconomy.gov,https://www.fueleconomy.gov/feg/Find.do?action=sbs&id=24404,Exact year/make/model EPA range,"EPA values cover matching U.S.-market configurations. The imported Cambodian trim may use a different engine, transmission, battery, or test cycle."
13702556,Range unavailable: seller did not identify the exact battery/model version,N/A (electric),N/A (electric),Usually 4–5; exact model/trim not identified,Single-speed electric drive,Khmer24 listing,https://www.khmer24.com/en/post-adid-13702556,Seller did not identify exact configuration,"The marketplace listing lacks enough model, engine, battery, or trim detail for a responsible numeric claim. The card states the limitation instead of inventing data."
13589476,48 mpg combined (EPA),4,1.8 L,Usually 4–5; exact model/trim not identified,Automatic (variable gear ratios),U.S. DOE/EPA FuelEconomy.gov,https://www.fueleconomy.gov/feg/Find.do?action=sbs&id=31767,Exact year/make/model EPA range,"EPA values cover matching U.S.-market configurations. The imported Cambodian trim may use a different engine, transmission, battery, or test cycle."
13571660,Official figure unavailable: seller did not identify the exact engine/trim,Varies by engine; exact trim not identified,Varies by engine; exact trim not identified,Usually 5–11; exact seating layout not identified,Varies by trim; exact gearbox not identified,Khmer24 listing,https://www.khmer24.com/en/post-adid-13571660,Seller did not identify exact configuration,"The marketplace listing lacks enough model, engine, battery, or trim detail for a responsible numeric claim. The card states the limitation instead of inventing data."
13643503,Official figure unavailable: seller did not identify the exact engine/trim,Varies by engine; exact trim not identified,Varies by engine; exact trim not identified,Usually 4–5; exact model/trim not identified,Varies by trim; exact gearbox not identified,Khmer24 listing,https://www.khmer24.com/en/post-adid-13643503,Seller did not identify exact configuration,"The marketplace listing lacks enough model, engine, battery, or trim detail for a responsible numeric claim. The card states the limitation instead of inventing data."
13187612,Official figure unavailable: seller did not identify the exact engine/trim,Varies by engine; exact trim not identified,Varies by engine; exact trim not identified,Usually 2–4; exact model/trim not identified,Varies by trim; exact gearbox not identified,Khmer24 listing,https://www.khmer24.com/en/post-adid-13187612,Seller did not identify exact configuration,"The marketplace listing lacks enough model, engine, battery, or trim detail for a responsible numeric claim. The card states the limitation instead of inventing data."
13358931,Official figure unavailable: seller did not identify the exact engine/trim,Varies by engine; exact trim not identified,Varies by engine; exact trim not identified,Usually 5–8; exact model/trim not identified,Varies by trim; exact gearbox not identified,Khmer24 listing,https://www.khmer24.com/en/post-adid-13358931,Seller did not identify exact configuration,"The marketplace listing lacks enough model, engine, battery, or trim detail for a responsible numeric claim. The card states the limitation instead of inventing data."
13297853,Official figure unavailable: seller did not identify the exact engine/trim,Varies by engine; exact trim not identified,Varies by engine; exact trim not identified,Usually 4–5; exact model/trim not identified,Varies by trim; exact gearbox not identified,Khmer24 listing,https://www.khmer24.com/en/post-adid-13297853,Seller did not identify exact configuration,"The marketplace listing lacks enough model, engine, battery, or trim detail for a responsible numeric claim. The card states the limitation instead of inventing data."
13653235,Official figure unavailable: seller did not identify the exact engine/trim,Varies by engine; exact trim not identified,Varies by engine; exact trim not identified,Usually 2–4; exact model/trim not identified,Varies by trim; exact gearbox not identified,Khmer24 listing,https://www.khmer24.com/en/post-adid-13653235,Seller did not identify exact configuration,"The marketplace listing lacks enough model, engine, battery, or trim detail for a responsible numeric claim. The card states the limitation instead of inventing data."
13553472,19 mpg combined (EPA),8,3.8 L,2,Automatic 7-spd,U.S. DOE/EPA FuelEconomy.gov,https://www.fueleconomy.gov/feg/Find.do?action=sbs&id=41057&id=42709,Exact year/make/model EPA range,"EPA values cover matching U.S.-market configurations. The imported Cambodian trim may use a different engine, transmission, battery, or test cycle."
13542029,14 mpg combined (EPA),12,6.7 L,Usually 5–8; exact model/trim not identified,Automatic (S8),U.S. DOE/EPA FuelEconomy.gov,https://www.fueleconomy.gov/feg/Find.do?action=sbs&id=46809&id=46810,Exact year/make/model EPA range,"EPA values cover matching U.S.-market configurations. The imported Cambodian trim may use a different engine, transmission, battery, or test cycle."
13576123,15 mpg combined (EPA),8,4 L,Usually 5–8; exact model/trim not identified,Automatic 9-spd,U.S. DOE/EPA FuelEconomy.gov,https://www.fueleconomy.gov/feg/Find.do?action=sbs&id=43287,Exact year/make/model EPA range,"EPA values cover matching U.S.-market configurations. The imported Cambodian trim may use a different engine, transmission, battery, or test cycle."
13694899,29 mpg combined (EPA),4,2.5 L,Usually 5–8; exact model/trim not identified,Automatic (AV-S7),U.S. DOE/EPA FuelEconomy.gov,https://www.fueleconomy.gov/feg/Find.do?action=sbs&id=40381,Exact year/make/model EPA range,"EPA values cover matching U.S.-market configurations. The imported Cambodian trim may use a different engine, transmission, battery, or test cycle."
13770270,15 mpg combined (EPA),6,3 L,Usually 5–8; exact model/trim not identified,Automatic 4-spd or Manual 5-spd,U.S. DOE/EPA FuelEconomy.gov,https://www.fueleconomy.gov/feg/Find.do?action=sbs&id=10579&id=10580,Exact year/make/model EPA range,"EPA values cover matching U.S.-market configurations. The imported Cambodian trim may use a different engine, transmission, battery, or test cycle."
13533401,Official figure unavailable: seller did not identify the exact engine/trim,Varies by engine; exact trim not identified,Varies by engine; exact trim not identified,Usually 4–5; exact model/trim not identified,Varies by trim; exact gearbox not identified,Khmer24 listing,https://www.khmer24.com/en/post-adid-13533401,Seller did not identify exact configuration,"The marketplace listing lacks enough model, engine, battery, or trim detail for a responsible numeric claim. The card states the limitation instead of inventing data."
13376532,23–26 mpg combined (EPA),4,2 L,Usually 5–8; exact model/trim not identified,Automatic (S8),U.S. DOE/EPA FuelEconomy.gov,https://www.fueleconomy.gov/feg/Find.do?action=sbs&id=38806&id=38807&id=39382,Exact year/make/model EPA range,"EPA values cover matching U.S.-market configurations. The imported Cambodian trim may use a different engine, transmission, battery, or test cycle."
13612454,Official figure unavailable: seller did not identify the exact engine/trim,Varies by engine; exact trim not identified,Varies by engine; exact trim not identified,Usually 4–5; exact model/trim not identified,Varies by trim; exact gearbox not identified,Khmer24 listing,https://www.khmer24.com/en/post-adid-13612454,Seller did not identify exact configuration,"The marketplace listing lacks enough model, engine, battery, or trim detail for a responsible numeric claim. The card states the limitation instead of inventing data."
13302527,Official figure unavailable: seller did not identify the exact engine/trim,Varies by engine; exact trim not identified,Varies by engine; exact trim not identified,Usually 4–5; exact model/trim not identified,Varies by trim; exact gearbox not identified,Khmer24 listing,https://www.khmer24.com/en/post-adid-13302527,Seller did not identify exact configuration,"The marketplace listing lacks enough model, engine, battery, or trim detail for a responsible numeric claim. The card states the limitation instead of inventing data."
13794888,Official figure unavailable: seller did not identify the exact engine/trim,Varies by engine; exact trim not identified,Varies by engine; exact trim not identified,Usually 4–5; exact model/trim not identified,Varies by trim; exact gearbox not identified,Khmer24 listing,https://www.khmer24.com/en/post-adid-13794888,Seller did not identify exact configuration,"The marketplace listing lacks enough model, engine, battery, or trim detail for a responsible numeric claim. The card states the limitation instead of inventing data."
13727886,Up to 12.6 km/L combined (official regional NEDC figure),4,1.6 L turbo gasoline family reference,5,6-speed automatic,Peugeot 3008 official brochure,https://ksa.peugeot.com/content/dam/peugeot/saudi_arabia/brochure/PEUGEOT-Passenger-CAR-Brochure-3008_eng.pdf,Official manufacturer model-family range,Official regional specifications; earlier model years and imported engines can differ.
13567986,13–17 mpg combined (EPA),8,6.2 L,Usually 5–8; exact model/trim not identified,Automatic (S10) or Automatic 10-spd,U.S. DOE/EPA FuelEconomy.gov,https://www.fueleconomy.gov/feg/Find.do?action=sbs&id=48556&id=48620&id=48629,Exact year/make/model EPA range,"EPA values cover matching U.S.-market configurations. The imported Cambodian trim may use a different engine, transmission, battery, or test cycle."
13460786,Official figure unavailable: seller did not identify the exact engine/trim,Varies by engine; exact trim not identified,Varies by engine; exact trim not identified,Usually 4–5; exact model/trim not identified,Varies by trim; exact gearbox not identified,Khmer24 listing,https://www.khmer24.com/en/post-adid-13460786,Seller did not identify exact configuration,"The marketplace listing lacks enough model, engine, battery, or trim detail for a responsible numeric claim. The card states the limitation instead of inventing data."
13694130,Official figure unavailable: seller did not identify the exact engine/trim,Varies by engine; exact trim not identified,Varies by engine; exact trim not identified,Usually 4–5; exact model/trim not identified,Varies by trim; exact gearbox not identified,Khmer24 listing,https://www.khmer24.com/en/post-adid-13694130,Seller did not identify exact configuration,"The marketplace listing lacks enough model, engine, battery, or trim detail for a responsible numeric claim. The card states the limitation instead of inventing data."
13422844,Seller advertises 600 km range,N/A (electric),N/A (electric),Usually 4–5; exact model/trim not identified,Single-speed electric drive,Khmer24 listing,https://www.khmer24.com/en/post-adid-13422844,Seller did not identify exact configuration,"The marketplace listing lacks enough model, engine, battery, or trim detail for a responsible numeric claim. The card states the limitation instead of inventing data."
13739393,Official figure unavailable: seller did not identify the exact engine/trim,Varies by engine; exact trim not identified,Varies by engine; exact trim not identified,Usually 4–5; exact model/trim not identified,Varies by trim; exact gearbox not identified,Khmer24 listing,https://www.khmer24.com/en/post-adid-13739393,Seller did not identify exact configuration,"The marketplace listing lacks enough model, engine, battery, or trim detail for a responsible numeric claim. The card states the limitation instead of inventing data."
13797259,Range unavailable: seller did not identify the exact battery/model version,N/A (electric),N/A (electric),Usually 4–5; exact model/trim not identified,Single-speed electric drive,Khmer24 listing,https://www.khmer24.com/en/post-adid-13797259,Seller did not identify exact configuration,"The marketplace listing lacks enough model, engine, battery, or trim detail for a responsible numeric claim. The card states the limitation instead of inventing data."
13619098,Up to 380 km CLTC pure-electric range,4,2.0 L turbo gasoline hybrid engine,6,SEA Super Hybrid electric-drive system,ZEEKR 9X official release,https://www.zeekrgroup.com/en/news/202509291,Official manufacturer model-family range,"The 9X is a plug-in hybrid, not a battery-only EV. Official range uses China's CLTC cycle and varies by battery/trim."
13464782,Official figure unavailable: seller did not identify the exact engine/trim,Varies by engine; exact trim not identified,Varies by engine; exact trim not identified,Usually 4–5; exact model/trim not identified,Varies by trim; exact gearbox not identified,Khmer24 listing,https://www.khmer24.com/en/post-adid-13464782,Seller did not identify exact configuration,"The marketplace listing lacks enough model, engine, battery, or trim detail for a responsible numeric claim. The card states the limitation instead of inventing data."
13381841,Official figure unavailable: seller did not identify the exact engine/trim,Varies by engine; exact trim not identified,Varies by engine; exact trim not identified,Usually 5–8; exact model/trim not identified,Varies by trim; exact gearbox not identified,Khmer24 listing,https://www.khmer24.com/en/post-adid-13381841,Seller did not identify exact configuration,"The marketplace listing lacks enough model, engine, battery, or trim detail for a responsible numeric claim. The card states the limitation instead of inventing data."
13666528,Official figure unavailable: seller did not identify the exact engine/trim,Varies by engine; exact trim not identified,Varies by engine; exact trim not identified,Usually 4–5; exact model/trim not identified,Varies by trim; exact gearbox not identified,Khmer24 listing,https://www.khmer24.com/en/post-adid-13666528,Seller did not identify exact configuration,"The marketplace listing lacks enough model, engine, battery, or trim detail for a responsible numeric claim. The card states the limitation instead of inventing data."
13783703,14–15 mpg combined (EPA),8,4.2 L or 4.4 L,Usually 5–8; exact model/trim not identified,Automatic (S6),U.S. DOE/EPA FuelEconomy.gov,https://www.fueleconomy.gov/feg/Find.do?action=sbs&id=23816&id=23817&id=23911,Exact year/make/model EPA range,"EPA values cover matching U.S.-market configurations. The imported Cambodian trim may use a different engine, transmission, battery, or test cycle."
13692474,19–30 mpg combined (EPA),4 or 6 or 8,2 L or 3 L or 4 L,Usually 2–4; exact model/trim not identified,Automatic 7-spd or Automatic 9-spd,U.S. DOE/EPA FuelEconomy.gov,https://www.fueleconomy.gov/feg/Find.do?action=sbs&id=37428&id=37461&id=37913,Exact year/make/model EPA range,"EPA values cover matching U.S.-market configurations. The imported Cambodian trim may use a different engine, transmission, battery, or test cycle."
13726481,Official figure unavailable: seller did not identify the exact engine/trim,Varies by engine; exact trim not identified,Varies by engine; exact trim not identified,Usually 2–4; exact model/trim not identified,Varies by trim; exact gearbox not identified,Khmer24 listing,https://www.khmer24.com/en/post-adid-13726481,Seller did not identify exact configuration,"The marketplace listing lacks enough model, engine, battery, or trim detail for a responsible numeric claim. The card states the limitation instead of inventing data."
13599424,19 mpg combined (EPA),6,3 L or 3.6 L,Usually 5–8; exact model/trim not identified,Automatic (AM-S7),U.S. DOE/EPA FuelEconomy.gov,https://www.fueleconomy.gov/feg/Find.do?action=sbs&id=34961&id=34962,Exact year/make/model EPA range,"EPA values cover matching U.S.-market configurations. The imported Cambodian trim may use a different engine, transmission, battery, or test cycle."
13639975,16–27 mpg combined (EPA),4 or 6 or 8 or 12,2 L or 3 L or 4.4 L or 6.6 L,Usually 4–5; exact model/trim not identified,Automatic (S8),U.S. DOE/EPA FuelEconomy.gov,https://www.fueleconomy.gov/feg/Find.do?action=sbs&id=37306&id=37933&id=37934,Exact year/make/model EPA range,"EPA values cover matching U.S.-market configurations. The imported Cambodian trim may use a different engine, transmission, battery, or test cycle."
13618340,26–30 mpg combined (EPA),4,2 L,Usually 2–4; exact model/trim not identified,Automatic (AM7),U.S. DOE/EPA FuelEconomy.gov,https://www.fueleconomy.gov/feg/Find.do?action=sbs&id=36989&id=37029&id=37030,Exact year/make/model EPA range,"EPA values cover matching U.S.-market configurations. The imported Cambodian trim may use a different engine, transmission, battery, or test cycle."
13546853,Official figure unavailable: seller did not identify the exact engine/trim,Varies by engine; exact trim not identified,Varies by engine; exact trim not identified,Usually 4–5; exact model/trim not identified,Varies by trim; exact gearbox not identified,Khmer24 listing,https://www.khmer24.com/en/post-adid-13546853,Seller did not identify exact configuration,"The marketplace listing lacks enough model, engine, battery, or trim detail for a responsible numeric claim. The card states the limitation instead of inventing data."
13764941,Official figure unavailable: seller did not identify the exact engine/trim,Varies by engine; exact trim not identified,Varies by engine; exact trim not identified,Usually 4–5; exact model/trim not identified,Varies by trim; exact gearbox not identified,Khmer24 listing,https://www.khmer24.com/en/post-adid-13764941,Seller did not identify exact configuration,"The marketplace listing lacks enough model, engine, battery, or trim detail for a responsible numeric claim. The card states the limitation instead of inventing data."
13301778,18–20 mpg combined (EPA),6,3.5 L,Usually 5–11; exact seating layout not identified,Automatic 5-spd,U.S. DOE/EPA FuelEconomy.gov,https://www.fueleconomy.gov/feg/Find.do?action=sbs&id=25116&id=25117,Exact year/make/model EPA range,"EPA values cover matching U.S.-market configurations. The imported Cambodian trim may use a different engine, transmission, battery, or test cycle."
13773549,19–23 mpg combined (EPA),4,2.3 L,5 for double-cab passenger configuration,Automatic (S10),U.S. DOE/EPA FuelEconomy.gov,https://www.fueleconomy.gov/feg/Find.do?action=sbs&id=44986&id=44988&id=44989,Exact year/make/model EPA range,"EPA values cover matching U.S.-market configurations. The imported Cambodian trim may use a different engine, transmission, battery, or test cycle."
13659033,52.3–64.2 UK mpg combined (official Picanto family configurations),3 or 4,1.0 L or 1.25 L,5,"5-speed manual, 4-speed automatic, or 5-speed AMT",Kia Picanto official specification,https://www.kia.com/content/dam/kwcms/kme/uk/en/assets/vehicles/All-New%20Picanto/Specifications/all-new-picanto-specification.PDF,Official manufacturer model-family range,Kia Morning is sold as Picanto in other markets. Figures are a model-family range; confirm the Cambodian import's engine.
13798827,Official figure unavailable: seller did not identify the exact engine/trim,Varies by engine; exact trim not identified,Varies by engine; exact trim not identified,Usually 4–5; exact model/trim not identified,Varies by trim; exact gearbox not identified,Khmer24 listing,https://www.khmer24.com/en/post-adid-13798827,Seller did not identify exact configuration,"The marketplace listing lacks enough model, engine, battery, or trim detail for a responsible numeric claim. The card states the limitation instead of inventing data."
13617558,Official consumption varies by destination-market 1.5 T-GDI calibration,4,1.5 L turbo gasoline,7,8-speed automatic,Hyundai CUSTIN official brochure,https://www.hyundai.com/content/dam/hyundai/ph/en/data/marketing/brochure/product/custin/Custin-brochure-v2.pdf,Official manufacturer model-family range,Official Philippine-market family reference; verify the Cambodian import's calibration and equipment.
13689889,Official figure unavailable: seller did not identify the exact engine/trim,Varies by engine; exact trim not identified,Varies by engine; exact trim not identified,Usually 5–8; exact model/trim not identified,Varies by trim; exact gearbox not identified,Khmer24 listing,https://www.khmer24.com/en/post-adid-13689889,Seller did not identify exact configuration,"The marketplace listing lacks enough model, engine, battery, or trim detail for a responsible numeric claim. The card states the limitation instead of inventing data."
13346189,21 mpg combined (EPA),6,3 L,Usually 5–8; exact model/trim not identified,Automatic 8-spd,U.S. DOE/EPA FuelEconomy.gov,https://www.fueleconomy.gov/feg/Find.do?action=sbs&id=31542,Exact year/make/model EPA range,"EPA values cover matching U.S.-market configurations. The imported Cambodian trim may use a different engine, transmission, battery, or test cycle."
13655272,Official figure unavailable: seller did not identify the exact engine/trim,Varies by engine; exact trim not identified,Varies by engine; exact trim not identified,Usually 2–5; exact cab configuration not identified,Varies by trim; exact gearbox not identified,Khmer24 listing,https://www.khmer24.com/en/post-adid-13655272,Seller did not identify exact configuration,"The marketplace listing lacks enough model, engine, battery, or trim detail for a responsible numeric claim. The card states the limitation instead of inventing data."
13798133,Official figure unavailable: seller did not identify the exact engine/trim,Varies by engine; exact trim not identified,Varies by engine; exact trim not identified,Usually 4–5; exact model/trim not identified,Varies by trim; exact gearbox not identified,Khmer24 listing,https://www.khmer24.com/en/post-adid-13798133,Seller did not identify exact configuration,"The marketplace listing lacks enough model, engine, battery, or trim detail for a responsible numeric claim. The card states the limitation instead of inventing data."
13583900,Official figure unavailable: seller did not identify the exact engine/trim,Varies by engine; exact trim not identified,Varies by engine; exact trim not identified,Usually 5–8; exact model/trim not identified,Varies by trim; exact gearbox not identified,Khmer24 listing,https://www.khmer24.com/en/post-adid-13583900,Seller did not identify exact configuration,"The marketplace listing lacks enough model, engine, battery, or trim detail for a responsible numeric claim. The card states the limitation instead of inventing data."
13738079,Official figure unavailable: seller did not identify the exact engine/trim,Varies by engine; exact trim not identified,Varies by engine; exact trim not identified,Usually 4–5; exact model/trim not identified,Varies by trim; exact gearbox not identified,Khmer24 listing,https://www.khmer24.com/en/post-adid-13738079,Seller did not identify exact configuration,"The marketplace listing lacks enough model, engine, battery, or trim detail for a responsible numeric claim. The card states the limitation instead of inventing data."
13656975,Official figure unavailable: seller did not identify the exact engine/trim,Varies by engine; exact trim not identified,Varies by engine; exact trim not identified,Usually 4–5; exact model/trim not identified,Varies by trim; exact gearbox not identified,Khmer24 listing,https://www.khmer24.com/en/post-adid-13656975,Seller did not identify exact configuration,"The marketplace listing lacks enough model, engine, battery, or trim detail for a responsible numeric claim. The card states the limitation instead of inventing data."
13554729,Official figure unavailable: seller did not identify the exact engine/trim,Varies by engine; exact trim not identified,Varies by engine; exact trim not identified,Usually 5–11; exact seating layout not identified,Varies by trim; exact gearbox not identified,Khmer24 listing,https://www.khmer24.com/en/post-adid-13554729,Seller did not identify exact configuration,"The marketplace listing lacks enough model, engine, battery, or trim detail for a responsible numeric claim. The card states the limitation instead of inventing data."
13714338,Official figure unavailable: seller did not identify the exact engine/trim,Varies by engine; exact trim not identified,Varies by engine; exact trim not identified,Usually 4–5; exact model/trim not identified,Varies by trim; exact gearbox not identified,Khmer24 listing,https://www.khmer24.com/en/post-adid-13714338,Seller did not identify exact configuration,"The marketplace listing lacks enough model, engine, battery, or trim detail for a responsible numeric claim. The card states the limitation instead of inventing data."
13372150,18 mpg combined (EPA),8,3.9 L,Usually 2–4; exact model/trim not identified,Automatic (AM7),U.S. DOE/EPA FuelEconomy.gov,https://www.fueleconomy.gov/feg/Find.do?action=sbs&id=37604&id=37704,Exact year/make/model EPA range,"EPA values cover matching U.S.-market configurations. The imported Cambodian trim may use a different engine, transmission, battery, or test cycle."
13406530,12–13 mpg combined (EPA),12,6.5 L,Usually 2–4; exact model/trim not identified,Automatic (AM-S7),U.S. DOE/EPA FuelEconomy.gov,https://www.fueleconomy.gov/feg/Find.do?action=sbs&id=33025&id=33413,Exact year/make/model EPA range,"EPA values cover matching U.S.-market configurations. The imported Cambodian trim may use a different engine, transmission, battery, or test cycle."
13634997,14–17 mpg combined (EPA),8 or 12,4 L or 6 L,Usually 4–5; exact model/trim not identified,Automatic (S8),U.S. DOE/EPA FuelEconomy.gov,https://www.fueleconomy.gov/feg/Find.do?action=sbs&id=34829&id=34927,Exact year/make/model EPA range,"EPA values cover matching U.S.-market configurations. The imported Cambodian trim may use a different engine, transmission, battery, or test cycle."
13820269,16–18 mpg combined (EPA),6 or 8,3 L or 3.8 L,Usually 4–5; exact model/trim not identified,Automatic 8-spd,U.S. DOE/EPA FuelEconomy.gov,https://www.fueleconomy.gov/feg/Find.do?action=sbs&id=34100&id=34220,Exact year/make/model EPA range,"EPA values cover matching U.S.-market configurations. The imported Cambodian trim may use a different engine, transmission, battery, or test cycle."
13640585,Official figure unavailable: seller did not identify the exact engine/trim,Varies by engine; exact trim not identified,Varies by engine; exact trim not identified,Usually 2–4; exact model/trim not identified,Varies by trim; exact gearbox not identified,Khmer24 listing,https://www.khmer24.com/en/post-adid-13640585,Seller did not identify exact configuration,"The marketplace listing lacks enough model, engine, battery, or trim detail for a responsible numeric claim. The card states the limitation instead of inventing data."
13426205,14 mpg combined (EPA),12,6.7 L,Usually 5–8; exact model/trim not identified,Automatic (S8),U.S. DOE/EPA FuelEconomy.gov,https://www.fueleconomy.gov/feg/Find.do?action=sbs&id=48294&id=48295,Exact year/make/model EPA range,"EPA values cover matching U.S.-market configurations. The imported Cambodian trim may use a different engine, transmission, battery, or test cycle."
13610848,Official figure unavailable: seller did not identify the exact engine/trim,Varies by engine; exact trim not identified,Varies by engine; exact trim not identified,Usually 4–5; exact model/trim not identified,Varies by trim; exact gearbox not identified,Khmer24 listing,https://www.khmer24.com/en/post-adid-13610848,Seller did not identify exact configuration,"The marketplace listing lacks enough model, engine, battery, or trim detail for a responsible numeric claim. The card states the limitation instead of inventing data."
13646476,20 mpg combined (EPA),4,2.5 L,Usually 4–5; exact model/trim not identified,Automatic 4-spd or Manual 5-spd,U.S. DOE/EPA FuelEconomy.gov,https://www.fueleconomy.gov/feg/Find.do?action=sbs&id=19228&id=19229,Exact year/make/model EPA range,"EPA values cover matching U.S.-market configurations. The imported Cambodian trim may use a different engine, transmission, battery, or test cycle."
13559679,Official figure unavailable: seller did not identify the exact engine/trim,Varies by engine; exact trim not identified,Varies by engine; exact trim not identified,Usually 4–5; exact model/trim not identified,Varies by trim; exact gearbox not identified,Khmer24 listing,https://www.khmer24.com/en/post-adid-13559679,Seller did not identify exact configuration,"The marketplace listing lacks enough model, engine, battery, or trim detail for a responsible numeric claim. The card states the limitation instead of inventing data."
13705204,23–25 mpg combined (EPA),4,2 L,Usually 5–8; exact model/trim not identified,Automatic (S8),U.S. DOE/EPA FuelEconomy.gov,https://www.fueleconomy.gov/feg/Find.do?action=sbs&id=42101&id=42104,Exact year/make/model EPA range,"EPA values cover matching U.S.-market configurations. The imported Cambodian trim may use a different engine, transmission, battery, or test cycle."
13239647,22–25 mpg combined (EPA),4,2 L,Usually 5–8; exact model/trim not identified,Automatic (S8),U.S. DOE/EPA FuelEconomy.gov,https://www.fueleconomy.gov/feg/Find.do?action=sbs&id=36149&id=36994&id=36995,Exact year/make/model EPA range,"EPA values cover matching U.S.-market configurations. The imported Cambodian trim may use a different engine, transmission, battery, or test cycle."
13819942,Official figure unavailable: seller did not identify the exact engine/trim,Varies by engine; exact trim not identified,Varies by engine; exact trim not identified,Usually 4–5; exact model/trim not identified,Varies by trim; exact gearbox not identified,Khmer24 listing,https://www.khmer24.com/en/post-adid-13819942,Seller did not identify exact configuration,"The marketplace listing lacks enough model, engine, battery, or trim detail for a responsible numeric claim. The card states the limitation instead of inventing data."
13448576,21–23 mpg combined (EPA),4,1.6 L,Usually 4–5; exact model/trim not identified,Multiple EPA-listed transmissions,U.S. DOE/EPA FuelEconomy.gov,https://www.fueleconomy.gov/feg/Find.do?action=sbs&id=10528&id=10529&id=10530,Exact year/make/model EPA range,"EPA values cover matching U.S.-market configurations. The imported Cambodian trim may use a different engine, transmission, battery, or test cycle."
13351494,Official figure unavailable: seller did not identify the exact engine/trim,Varies by engine; exact trim not identified,Varies by engine; exact trim not identified,Usually 4–5; exact model/trim not identified,Varies by trim; exact gearbox not identified,Khmer24 listing,https://www.khmer24.com/en/post-adid-13351494,Seller did not identify exact configuration,"The marketplace listing lacks enough model, engine, battery, or trim detail for a responsible numeric claim. The card states the limitation instead of inventing data."
13661337,Official figure unavailable: seller did not identify the exact engine/trim,Varies by engine; exact trim not identified,Varies by engine; exact trim not identified,Usually 4–5; exact model/trim not identified,Varies by trim; exact gearbox not identified,Khmer24 listing,https://www.khmer24.com/en/post-adid-13661337,Seller did not identify exact configuration,"The marketplace listing lacks enough model, engine, battery, or trim detail for a responsible numeric claim. The card states the limitation instead of inventing data."
13780621,17 mpg combined (EPA),8,6.2 L,Usually 5–8; exact model/trim not identified,Automatic 8-spd,U.S. DOE/EPA FuelEconomy.gov,https://www.fueleconomy.gov/feg/Find.do?action=sbs&id=36691&id=36698,Exact year/make/model EPA range,"EPA values cover matching U.S.-market configurations. The imported Cambodian trim may use a different engine, transmission, battery, or test cycle."
13476299,Official figure unavailable: seller did not identify the exact engine/trim,Varies by engine; exact trim not identified,Varies by engine; exact trim not identified,Usually 4–5; exact model/trim not identified,Varies by trim; exact gearbox not identified,Khmer24 listing,https://www.khmer24.com/en/post-adid-13476299,Seller did not identify exact configuration,"The marketplace listing lacks enough model, engine, battery, or trim detail for a responsible numeric claim. The card states the limitation instead of inventing data."
13755446,Official figure unavailable: seller did not identify the exact engine/trim,Varies by engine; exact trim not identified,Varies by engine; exact trim not identified,Usually 4–5; exact model/trim not identified,Varies by trim; exact gearbox not identified,Khmer24 listing,https://www.khmer24.com/en/post-adid-13755446,Seller did not identify exact configuration,"The marketplace listing lacks enough model, engine, battery, or trim detail for a responsible numeric claim. The card states the limitation instead of inventing data."
13771349,Range unavailable: seller did not identify the exact battery/model version,N/A (electric),N/A (electric),Usually 4–5; exact model/trim not identified,Single-speed electric drive,Khmer24 listing,https://www.khmer24.com/en/post-adid-13771349,Seller did not identify exact configuration,"The marketplace listing lacks enough model, engine, battery, or trim detail for a responsible numeric claim. The card states the limitation instead of inventing data."
13697506,Official figure unavailable: seller did not identify the exact engine/trim,Varies by engine; exact trim not identified,Varies by engine; exact trim not identified,Usually 4–5; exact model/trim not identified,Varies by trim; exact gearbox not identified,Khmer24 listing,https://www.khmer24.com/en/post-adid-13697506,Seller did not identify exact configuration,"The marketplace listing lacks enough model, engine, battery, or trim detail for a responsible numeric claim. The card states the limitation instead of inventing data."
13642443,Seller advertises 820 km range,N/A (electric),N/A (electric),Usually 4–5; exact model/trim not identified,Single-speed electric drive,Khmer24 listing,https://www.khmer24.com/en/post-adid-13642443,Seller did not identify exact configuration,"The marketplace listing lacks enough model, engine, battery, or trim detail for a responsible numeric claim. The card states the limitation instead of inventing data."
13662885,Up to 380 km CLTC pure-electric range,4,2.0 L turbo gasoline hybrid engine,6,SEA Super Hybrid electric-drive system,ZEEKR 9X official release,https://www.zeekrgroup.com/en/news/202509291,Official manufacturer model-family range,"The 9X is a plug-in hybrid, not a battery-only EV. Official range uses China's CLTC cycle and varies by battery/trim."
13345138,Official figure unavailable: seller did not identify the exact engine/trim,Varies by engine; exact trim not identified,Varies by engine; exact trim not identified,Usually 4–5; exact model/trim not identified,Varies by trim; exact gearbox not identified,Khmer24 listing,https://www.khmer24.com/en/post-adid-13345138,Seller did not identify exact configuration,"The marketplace listing lacks enough model, engine, battery, or trim detail for a responsible numeric claim. The card states the limitation instead of inventing data."
13159260,Official figure unavailable: seller did not identify the exact engine/trim,Varies by engine; exact trim not identified,Varies by engine; exact trim not identified,Usually 5–8; exact model/trim not identified,Varies by trim; exact gearbox not identified,Khmer24 listing,https://www.khmer24.com/en/post-adid-13159260,Seller did not identify exact configuration,"The marketplace listing lacks enough model, engine, battery, or trim detail for a responsible numeric claim. The card states the limitation instead of inventing data."
13449143,Official figure unavailable: seller did not identify the exact engine/trim,Varies by engine; exact trim not identified,Varies by engine; exact trim not identified,Usually 4–5; exact model/trim not identified,Varies by trim; exact gearbox not identified,Khmer24 listing,https://www.khmer24.com/en/post-adid-13449143,Seller did not identify exact configuration,"The marketplace listing lacks enough model, engine, battery, or trim detail for a responsible numeric claim. The card states the limitation instead of inventing data."
13766648,14–15 mpg combined (EPA),8,4.2 L or 4.4 L,Usually 5–8; exact model/trim not identified,Automatic (S6),U.S. DOE/EPA FuelEconomy.gov,https://www.fueleconomy.gov/feg/Find.do?action=sbs&id=24119&id=24120&id=24121,Exact year/make/model EPA range,"EPA values cover matching U.S.-market configurations. The imported Cambodian trim may use a different engine, transmission, battery, or test cycle."
13819913,16–23 mpg combined (EPA),4 or 6 or 8,2 L or 3 L or 4 L,Usually 5–8; exact model/trim not identified,Automatic 9-spd,U.S. DOE/EPA FuelEconomy.gov,https://www.fueleconomy.gov/feg/Find.do?action=sbs&id=48106&id=48134&id=48135,Exact year/make/model EPA range,"EPA values cover matching U.S.-market configurations. The imported Cambodian trim may use a different engine, transmission, battery, or test cycle."
13550082,Official figure unavailable: seller did not identify the exact engine/trim,Varies by engine; exact trim not identified,Varies by engine; exact trim not identified,Usually 2–4; exact model/trim not identified,Varies by trim; exact gearbox not identified,Khmer24 listing,https://www.khmer24.com/en/post-adid-13550082,Seller did not identify exact configuration,"The marketplace listing lacks enough model, engine, battery, or trim detail for a responsible numeric claim. The card states the limitation instead of inventing data."
13365988,Official figure unavailable: seller did not identify the exact engine/trim,Varies by engine; exact trim not identified,Varies by engine; exact trim not identified,Usually 4–5; exact model/trim not identified,Varies by trim; exact gearbox not identified,Khmer24 listing,https://www.khmer24.com/en/post-adid-13365988,Seller did not identify exact configuration,"The marketplace listing lacks enough model, engine, battery, or trim detail for a responsible numeric claim. The card states the limitation instead of inventing data."
13609813,Range unavailable: seller did not identify the exact battery/model version,N/A (electric),N/A (electric),Usually 4–5; exact model/trim not identified,Single-speed electric drive,Khmer24 listing,https://www.khmer24.com/en/post-adid-13609813,Seller did not identify exact configuration,"The marketplace listing lacks enough model, engine, battery, or trim detail for a responsible numeric claim. The card states the limitation instead of inventing data."
13465603,26–30 mpg combined (EPA),4,2 L,Usually 2–4; exact model/trim not identified,Automatic (AM7),U.S. DOE/EPA FuelEconomy.gov,https://www.fueleconomy.gov/feg/Find.do?action=sbs&id=34455&id=34571&id=34786,Exact year/make/model EPA range,"EPA values cover matching U.S.-market configurations. The imported Cambodian trim may use a different engine, transmission, battery, or test cycle."
13795714,Official figure unavailable: seller did not identify the exact engine/trim,Varies by engine; exact trim not identified,Varies by engine; exact trim not identified,Usually 4–5; exact model/trim not identified,Varies by trim; exact gearbox not identified,Khmer24 listing,https://www.khmer24.com/en/post-adid-13795714,Seller did not identify exact configuration,"The marketplace listing lacks enough model, engine, battery, or trim detail for a responsible numeric claim. The card states the limitation instead of inventing data."
13705893,42 mpg combined (EPA),4,1.8 L,Usually 4–5; exact model/trim not identified,Automatic (variable gear ratios),U.S. DOE/EPA FuelEconomy.gov,https://www.fueleconomy.gov/feg/Find.do?action=sbs&id=31693,Exact year/make/model EPA range,"EPA values cover matching U.S.-market configurations. The imported Cambodian trim may use a different engine, transmission, battery, or test cycle."
13732032,21 mpg combined (EPA),4,2 L,Usually 5–8; exact model/trim not identified,Automatic 4-spd,U.S. DOE/EPA FuelEconomy.gov,https://www.fueleconomy.gov/feg/Find.do?action=sbs&id=29573,Exact year/make/model EPA range,"EPA values cover matching U.S.-market configurations. The imported Cambodian trim may use a different engine, transmission, battery, or test cycle."
13610171,19–23 mpg combined (EPA),4,2.3 L,5 for double-cab passenger configuration,Automatic (S10),U.S. DOE/EPA FuelEconomy.gov,https://www.fueleconomy.gov/feg/Find.do?action=sbs&id=46167&id=46168&id=46186,Exact year/make/model EPA range,"EPA values cover matching U.S.-market configurations. The imported Cambodian trim may use a different engine, transmission, battery, or test cycle."
13690170,52.3–64.2 UK mpg combined (official Picanto family configurations),3 or 4,1.0 L or 1.25 L,5,"5-speed manual, 4-speed automatic, or 5-speed AMT",Kia Picanto official specification,https://www.kia.com/content/dam/kwcms/kme/uk/en/assets/vehicles/All-New%20Picanto/Specifications/all-new-picanto-specification.PDF,Official manufacturer model-family range,Kia Morning is sold as Picanto in other markets. Figures are a model-family range; confirm the Cambodian import's engine.
13329991,Official figure unavailable: seller did not identify the exact engine/trim,Varies by engine; exact trim not identified,Varies by engine; exact trim not identified,Usually 4–5; exact model/trim not identified,Varies by trim; exact gearbox not identified,Khmer24 listing,https://www.khmer24.com/en/post-adid-13329991,Seller did not identify exact configuration,"The marketplace listing lacks enough model, engine, battery, or trim detail for a responsible numeric claim. The card states the limitation instead of inventing data."
13650002,Official consumption varies by 2.2 diesel or 3.5 gasoline market trim,4 or 6,2.2 L diesel or 3.5 L gasoline,"3, 7, 10, or 11 depending on configuration",6-speed manual or 8-speed automatic,Hyundai STARIA official brochure,https://www.hyundai.com/content/dam/hyundai/ph/en/data/marketing/brochure/product/staria-2021/staria-0702622.pdf,Official manufacturer model-family range,The seller must confirm whether the listing is a passenger or cargo version and identify its market specification.
13723887,Seller advertises 650 km range,Varies by engine; exact trim not identified,Varies by engine; exact trim not identified,Usually 5–8; exact model/trim not identified,Varies by trim; exact gearbox not identified,Khmer24 listing,https://www.khmer24.com/en/post-adid-13723887,Seller did not identify exact configuration,"The marketplace listing lacks enough model, engine, battery, or trim detail for a responsible numeric claim. The card states the limitation instead of inventing data."
13675989,18–20 mpg combined (EPA),6,3.3 L,Usually 5–8; exact model/trim not identified,Automatic (S5) or Automatic 5-spd,U.S. DOE/EPA FuelEconomy.gov,https://www.fueleconomy.gov/feg/Find.do?action=sbs&id=21318&id=21319&id=21433,Exact year/make/model EPA range,"EPA values cover matching U.S.-market configurations. The imported Cambodian trim may use a different engine, transmission, battery, or test cycle."
13753231,Official figure unavailable: seller did not identify the exact engine/trim,Varies by engine; exact trim not identified,Varies by engine; exact trim not identified,Usually 2–5; exact cab configuration not identified,Varies by trim; exact gearbox not identified,Khmer24 listing,https://www.khmer24.com/en/post-adid-13753231,Seller did not identify exact configuration,"The marketplace listing lacks enough model, engine, battery, or trim detail for a responsible numeric claim. The card states the limitation instead of inventing data."
13808922,Range unavailable: seller did not identify the exact battery/model version,N/A (electric),N/A (electric),Usually 4–5; exact model/trim not identified,Single-speed electric drive,Khmer24 listing,https://www.khmer24.com/en/post-adid-13808922,Seller did not identify exact configuration,"The marketplace listing lacks enough model, engine, battery, or trim detail for a responsible numeric claim. The card states the limitation instead of inventing data."
13655126,34 mpg combined (EPA),4,2.4 L,Usually 4–5; exact model/trim not identified,Automatic (variable gear ratios),U.S. DOE/EPA FuelEconomy.gov,https://www.fueleconomy.gov/feg/Find.do?action=sbs&id=25278,Exact year/make/model EPA range,"EPA values cover matching U.S.-market configurations. The imported Cambodian trim may use a different engine, transmission, battery, or test cycle."
13687148,Official figure unavailable: seller did not identify the exact engine/trim,Varies by engine; exact trim not identified,Varies by engine; exact trim not identified,Usually 4–5; exact model/trim not identified,Varies by trim; exact gearbox not identified,Khmer24 listing,https://www.khmer24.com/en/post-adid-13687148,Seller did not identify exact configuration,"The marketplace listing lacks enough model, engine, battery, or trim detail for a responsible numeric claim. The card states the limitation instead of inventing data."
13304815,Official figure unavailable: seller did not identify the exact engine/trim,Varies by engine; exact trim not identified,Varies by engine; exact trim not identified,Usually 4–5; exact model/trim not identified,Varies by trim; exact gearbox not identified,Khmer24 listing,https://www.khmer24.com/en/post-adid-13304815,Seller did not identify exact configuration,"The marketplace listing lacks enough model, engine, battery, or trim detail for a responsible numeric claim. The card states the limitation instead of inventing data."
13528085,Official figure unavailable: seller did not identify the exact engine/trim,Varies by engine; exact trim not identified,Varies by engine; exact trim not identified,Usually 5–11; exact seating layout not identified,Varies by trim; exact gearbox not identified,Khmer24 listing,https://www.khmer24.com/en/post-adid-13528085,Seller did not identify exact configuration,"The marketplace listing lacks enough model, engine, battery, or trim detail for a responsible numeric claim. The card states the limitation instead of inventing data."
13532525,345–420 km WLTP range,N/A (electric),N/A (electric),5,Single-speed electric drive,BYD ATTO 3 official brochure,https://www.byd.com/content/dam/byd-site/au/product/atto3/new-added%282024%29/24_atto3/20240603_2024%20ATTO%203%20brochure.pdf,Official manufacturer model-family range,Range depends on battery version; verify the Cambodian vehicle's battery capacity.
13615067,Official figure unavailable: seller did not identify the exact engine/trim,Varies by engine; exact trim not identified,Varies by engine; exact trim not identified,Usually 2–4; exact model/trim not identified,Varies by trim; exact gearbox not identified,Khmer24 listing,https://www.khmer24.com/en/post-adid-13615067,Seller did not identify exact configuration,"The marketplace listing lacks enough model, engine, battery, or trim detail for a responsible numeric claim. The card states the limitation instead of inventing data."
13773632,13 mpg combined (EPA),12,6.5 L,Usually 2–4; exact model/trim not identified,Automatic (S7),U.S. DOE/EPA FuelEconomy.gov,https://www.fueleconomy.gov/feg/Find.do?action=sbs&id=31087,Exact year/make/model EPA range,"EPA values cover matching U.S.-market configurations. The imported Cambodian trim may use a different engine, transmission, battery, or test cycle."
13612046,14–18 mpg combined (EPA),8 or 12,4 L or 6 L,Usually 4–5; exact model/trim not identified,Automatic (S6) or Automatic (S8),U.S. DOE/EPA FuelEconomy.gov,https://www.fueleconomy.gov/feg/Find.do?action=sbs&id=32362&id=32363&id=33313,Exact year/make/model EPA range,"EPA values cover matching U.S.-market configurations. The imported Cambodian trim may use a different engine, transmission, battery, or test cycle."
13593934,16–19 mpg combined (EPA),6 or 8,3 L or 3.8 L,Usually 4–5; exact model/trim not identified,Automatic 8-spd,U.S. DOE/EPA FuelEconomy.gov,https://www.fueleconomy.gov/feg/Find.do?action=sbs&id=43182&id=43183&id=43184,Exact year/make/model EPA range,"EPA values cover matching U.S.-market configurations. The imported Cambodian trim may use a different engine, transmission, battery, or test cycle."
13672194,18 mpg combined (EPA),8,3.8 L,Usually 2–4; exact model/trim not identified,Automatic 7-spd,U.S. DOE/EPA FuelEconomy.gov,https://www.fueleconomy.gov/feg/Find.do?action=sbs&id=35604&id=35605,Exact year/make/model EPA range,"EPA values cover matching U.S.-market configurations. The imported Cambodian trim may use a different engine, transmission, battery, or test cycle."
13798679,15 mpg combined (EPA),12,6.6 L,Usually 4–5; exact model/trim not identified,Automatic (S8),U.S. DOE/EPA FuelEconomy.gov,https://www.fueleconomy.gov/feg/Find.do?action=sbs&id=35628,Exact year/make/model EPA range,"EPA values cover matching U.S.-market configurations. The imported Cambodian trim may use a different engine, transmission, battery, or test cycle."
13735479,15 mpg combined (EPA),8,4 L,Usually 5–8; exact model/trim not identified,Automatic 9-spd,U.S. DOE/EPA FuelEconomy.gov,https://www.fueleconomy.gov/feg/Find.do?action=sbs&id=43287,Exact year/make/model EPA range,"EPA values cover matching U.S.-market configurations. The imported Cambodian trim may use a different engine, transmission, battery, or test cycle."
13806985,24–28 mpg combined (EPA),4,2 L or 2.5 L,Usually 5–8; exact model/trim not identified,Multiple EPA-listed transmissions,U.S. DOE/EPA FuelEconomy.gov,https://www.fueleconomy.gov/feg/Find.do?action=sbs&id=38645&id=38646&id=38647,Exact year/make/model EPA range,"EPA values cover matching U.S.-market configurations. The imported Cambodian trim may use a different engine, transmission, battery, or test cycle."
13622045,Official figure unavailable: seller did not identify the exact engine/trim,Varies by engine; exact trim not identified,Varies by engine; exact trim not identified,Usually 2–5; exact cab configuration not identified,Varies by trim; exact gearbox not identified,Khmer24 listing,https://www.khmer24.com/en/post-adid-13622045,Seller did not identify exact configuration,"The marketplace listing lacks enough model, engine, battery, or trim detail for a responsible numeric claim. The card states the limitation instead of inventing data."
13570413,Official figure unavailable: seller did not identify the exact engine/trim,Varies by engine; exact trim not identified,Varies by engine; exact trim not identified,Usually 4–5; exact model/trim not identified,Varies by trim; exact gearbox not identified,Khmer24 listing,https://www.khmer24.com/en/post-adid-13570413,Seller did not identify exact configuration,"The marketplace listing lacks enough model, engine, battery, or trim detail for a responsible numeric claim. The card states the limitation instead of inventing data."
13775963,23–27 mpg combined (EPA),4,2 L,Usually 5–8; exact model/trim not identified,Automatic (S8),U.S. DOE/EPA FuelEconomy.gov,https://www.fueleconomy.gov/feg/Find.do?action=sbs&id=41502&id=41508&id=41522,Exact year/make/model EPA range,"EPA values cover matching U.S.-market configurations. The imported Cambodian trim may use a different engine, transmission, battery, or test cycle."
13692481,Official figure unavailable: seller did not identify the exact engine/trim,Varies by engine; exact trim not identified,Varies by engine; exact trim not identified,Usually 4–5; exact model/trim not identified,Varies by trim; exact gearbox not identified,Khmer24 listing,https://www.khmer24.com/en/post-adid-13692481,Seller did not identify exact configuration,"The marketplace listing lacks enough model, engine, battery, or trim detail for a responsible numeric claim. The card states the limitation instead of inventing data."
13795313,Up to 5.0 L/100 km (official regional model-family figure),3,1.0 L,5,5-speed manual or Auto Gear Shift,Suzuki Global Celerio specification,https://www.globalsuzuki.com/globalnews/2021/1110.html,Official manufacturer model-family range,Celerio figures vary by generation and destination market.
13793662,Official figure unavailable: seller did not identify the exact engine/trim,Varies by engine; exact trim not identified,Varies by engine; exact trim not identified,Usually 4–5; exact model/trim not identified,Varies by trim; exact gearbox not identified,Khmer24 listing,https://www.khmer24.com/en/post-adid-13793662,Seller did not identify exact configuration,"The marketplace listing lacks enough model, engine, battery, or trim detail for a responsible numeric claim. The card states the limitation instead of inventing data."
13667147,Official figure unavailable: seller did not identify the exact engine/trim,Varies by engine; exact trim not identified,Varies by engine; exact trim not identified,Usually 5–8; exact model/trim not identified,Varies by trim; exact gearbox not identified,Khmer24 listing,https://www.khmer24.com/en/post-adid-13667147,Seller did not identify exact configuration,"The marketplace listing lacks enough model, engine, battery, or trim detail for a responsible numeric claim. The card states the limitation instead of inventing data."
13614454,13–17 mpg combined (EPA),8,6.2 L,Usually 5–8; exact model/trim not identified,Automatic (S10) or Automatic 10-spd,U.S. DOE/EPA FuelEconomy.gov,https://www.fueleconomy.gov/feg/Find.do?action=sbs&id=49898&id=49899&id=50138,Exact year/make/model EPA range,"EPA values cover matching U.S.-market configurations. The imported Cambodian trim may use a different engine, transmission, battery, or test cycle."
13334623,Official figure unavailable: seller did not identify the exact engine/trim,Varies by engine; exact trim not identified,Varies by engine; exact trim not identified,Usually 4–5; exact model/trim not identified,Varies by trim; exact gearbox not identified,Khmer24 listing,https://www.khmer24.com/en/post-adid-13334623,Seller did not identify exact configuration,"The marketplace listing lacks enough model, engine, battery, or trim detail for a responsible numeric claim. The card states the limitation instead of inventing data."
13618820,Official figure unavailable: seller did not identify the exact engine/trim,Varies by engine; exact trim not identified,Varies by engine; exact trim not identified,Usually 4–5; exact model/trim not identified,Varies by trim; exact gearbox not identified,Khmer24 listing,https://www.khmer24.com/en/post-adid-13618820,Seller did not identify exact configuration,"The marketplace listing lacks enough model, engine, battery, or trim detail for a responsible numeric claim. The card states the limitation instead of inventing data."
13572474,Seller advertises 530 km range,N/A (electric),N/A (electric),Usually 4–5; exact model/trim not identified,Single-speed electric drive,Khmer24 listing,https://www.khmer24.com/en/post-adid-13572474,Seller did not identify exact configuration,"The marketplace listing lacks enough model, engine, battery, or trim detail for a responsible numeric claim. The card states the limitation instead of inventing data."
13790790,Official figure unavailable: seller did not identify the exact engine/trim,Varies by engine; exact trim not identified,Varies by engine; exact trim not identified,Usually 4–5; exact model/trim not identified,Varies by trim; exact gearbox not identified,Khmer24 listing,https://www.khmer24.com/en/post-adid-13790790,Seller did not identify exact configuration,"The marketplace listing lacks enough model, engine, battery, or trim detail for a responsible numeric claim. The card states the limitation instead of inventing data."
13569815,Range unavailable: seller did not identify the exact battery/model version,N/A (electric),N/A (electric),Usually 4–5; exact model/trim not identified,Single-speed electric drive,Khmer24 listing,https://www.khmer24.com/en/post-adid-13569815,Seller did not identify exact configuration,"The marketplace listing lacks enough model, engine, battery, or trim detail for a responsible numeric claim. The card states the limitation instead of inventing data."
13624812,Up to 380 km CLTC pure-electric range,4,2.0 L turbo gasoline hybrid engine,6,SEA Super Hybrid electric-drive system,ZEEKR 9X official release,https://www.zeekrgroup.com/en/news/202509291,Official manufacturer model-family range,"The 9X is a plug-in hybrid, not a battery-only EV. Official range uses China's CLTC cycle and varies by battery/trim."
13625651,Official figure unavailable: seller did not identify the exact engine/trim,Varies by engine; exact trim not identified,Varies by engine; exact trim not identified,Usually 4–5; exact model/trim not identified,Varies by trim; exact gearbox not identified,Khmer24 listing,https://www.khmer24.com/en/post-adid-13625651,Seller did not identify exact configuration,"The marketplace listing lacks enough model, engine, battery, or trim detail for a responsible numeric claim. The card states the limitation instead of inventing data."
13586356,Official figure unavailable: seller did not identify the exact engine/trim,Varies by engine; exact trim not identified,Varies by engine; exact trim not identified,Usually 5–8; exact model/trim not identified,Varies by trim; exact gearbox not identified,Khmer24 listing,https://www.khmer24.com/en/post-adid-13586356,Seller did not identify exact configuration,"The marketplace listing lacks enough model, engine, battery, or trim detail for a responsible numeric claim. The card states the limitation instead of inventing data."
13502625,Range unavailable: seller did not identify the exact battery/model version,N/A (electric),N/A (electric),Usually 4–5; exact model/trim not identified,Single-speed electric drive,Khmer24 listing,https://www.khmer24.com/en/post-adid-13502625,Seller did not identify exact configuration,"The marketplace listing lacks enough model, engine, battery, or trim detail for a responsible numeric claim. The card states the limitation instead of inventing data."
13286567,Official figure unavailable: seller did not identify the exact engine/trim,Varies by engine; exact trim not identified,Varies by engine; exact trim not identified,Usually 5–8; exact model/trim not identified,Varies by trim; exact gearbox not identified,Khmer24 listing,https://www.khmer24.com/en/post-adid-13286567,Seller did not identify exact configuration,"The marketplace listing lacks enough model, engine, battery, or trim detail for a responsible numeric claim. The card states the limitation instead of inventing data."
13694570,20–30 mpg combined (EPA),4 or 6 or 8,2 L or 3 L or 4 L,Usually 2–4; exact model/trim not identified,Automatic 7-spd,U.S. DOE/EPA FuelEconomy.gov,https://www.fueleconomy.gov/feg/Find.do?action=sbs&id=36659&id=36737&id=36738,Exact year/make/model EPA range,"EPA values cover matching U.S.-market configurations. The imported Cambodian trim may use a different engine, transmission, battery, or test cycle."
13311604,16–25 mpg combined (EPA),4 or 8,2.3 L or 5 L or 5.2 L,Usually 2–4; exact model/trim not identified,Automatic (S10) or Manual 6-spd,U.S. DOE/EPA FuelEconomy.gov,https://www.fueleconomy.gov/feg/Find.do?action=sbs&id=39642&id=39643&id=39644,Exact year/make/model EPA range,"EPA values cover matching U.S.-market configurations. The imported Cambodian trim may use a different engine, transmission, battery, or test cycle."
13399417,Official figure unavailable: seller did not identify the exact engine/trim,Varies by engine; exact trim not identified,Varies by engine; exact trim not identified,Usually 2–4; exact model/trim not identified,Varies by trim; exact gearbox not identified,Khmer24 listing,https://www.khmer24.com/en/post-adid-13399417,Seller did not identify exact configuration,"The marketplace listing lacks enough model, engine, battery, or trim detail for a responsible numeric claim. The card states the limitation instead of inventing data."
13664248,19–24 mpg combined (EPA),6 or 8,3 L or 4.4 L,Usually 4–5; exact model/trim not identified,Automatic (S8),U.S. DOE/EPA FuelEconomy.gov,https://www.fueleconomy.gov/feg/Find.do?action=sbs&id=36903&id=36904&id=37165,Exact year/make/model EPA range,"EPA values cover matching U.S.-market configurations. The imported Cambodian trim may use a different engine, transmission, battery, or test cycle."
13719391,15–28 mpg combined (EPA),4 or 6 or 8,1.8 L or 2 L or 3 L or 3.5 L or 4 L or 6.2 L,Usually 2–4; exact model/trim not identified,Automatic 7-spd,U.S. DOE/EPA FuelEconomy.gov,https://www.fueleconomy.gov/feg/Find.do?action=sbs&id=35256&id=35257&id=35290,Exact year/make/model EPA range,"EPA values cover matching U.S.-market configurations. The imported Cambodian trim may use a different engine, transmission, battery, or test cycle."
13567523,9.5–19.4 km/L (official Japanese test cycles; powertrain dependent),4 or 6,"2.4 L, 2.5 L, or 3.5 L",6–8 depending on grade,"Super CVT-i, e-CVT, or 6-speed automatic",Toyota Global Newsroom,https://global.toyota/en/newsroom/toyota/23310520.html,Official manufacturer model-family range,Official Alphard family figures span gasoline and hybrid grades. Confirm the imported vehicle's grade and test cycle.
13776764,18–19 mpg combined (EPA),6,3 L,Usually 5–8; exact model/trim not identified,Automatic 4-spd,U.S. DOE/EPA FuelEconomy.gov,https://www.fueleconomy.gov/feg/Find.do?action=sbs&id=16038&id=16039,Exact year/make/model EPA range,"EPA values cover matching U.S.-market configurations. The imported Cambodian trim may use a different engine, transmission, battery, or test cycle."
13797338,27–30 mpg combined (EPA),4,1.5 L or 2.4 L,Usually 5–8; exact model/trim not identified,Automatic (variable gear ratios),U.S. DOE/EPA FuelEconomy.gov,https://www.fueleconomy.gov/feg/Find.do?action=sbs&id=38448&id=38449&id=38452,Exact year/make/model EPA range,"EPA values cover matching U.S.-market configurations. The imported Cambodian trim may use a different engine, transmission, battery, or test cycle."
13668034,17–23 mpg combined (EPA),4 or 6,2.3 L or 2.7 L or 3 L,5 for double-cab passenger configuration,Automatic (S10),U.S. DOE/EPA FuelEconomy.gov,https://www.fueleconomy.gov/feg/Find.do?action=sbs&id=50095&id=50105&id=50106,Exact year/make/model EPA range,"EPA values cover matching U.S.-market configurations. The imported Cambodian trim may use a different engine, transmission, battery, or test cycle."
13421178,52.3–64.2 UK mpg combined (official Picanto family configurations),3 or 4,1.0 L or 1.25 L,5,"5-speed manual, 4-speed automatic, or 5-speed AMT",Kia Picanto official specification,https://www.kia.com/content/dam/kwcms/kme/uk/en/assets/vehicles/All-New%20Picanto/Specifications/all-new-picanto-specification.PDF,Official manufacturer model-family range,Kia Morning is sold as Picanto in other markets. Figures are a model-family range; confirm the Cambodian import's engine.
13811115,26–28 mpg combined (EPA),4,2.5 L,Usually 4–5; exact model/trim not identified,Automatic (S6),U.S. DOE/EPA FuelEconomy.gov,https://www.fueleconomy.gov/feg/Find.do?action=sbs&id=42366&id=42367&id=42424,Exact year/make/model EPA range,"EPA values cover matching U.S.-market configurations. The imported Cambodian trim may use a different engine, transmission, battery, or test cycle."
13662641,Official figure unavailable: seller did not identify the exact engine/trim,Varies by engine; exact trim not identified,Varies by engine; exact trim not identified,Usually 4–5; exact model/trim not identified,Varies by trim; exact gearbox not identified,Khmer24 listing,https://www.khmer24.com/en/post-adid-13662641,Seller did not identify exact configuration,"The marketplace listing lacks enough model, engine, battery, or trim detail for a responsible numeric claim. The card states the limitation instead of inventing data."
13464819,16–21 mpg combined (EPA),4 or 6,2.5 L or 4 L,Usually 4–5; exact model/trim not identified,Multiple EPA-listed transmissions,U.S. DOE/EPA FuelEconomy.gov,https://www.fueleconomy.gov/feg/Find.do?action=sbs&id=21570&id=21571&id=21572,Exact year/make/model EPA range,"EPA values cover matching U.S.-market configurations. The imported Cambodian trim may use a different engine, transmission, battery, or test cycle."
13292428,28–30 mpg combined (EPA),4,1.8 L,Usually 5–8; exact model/trim not identified,Automatic (AV-S7) or Automatic (variable gear ratios),U.S. DOE/EPA FuelEconomy.gov,https://www.fueleconomy.gov/feg/Find.do?action=sbs&id=40420&id=40421&id=40422,Exact year/make/model EPA range,"EPA values cover matching U.S.-market configurations. The imported Cambodian trim may use a different engine, transmission, battery, or test cycle."
13649035,Official figure unavailable: seller did not identify the exact engine/trim,Varies by engine; exact trim not identified,Varies by engine; exact trim not identified,Usually 2–5; exact cab configuration not identified,Varies by trim; exact gearbox not identified,Khmer24 listing,https://www.khmer24.com/en/post-adid-13649035,Seller did not identify exact configuration,"The marketplace listing lacks enough model, engine, battery, or trim detail for a responsible numeric claim. The card states the limitation instead of inventing data."
13817273,Official figure unavailable: seller did not identify the exact engine/trim,Varies by engine; exact trim not identified,Varies by engine; exact trim not identified,Usually 4–5; exact model/trim not identified,Varies by trim; exact gearbox not identified,Khmer24 listing,https://www.khmer24.com/en/post-adid-13817273,Seller did not identify exact configuration,"The marketplace listing lacks enough model, engine, battery, or trim detail for a responsible numeric claim. The card states the limitation instead of inventing data."
13449825,Official figure unavailable: seller did not identify the exact engine/trim,Varies by engine; exact trim not identified,Varies by engine; exact trim not identified,Usually 4–5; exact model/trim not identified,Varies by trim; exact gearbox not identified,Khmer24 listing,https://www.khmer24.com/en/post-adid-13449825,Seller did not identify exact configuration,"The marketplace listing lacks enough model, engine, battery, or trim detail for a responsible numeric claim. The card states the limitation instead of inventing data."
13456383,Official figure unavailable: seller did not identify the exact engine/trim,Varies by engine; exact trim not identified,Varies by engine; exact trim not identified,Usually 4–5; exact model/trim not identified,Varies by trim; exact gearbox not identified,Khmer24 listing,https://www.khmer24.com/en/post-adid-13456383,Seller did not identify exact configuration,"The marketplace listing lacks enough model, engine, battery, or trim detail for a responsible numeric claim. The card states the limitation instead of inventing data."
13494221,46 mpg combined (EPA),4,1.5 L,Usually 4–5; exact model/trim not identified,Automatic (variable gear ratios),U.S. DOE/EPA FuelEconomy.gov,https://www.fueleconomy.gov/feg/Find.do?action=sbs&id=20934,Exact year/make/model EPA range,"EPA values cover matching U.S.-market configurations. The imported Cambodian trim may use a different engine, transmission, battery, or test cycle."
13799403,Official figure unavailable: seller did not identify the exact engine/trim,Varies by engine; exact trim not identified,Varies by engine; exact trim not identified,Usually 5–11; exact seating layout not identified,Varies by trim; exact gearbox not identified,Khmer24 listing,https://www.khmer24.com/en/post-adid-13799403,Seller did not identify exact configuration,"The marketplace listing lacks enough model, engine, battery, or trim detail for a responsible numeric claim. The card states the limitation instead of inventing data."
13679852,300–380 km NEDC range (sold globally as DOLPHIN MINI),N/A (electric),N/A (electric),4–5 depending on market version,Single-speed electric drive,BYD DOLPHIN MINI official specification,https://www.byd.com/content/dam/byd-site/america-public/flyer/BYD-DOLPHIN-MINI-flyer-ES-20231116.pdf,Official manufacturer model-family range,BYD Seagull is marketed as DOLPHIN MINI in several export markets.
13722313,14–15 mpg combined (EPA),8,4.5 L,Usually 2–4; exact model/trim not identified,Automatic (AM7),U.S. DOE/EPA FuelEconomy.gov,https://www.fueleconomy.gov/feg/Find.do?action=sbs&id=33137&id=33138,Exact year/make/model EPA range,"EPA values cover matching U.S.-market configurations. The imported Cambodian trim may use a different engine, transmission, battery, or test cycle."
13454715,14 mpg combined (EPA),8,4 L,Usually 5–8; exact model/trim not identified,Automatic (S8),U.S. DOE/EPA FuelEconomy.gov,https://www.fueleconomy.gov/feg/Find.do?action=sbs&id=40758,Exact year/make/model EPA range,"EPA values cover matching U.S.-market configurations. The imported Cambodian trim may use a different engine, transmission, battery, or test cycle."
13781066,18 mpg combined (EPA),8,4 L,Usually 4–5; exact model/trim not identified,Automatic (AM-S8),U.S. DOE/EPA FuelEconomy.gov,https://www.fueleconomy.gov/feg/Find.do?action=sbs&id=45860,Exact year/make/model EPA range,"EPA values cover matching U.S.-market configurations. The imported Cambodian trim may use a different engine, transmission, battery, or test cycle."
13602246,Official figure unavailable: seller did not identify the exact engine/trim,Varies by engine; exact trim not identified,Varies by engine; exact trim not identified,Usually 4–5; exact model/trim not identified,Varies by trim; exact gearbox not identified,Khmer24 listing,https://www.khmer24.com/en/post-adid-13602246,Seller did not identify exact configuration,"The marketplace listing lacks enough model, engine, battery, or trim detail for a responsible numeric claim. The card states the limitation instead of inventing data."
13618655,19 mpg combined (EPA),8,3.8 L,2,Automatic 7-spd,U.S. DOE/EPA FuelEconomy.gov,https://www.fueleconomy.gov/feg/Find.do?action=sbs&id=41057&id=42709,Exact year/make/model EPA range,"EPA values cover matching U.S.-market configurations. The imported Cambodian trim may use a different engine, transmission, battery, or test cycle."
13216268,13 mpg combined (EPA),12,6.7 L,Usually 4–5; exact model/trim not identified,Automatic (S6),U.S. DOE/EPA FuelEconomy.gov,https://www.fueleconomy.gov/feg/Find.do?action=sbs&id=20925,Exact year/make/model EPA range,"EPA values cover matching U.S.-market configurations. The imported Cambodian trim may use a different engine, transmission, battery, or test cycle."
13768619,Official figure unavailable: seller did not identify the exact engine/trim,Varies by engine; exact trim not identified,Varies by engine; exact trim not identified,Usually 2–5; exact model/trim not identified,Varies by trim; exact gearbox not identified,Khmer24 listing,https://www.khmer24.com/en/post-adid-13768619,Seller did not identify exact configuration,"The marketplace listing lacks enough model, engine, battery, or trim detail for a responsible numeric claim. The card states the limitation instead of inventing data."
13807278,26–29 mpg combined (EPA),4,2.5 L,Usually 5–8; exact model/trim not identified,Automatic (AV-S7) or Automatic (AV-S8),U.S. DOE/EPA FuelEconomy.gov,https://www.fueleconomy.gov/feg/Find.do?action=sbs&id=44484&id=44485,Exact year/make/model EPA range,"EPA values cover matching U.S.-market configurations. The imported Cambodian trim may use a different engine, transmission, battery, or test cycle."
13736106,Official figure unavailable: seller did not identify the exact engine/trim,Varies by engine; exact trim not identified,Varies by engine; exact trim not identified,Usually 2–5; exact cab configuration not identified,Varies by trim; exact gearbox not identified,Khmer24 listing,https://www.khmer24.com/en/post-adid-13736106,Seller did not identify exact configuration,"The marketplace listing lacks enough model, engine, battery, or trim detail for a responsible numeric claim. The card states the limitation instead of inventing data."
13466636,Official figure unavailable: seller did not identify the exact engine/trim,Varies by engine; exact trim not identified,Varies by engine; exact trim not identified,Usually 4–5; exact model/trim not identified,Varies by trim; exact gearbox not identified,Khmer24 listing,https://www.khmer24.com/en/post-adid-13466636,Seller did not identify exact configuration,"The marketplace listing lacks enough model, engine, battery, or trim detail for a responsible numeric claim. The card states the limitation instead of inventing data."
13605691,24–28 mpg combined (EPA),4,2 L,Usually 5–8; exact model/trim not identified,Automatic (S8),U.S. DOE/EPA FuelEconomy.gov,https://www.fueleconomy.gov/feg/Find.do?action=sbs&id=44205&id=44206&id=44268,Exact year/make/model EPA range,"EPA values cover matching U.S.-market configurations. The imported Cambodian trim may use a different engine, transmission, battery, or test cycle."
13536340,26–28 mpg combined (EPA),4,1.5 L,Usually 4–5; exact model/trim not identified,Automatic 6-spd,U.S. DOE/EPA FuelEconomy.gov,https://www.fueleconomy.gov/feg/Find.do?action=sbs&id=45823&id=45827,Exact year/make/model EPA range,"EPA values cover matching U.S.-market configurations. The imported Cambodian trim may use a different engine, transmission, battery, or test cycle."
13684946,Official figure unavailable: seller did not identify the exact engine/trim,Varies by engine; exact trim not identified,Varies by engine; exact trim not identified,Usually 5–8; exact model/trim not identified,Varies by trim; exact gearbox not identified,Khmer24 listing,https://www.khmer24.com/en/post-adid-13684946,Seller did not identify exact configuration,"The marketplace listing lacks enough model, engine, battery, or trim detail for a responsible numeric claim. The card states the limitation instead of inventing data."
13597304,Official figure unavailable: seller did not identify the exact engine/trim,Varies by engine; exact trim not identified,Varies by engine; exact trim not identified,Usually 2–5; exact cab configuration not identified,Varies by trim; exact gearbox not identified,Khmer24 listing,https://www.khmer24.com/en/post-adid-13597304,Seller did not identify exact configuration,"The marketplace listing lacks enough model, engine, battery, or trim detail for a responsible numeric claim. The card states the limitation instead of inventing data."
13618907,Official figure unavailable: seller did not identify the exact engine/trim,Varies by engine; exact trim not identified,Varies by engine; exact trim not identified,Usually 5–8; exact model/trim not identified,Varies by trim; exact gearbox not identified,Khmer24 listing,https://www.khmer24.com/en/post-adid-13618907,Seller did not identify exact configuration,"The marketplace listing lacks enough model, engine, battery, or trim detail for a responsible numeric claim. The card states the limitation instead of inventing data."
13811910,13–17 mpg combined (EPA),8,6.2 L,Usually 5–8; exact model/trim not identified,Automatic (S10) or Automatic 10-spd,U.S. DOE/EPA FuelEconomy.gov,https://www.fueleconomy.gov/feg/Find.do?action=sbs&id=48556&id=48620&id=48629,Exact year/make/model EPA range,"EPA values cover matching U.S.-market configurations. The imported Cambodian trim may use a different engine, transmission, battery, or test cycle."
13795006,Official figure unavailable: seller did not identify the exact engine/trim,Varies by engine; exact trim not identified,Varies by engine; exact trim not identified,Usually 4–5; exact model/trim not identified,Varies by trim; exact gearbox not identified,Khmer24 listing,https://www.khmer24.com/en/post-adid-13795006,Seller did not identify exact configuration,"The marketplace listing lacks enough model, engine, battery, or trim detail for a responsible numeric claim. The card states the limitation instead of inventing data."
13399307,Official figure unavailable: seller did not identify the exact engine/trim,Varies by engine; exact trim not identified,Varies by engine; exact trim not identified,Usually 4–5; exact model/trim not identified,Varies by trim; exact gearbox not identified,Khmer24 listing,https://www.khmer24.com/en/post-adid-13399307,Seller did not identify exact configuration,"The marketplace listing lacks enough model, engine, battery, or trim detail for a responsible numeric claim. The card states the limitation instead of inventing data."
13558646,Seller advertises 625 km range,N/A (electric),N/A (electric),Usually 4–5; exact model/trim not identified,Single-speed electric drive,Khmer24 listing,https://www.khmer24.com/en/post-adid-13558646,Seller did not identify exact configuration,"The marketplace listing lacks enough model, engine, battery, or trim detail for a responsible numeric claim. The card states the limitation instead of inventing data."
13249528,Official figure unavailable: seller did not identify the exact engine/trim,Varies by engine; exact trim not identified,Varies by engine; exact trim not identified,Usually 5–11; exact seating layout not identified,Varies by trim; exact gearbox not identified,Khmer24 listing,https://www.khmer24.com/en/post-adid-13249528,Seller did not identify exact configuration,"The marketplace listing lacks enough model, engine, battery, or trim detail for a responsible numeric claim. The card states the limitation instead of inventing data."
13821423,535–580 km WLTP range,N/A (electric),N/A (electric),7,Single-speed electric drive,XPENG X9 official configurator,https://store.xpeng.com/au/configurator/New_X9,Official manufacturer model-family range,Official export-market range depends on battery and drive version.
13739360,Up to 380 km CLTC pure-electric range,4,2.0 L turbo gasoline hybrid engine,6,SEA Super Hybrid electric-drive system,ZEEKR 9X official release,https://www.zeekrgroup.com/en/news/202509291,Official manufacturer model-family range,"The 9X is a plug-in hybrid, not a battery-only EV. Official range uses China's CLTC cycle and varies by battery/trim."
13625633,Official figure unavailable: seller did not identify the exact engine/trim,Varies by engine; exact trim not identified,Varies by engine; exact trim not identified,Usually 4–5; exact model/trim not identified,Varies by trim; exact gearbox not identified,Khmer24 listing,https://www.khmer24.com/en/post-adid-13625633,Seller did not identify exact configuration,"The marketplace listing lacks enough model, engine, battery, or trim detail for a responsible numeric claim. The card states the limitation instead of inventing data."
13606169,Official figure unavailable: seller did not identify the exact engine/trim,Varies by engine; exact trim not identified,Varies by engine; exact trim not identified,Usually 5–8; exact model/trim not identified,Varies by trim; exact gearbox not identified,Khmer24 listing,https://www.khmer24.com/en/post-adid-13606169,Seller did not identify exact configuration,"The marketplace listing lacks enough model, engine, battery, or trim detail for a responsible numeric claim. The card states the limitation instead of inventing data."
13563162,Range unavailable: seller did not identify the exact battery/model version,N/A (electric),N/A (electric),Usually 4–5; exact model/trim not identified,Single-speed electric drive,Khmer24 listing,https://www.khmer24.com/en/post-adid-13563162,Seller did not identify exact configuration,"The marketplace listing lacks enough model, engine, battery, or trim detail for a responsible numeric claim. The card states the limitation instead of inventing data."
13663036,Official figure unavailable: seller did not identify the exact engine/trim,Varies by engine; exact trim not identified,Varies by engine; exact trim not identified,Usually 5–8; exact model/trim not identified,Varies by trim; exact gearbox not identified,Khmer24 listing,https://www.khmer24.com/en/post-adid-13663036,Seller did not identify exact configuration,"The marketplace listing lacks enough model, engine, battery, or trim detail for a responsible numeric claim. The card states the limitation instead of inventing data."
13821000,Official figure unavailable: seller did not identify the exact engine/trim,Varies by engine; exact trim not identified,Varies by engine; exact trim not identified,Usually 2–5; exact model/trim not identified,Varies by trim; exact gearbox not identified,Khmer24 listing,https://www.khmer24.com/en/post-adid-13821000,Seller did not identify exact configuration,"The marketplace listing lacks enough model, engine, battery, or trim detail for a responsible numeric claim. The card states the limitation instead of inventing data."
13759861,Official figure unavailable: seller did not identify the exact engine/trim,Varies by engine; exact trim not identified,Varies by engine; exact trim not identified,Usually 2–4; exact model/trim not identified,Varies by trim; exact gearbox not identified,Khmer24 listing,https://www.khmer24.com/en/post-adid-13759861,Seller did not identify exact configuration,"The marketplace listing lacks enough model, engine, battery, or trim detail for a responsible numeric claim. The card states the limitation instead of inventing data."
13500415,20 mpg combined (EPA),6,3 L,Usually 4–5; exact model/trim not identified,Automatic (AM-S8) or Manual 7-spd,U.S. DOE/EPA FuelEconomy.gov,https://www.fueleconomy.gov/feg/Find.do?action=sbs&id=41981&id=41982&id=41983,Exact year/make/model EPA range,"EPA values cover matching U.S.-market configurations. The imported Cambodian trim may use a different engine, transmission, battery, or test cycle."
13734570,Official figure unavailable: seller did not identify the exact engine/trim,Varies by engine; exact trim not identified,Varies by engine; exact trim not identified,Usually 4–5; exact model/trim not identified,Varies by trim; exact gearbox not identified,Khmer24 listing,https://www.khmer24.com/en/post-adid-13734570,Seller did not identify exact configuration,"The marketplace listing lacks enough model, engine, battery, or trim detail for a responsible numeric claim. The card states the limitation instead of inventing data."
13693445,22–27 mpg combined (EPA),4,2 L,Usually 2–4; exact model/trim not identified,Automatic (AM8),U.S. DOE/EPA FuelEconomy.gov,https://www.fueleconomy.gov/feg/Find.do?action=sbs&id=44848&id=44852&id=44855,Exact year/make/model EPA range,"EPA values cover matching U.S.-market configurations. The imported Cambodian trim may use a different engine, transmission, battery, or test cycle."
13582554,46 mpg combined (EPA),4,1.5 L,Usually 4–5; exact model/trim not identified,Automatic (variable gear ratios),U.S. DOE/EPA FuelEconomy.gov,https://www.fueleconomy.gov/feg/Find.do?action=sbs&id=19813,Exact year/make/model EPA range,"EPA values cover matching U.S.-market configurations. The imported Cambodian trim may use a different engine, transmission, battery, or test cycle."
13783562,21–30 mpg combined (EPA),6,3.5 L,Usually 5–8; exact model/trim not identified,Automatic (AV-S6) or Automatic (S8),U.S. DOE/EPA FuelEconomy.gov,https://www.fueleconomy.gov/feg/Find.do?action=sbs&id=44257&id=44262&id=44263,Exact year/make/model EPA range,"EPA values cover matching U.S.-market configurations. The imported Cambodian trim may use a different engine, transmission, battery, or test cycle."
13156300,Official figure unavailable: seller did not identify the exact engine/trim,Varies by engine; exact trim not identified,Varies by engine; exact trim not identified,Usually 4–5; exact model/trim not identified,Varies by trim; exact gearbox not identified,Khmer24 listing,https://www.khmer24.com/en/post-adid-13156300,Seller did not identify exact configuration,"The marketplace listing lacks enough model, engine, battery, or trim detail for a responsible numeric claim. The card states the limitation instead of inventing data."
13719554,19–23 mpg combined (EPA),4,2.3 L,5 for double-cab passenger configuration,Automatic (S10),U.S. DOE/EPA FuelEconomy.gov,https://www.fueleconomy.gov/feg/Find.do?action=sbs&id=46167&id=46168&id=46186,Exact year/make/model EPA range,"EPA values cover matching U.S.-market configurations. The imported Cambodian trim may use a different engine, transmission, battery, or test cycle."
13568370,52.3–64.2 UK mpg combined (official Picanto family configurations),3 or 4,1.0 L or 1.25 L,5,"5-speed manual, 4-speed automatic, or 5-speed AMT",Kia Picanto official specification,https://www.kia.com/content/dam/kwcms/kme/uk/en/assets/vehicles/All-New%20Picanto/Specifications/all-new-picanto-specification.PDF,Official manufacturer model-family range,Kia Morning is sold as Picanto in other markets. Figures are a model-family range; confirm the Cambodian import's engine.
13756108,26–28 mpg combined (EPA),4,2.5 L,Usually 5–8; exact model/trim not identified,Automatic (S6),U.S. DOE/EPA FuelEconomy.gov,https://www.fueleconomy.gov/feg/Find.do?action=sbs&id=39777&id=39781,Exact year/make/model EPA range,"EPA values cover matching U.S.-market configurations. The imported Cambodian trim may use a different engine, transmission, battery, or test cycle."
13753257,19–34 mpg combined (EPA),4 or 6,2.5 L or 3.5 L,Usually 5–8; exact model/trim not identified,Automatic (AM-S6) or Automatic (S8),U.S. DOE/EPA FuelEconomy.gov,https://www.fueleconomy.gov/feg/Find.do?action=sbs&id=49553&id=49554&id=49581,Exact year/make/model EPA range,"EPA values cover matching U.S.-market configurations. The imported Cambodian trim may use a different engine, transmission, battery, or test cycle."
13817657,16–21 mpg combined (EPA),4 or 6,2.5 L or 4 L,Usually 4–5; exact model/trim not identified,Multiple EPA-listed transmissions,U.S. DOE/EPA FuelEconomy.gov,https://www.fueleconomy.gov/feg/Find.do?action=sbs&id=23656&id=23657&id=23658,Exact year/make/model EPA range,"EPA values cover matching U.S.-market configurations. The imported Cambodian trim may use a different engine, transmission, battery, or test cycle."
13752989,Official figure unavailable: seller did not identify the exact engine/trim,Varies by engine; exact trim not identified,Varies by engine; exact trim not identified,Usually 5–8; exact model/trim not identified,Varies by trim; exact gearbox not identified,Khmer24 listing,https://www.khmer24.com/en/post-adid-13752989,Seller did not identify exact configuration,"The marketplace listing lacks enough model, engine, battery, or trim detail for a responsible numeric claim. The card states the limitation instead of inventing data."
13635079,Official figure unavailable: seller did not identify the exact engine/trim,Varies by engine; exact trim not identified,Varies by engine; exact trim not identified,Usually 2–5; exact cab configuration not identified,Varies by trim; exact gearbox not identified,Khmer24 listing,https://www.khmer24.com/en/post-adid-13635079,Seller did not identify exact configuration,"The marketplace listing lacks enough model, engine, battery, or trim detail for a responsible numeric claim. The card states the limitation instead of inventing data."
13732052,Range unavailable: seller did not identify the exact battery/model version,N/A (electric),N/A (electric),Usually 4–5; exact model/trim not identified,Single-speed electric drive,Khmer24 listing,https://www.khmer24.com/en/post-adid-13732052,Seller did not identify exact configuration,"The marketplace listing lacks enough model, engine, battery, or trim detail for a responsible numeric claim. The card states the limitation instead of inventing data."
13497002,Official figure unavailable: seller did not identify the exact engine/trim,Varies by engine; exact trim not identified,Varies by engine; exact trim not identified,Usually 4–5; exact model/trim not identified,Varies by trim; exact gearbox not identified,Khmer24 listing,https://www.khmer24.com/en/post-adid-13497002,Seller did not identify exact configuration,"The marketplace listing lacks enough model, engine, battery, or trim detail for a responsible numeric claim. The card states the limitation instead of inventing data."
13576350,Official figure unavailable: seller did not identify the exact engine/trim,Varies by engine; exact trim not identified,Varies by engine; exact trim not identified,Usually 4–5; exact model/trim not identified,Varies by trim; exact gearbox not identified,Khmer24 listing,https://www.khmer24.com/en/post-adid-13576350,Seller did not identify exact configuration,"The marketplace listing lacks enough model, engine, battery, or trim detail for a responsible numeric claim. The card states the limitation instead of inventing data."
13537629,Official figure unavailable: seller did not identify the exact engine/trim,Varies by engine; exact trim not identified,Varies by engine; exact trim not identified,Usually 4–5; exact model/trim not identified,Varies by trim; exact gearbox not identified,Khmer24 listing,https://www.khmer24.com/en/post-adid-13537629,Seller did not identify exact configuration,"The marketplace listing lacks enough model, engine, battery, or trim detail for a responsible numeric claim. The card states the limitation instead of inventing data."
13514942,Official figure unavailable: seller did not identify the exact engine/trim,Varies by engine; exact trim not identified,Varies by engine; exact trim not identified,Usually 5–11; exact seating layout not identified,Varies by trim; exact gearbox not identified,Khmer24 listing,https://www.khmer24.com/en/post-adid-13514942,Seller did not identify exact configuration,"The marketplace listing lacks enough model, engine, battery, or trim detail for a responsible numeric claim. The card states the limitation instead of inventing data."
13793791,Seller advertises 420 km range,N/A (electric),N/A (electric),Usually 4–5; exact model/trim not identified,Single-speed electric drive,Khmer24 listing,https://www.khmer24.com/en/post-adid-13793791,Seller did not identify exact configuration,"The marketplace listing lacks enough model, engine, battery, or trim detail for a responsible numeric claim. The card states the limitation instead of inventing data."
13640590,18 mpg combined (EPA),8,3.9 L,Usually 2–4; exact model/trim not identified,Automatic (AM7),U.S. DOE/EPA FuelEconomy.gov,https://www.fueleconomy.gov/feg/Find.do?action=sbs&id=37069&id=37070,Exact year/make/model EPA range,"EPA values cover matching U.S.-market configurations. The imported Cambodian trim may use a different engine, transmission, battery, or test cycle."
13744370,14 mpg combined (EPA),8,4 L,Usually 5–8; exact model/trim not identified,Automatic (S8),U.S. DOE/EPA FuelEconomy.gov,https://www.fueleconomy.gov/feg/Find.do?action=sbs&id=40758,Exact year/make/model EPA range,"EPA values cover matching U.S.-market configurations. The imported Cambodian trim may use a different engine, transmission, battery, or test cycle."
13603342,Official figure unavailable: seller did not identify the exact engine/trim,Varies by engine; exact trim not identified,Varies by engine; exact trim not identified,Usually 4–5; exact model/trim not identified,Varies by trim; exact gearbox not identified,Khmer24 listing,https://www.khmer24.com/en/post-adid-13603342,Seller did not identify exact configuration,"The marketplace listing lacks enough model, engine, battery, or trim detail for a responsible numeric claim. The card states the limitation instead of inventing data."
13811134,16 mpg combined (EPA),8,3.8 L,Usually 4–5; exact model/trim not identified,Automatic 8-spd,U.S. DOE/EPA FuelEconomy.gov,https://www.fueleconomy.gov/feg/Find.do?action=sbs&id=35200,Exact year/make/model EPA range,"EPA values cover matching U.S.-market configurations. The imported Cambodian trim may use a different engine, transmission, battery, or test cycle."
13618645,18 mpg combined (EPA),8,4 L,Usually 2–4; exact model/trim not identified,Automatic (AM-S7),U.S. DOE/EPA FuelEconomy.gov,https://www.fueleconomy.gov/feg/Find.do?action=sbs&id=45194,Exact year/make/model EPA range,"EPA values cover matching U.S.-market configurations. The imported Cambodian trim may use a different engine, transmission, battery, or test cycle."
13500642,14 mpg combined (EPA),12,6.7 L,Usually 4–5; exact model/trim not identified,Automatic (S8),U.S. DOE/EPA FuelEconomy.gov,https://www.fueleconomy.gov/feg/Find.do?action=sbs&id=44303&id=44304&id=44305,Exact year/make/model EPA range,"EPA values cover matching U.S.-market configurations. The imported Cambodian trim may use a different engine, transmission, battery, or test cycle."
13728745,Official figure unavailable: seller did not identify the exact engine/trim,Varies by engine; exact trim not identified,Varies by engine; exact trim not identified,Usually 4–5; exact model/trim not identified,Varies by trim; exact gearbox not identified,Khmer24 listing,https://www.khmer24.com/en/post-adid-13728745,Seller did not identify exact configuration,"The marketplace listing lacks enough model, engine, battery, or trim detail for a responsible numeric claim. The card states the limitation instead of inventing data."
13591115,18–24 mpg combined (EPA),4,2 L,Usually 4–5; exact model/trim not identified,Multiple EPA-listed transmissions,U.S. DOE/EPA FuelEconomy.gov,https://www.fueleconomy.gov/feg/Find.do?action=sbs&id=24018&id=24019&id=25164,Exact year/make/model EPA range,"EPA values cover matching U.S.-market configurations. The imported Cambodian trim may use a different engine, transmission, battery, or test cycle."
13586749,Official figure unavailable: seller did not identify the exact engine/trim,Varies by engine; exact trim not identified,Varies by engine; exact trim not identified,Usually 4–5; exact model/trim not identified,Varies by trim; exact gearbox not identified,Khmer24 listing,https://www.khmer24.com/en/post-adid-13586749,Seller did not identify exact configuration,"The marketplace listing lacks enough model, engine, battery, or trim detail for a responsible numeric claim. The card states the limitation instead of inventing data."
13316576,23–26 mpg combined (EPA),4,2 L,Usually 5–8; exact model/trim not identified,Automatic (S8),U.S. DOE/EPA FuelEconomy.gov,https://www.fueleconomy.gov/feg/Find.do?action=sbs&id=38806&id=38807&id=39382,Exact year/make/model EPA range,"EPA values cover matching U.S.-market configurations. The imported Cambodian trim may use a different engine, transmission, battery, or test cycle."
13688550,16–25 mpg combined (EPA),4 or 6 or 8,2 L or 3.6 L or 6.2 L,Usually 2–4; exact model/trim not identified,Multiple EPA-listed transmissions,U.S. DOE/EPA FuelEconomy.gov,https://www.fueleconomy.gov/feg/Find.do?action=sbs&id=40456&id=40457&id=40458,Exact year/make/model EPA range,"EPA values cover matching U.S.-market configurations. The imported Cambodian trim may use a different engine, transmission, battery, or test cycle."
13660693,Official figure unavailable: seller did not identify the exact engine/trim,Varies by engine; exact trim not identified,Varies by engine; exact trim not identified,Usually 4–5; exact model/trim not identified,Varies by trim; exact gearbox not identified,Khmer24 listing,https://www.khmer24.com/en/post-adid-13660693,Seller did not identify exact configuration,"The marketplace listing lacks enough model, engine, battery, or trim detail for a responsible numeric claim. The card states the limitation instead of inventing data."
13423810,Official figure unavailable: seller did not identify the exact engine/trim,Varies by engine; exact trim not identified,Varies by engine; exact trim not identified,Usually 4–5; exact model/trim not identified,Varies by trim; exact gearbox not identified,Khmer24 listing,https://www.khmer24.com/en/post-adid-13423810,Seller did not identify exact configuration,"The marketplace listing lacks enough model, engine, battery, or trim detail for a responsible numeric claim. The card states the limitation instead of inventing data."
13697655,Up to 12.6 km/L combined (official regional NEDC figure),4,1.6 L turbo gasoline family reference,5,6-speed automatic,Peugeot 3008 official brochure,https://ksa.peugeot.com/content/dam/peugeot/saudi_arabia/brochure/PEUGEOT-Passenger-CAR-Brochure-3008_eng.pdf,Official manufacturer model-family range,Official regional specifications; earlier model years and imported engines can differ.
13671338,17 mpg combined (EPA),8,6.2 L,Usually 5–8; exact model/trim not identified,Automatic 8-spd,U.S. DOE/EPA FuelEconomy.gov,https://www.fueleconomy.gov/feg/Find.do?action=sbs&id=36691&id=36698,Exact year/make/model EPA range,"EPA values cover matching U.S.-market configurations. The imported Cambodian trim may use a different engine, transmission, battery, or test cycle."
13606740,Official figure unavailable: seller did not identify the exact engine/trim,Varies by engine; exact trim not identified,Varies by engine; exact trim not identified,Usually 4–5; exact model/trim not identified,Varies by trim; exact gearbox not identified,Khmer24 listing,https://www.khmer24.com/en/post-adid-13606740,Seller did not identify exact configuration,"The marketplace listing lacks enough model, engine, battery, or trim detail for a responsible numeric claim. The card states the limitation instead of inventing data."
13772855,Official figure unavailable: seller did not identify the exact engine/trim,Varies by engine; exact trim not identified,Varies by engine; exact trim not identified,Usually 4–5; exact model/trim not identified,Varies by trim; exact gearbox not identified,Khmer24 listing,https://www.khmer24.com/en/post-adid-13772855,Seller did not identify exact configuration,"The marketplace listing lacks enough model, engine, battery, or trim detail for a responsible numeric claim. The card states the limitation instead of inventing data."
13572494,Seller advertises 600 km range,N/A (electric),N/A (electric),Usually 4–5; exact model/trim not identified,Single-speed electric drive,Khmer24 listing,https://www.khmer24.com/en/post-adid-13572494,Seller did not identify exact configuration,"The marketplace listing lacks enough model, engine, battery, or trim detail for a responsible numeric claim. The card states the limitation instead of inventing data."
13244661,Seller advertises 620 km range,N/A (electric),N/A (electric),Usually 5–11; exact seating layout not identified,Single-speed electric drive,Khmer24 listing,https://www.khmer24.com/en/post-adid-13244661,Seller did not identify exact configuration,"The marketplace listing lacks enough model, engine, battery, or trim detail for a responsible numeric claim. The card states the limitation instead of inventing data."
13712054,Seller advertises 820 km range,N/A (electric),N/A (electric),Usually 4–5; exact model/trim not identified,Single-speed electric drive,Khmer24 listing,https://www.khmer24.com/en/post-adid-13712054,Seller did not identify exact configuration,"The marketplace listing lacks enough model, engine, battery, or trim detail for a responsible numeric claim. The card states the limitation instead of inventing data."
13554143,Up to 380 km CLTC pure-electric range,4,2.0 L turbo gasoline hybrid engine,6,SEA Super Hybrid electric-drive system,ZEEKR 9X official release,https://www.zeekrgroup.com/en/news/202509291,Official manufacturer model-family range,"The 9X is a plug-in hybrid, not a battery-only EV. Official range uses China's CLTC cycle and varies by battery/trim."
